Date,open,high,low,close,open_binned,high_binned,low_binned,close_binned,volume_binned,quote_asset_volume_binned,num_trades_binned,taker_buy_base_asset_volume_binned,taker_buy_quote_asset_volume_binned,MA_20_binned,EMA_20_binned,BBL_20_2.0_binned,BBM_20_2.0_binned,BBU_20_2.0_binned,BBB_20_2.0_binned,BBP_20_2.0_binned,RSI_14_binned,MACD_12_26_9_binned,MACDs_12_26_9_binned,MACDh_12_26_9_binned,ATR_14_binned,Return_binned,High_Low_binned,Open_Close_binned,UpperShadow_binned,LowerShadow_binned,Hour_binned,Weekday_binned,Volume_MA20_binned,Volume_Change_binned,VWAP_binned,VWAP_20_binned
2025-07-26 08:00:00,117304.47,118217.45,117304.46,117776.11,0,0,0,0,2,2,2,3,3,,0,,,,,,,0,0,0,,,3,4,4,0,1,5,,,0,
2025-07-26 12:00:00,117776.1,118220.0,117772.13,118130.1,0,0,0,1,2,2,2,2,2,,0,,,,,,,1,0,2,,3.0,1,3,1,0,2,5,,1.0,0,
2025-07-26 16:00:00,118130.1,118297.35,117941.96,118232.11,2,1,2,2,1,1,0,1,1,,1,,,,,,,2,2,2,,2.0,0,2,0,3,3,5,,0.0,0,
2025-07-26 20:00:00,118232.11,118276.66,117883.86,117919.99,3,0,1,0,0,0,0,0,0,,0,,,,,,,0,0,0,,0.0,0,0,0,1,4,5,,1.0,1,
2025-07-27 00:00:00,117919.99,118358.18,117825.5,118182.83,0,2,0,2,1,1,1,1,1,,1,,,,,,,2,1,1,,2.0,2,2,1,2,0,6,,3.0,1,
2025-07-27 04:00:00,118182.83,118438.83,118066.74,118095.95,2,2,3,1,0,0,0,0,0,,2,,,,,,,1,2,1,,1.0,0,1,2,1,0,6,,0.0,2,
2025-07-27 08:00:00,118095.95,118292.86,117859.98,118072.71,1,1,1,0,0,0,1,0,0,,2,,,,,,,0,1,0,,1.0,1,1,2,4,1,6,,2.0,2,
2025-07-27 12:00:00,118072.71,118588.0,117890.0,118585.74,1,3,2,3,3,3,3,4,4,,3,,,,,,,3,3,3,,4.0,2,4,0,3,2,6,,4.0,3,
2025-07-27 16:00:00,118585.75,119540.01,118585.75,118960.0,3,3,3,4,4,4,4,4,4,,3,,,,,,,3,3,3,,3.0,4,3,4,0,3,6,,4.0,3,
2025-07-27 20:00:00,118960.01,119766.65,118713.74,119415.55,4,4,4,4,3,3,3,2,2,,4,,,,,,,4,4,4,,4.0,4,4,3,4,4,6,,0.0,4,
2025-07-28 00:00:00,119415.56,119800.0,118960.5,119287.99,4,4,4,4,4,4,4,3,3,,4,,,,,,,4,4,4,,0.0,3,0,3,4,0,0,,2.0,4,
2025-07-28 04:00:00,119287.99,119701.07,118774.31,118900.0,4,4,4,3,4,4,4,4,4,,4,,,,,,,4,4,4,,0.0,4,0,4,2,0,0,,3.0,4,
2025-07-28 08:00:00,118900.01,119102.69,118475.47,118827.49,4,4,4,4,2,2,0,3,3,,4,,,,,,,4,4,4,,1.0,0,1,2,1,1,0,,2.0,4,
2025-07-28 12:00:00,118827.49,119093.68,117895.73,118174.9,4,4,3,3,4,4,4,4,4,,4,,,,,,3.0,4,4,3,0.0,0.0,4,0,3,0,2,0,,4.0,4,
2025-07-28 16:00:00,118174.89,118376.61,117427.5,118068.73,2,1,1,1,3,3,3,2,2,,3,,,,,,2.0,3,4,2,0.0,1.0,3,1,1,4,3,0,,0.0,4,
2025-07-28 20:00:00,118068.73,118350.01,117500.09,118062.32,1,1,2,1,0,0,1,0,0,,2,,,,,,2.0,2,3,1,0.0,2.0,1,2,3,4,4,0,,0.0,2,
2025-07-29 00:00:00,118062.32,118800.0,117450.0,118764.85,1,2,2,4,2,2,3,1,1,,2,,,,,,4.0,2,3,3,1.0,4.0,4,4,0,4,0,3,,4.0,2,
2025-07-29 04:00:00,118764.85,119273.36,118416.66,118882.37,3,4,4,4,4,4,2,4,4,,3,,,,,,4.0,4,2,4,1.0,3.0,1,3,4,0,0,3,,3.0,3,
2025-07-29 08:00:00,118882.37,119051.0,118160.87,118592.38,4,3,4,3,1,1,2,2,2,,4,,,,,,3.0,3,2,4,2.0,0.0,2,0,1,2,1,3,,2.0,3,
2025-07-29 12:00:00,118592.38,119080.81,117272.0,117400.01,3,3,0,0,4,4,4,4,4,4.0,1,4.0,4.0,0.0,0.0,0.0,0.0,1,1,0,2.0,0.0,4,0,4,0,2,3,0.0,4.0,1,4.0
2025-07-29 16:00:00,117400.02,118057.05,116950.75,117525.29,0,0,0,0,3,3,4,3,3,3.0,1,3.0,3.0,2.0,1.0,1.0,1.0,1,1,0,3.0,3.0,3,3,4,2,3,3,1.0,0.0,1,3.0
2025-07-29 20:00:00,117525.28,118000.0,117094.96,117950.76,0,0,0,0,1,1,1,1,1,1.0,0,1.0,1.0,4.0,2.0,2.0,1.0,0,0,0,4.0,4.0,2,4,0,1,4,3,2.0,1.0,0,2.0
2025-07-30 00:00:00,117950.75,118250.0,117412.53,118161.87,0,0,1,2,0,0,0,0,0,0.0,0,0.0,0.0,3.0,4.0,4.0,0.0,0,0,1,4.0,4.0,0,4,0,3,0,6,3.0,1.0,0,1.0
2025-07-30 04:00:00,118161.86,118412.11,117667.33,118123.01,2,2,3,2,0,0,0,0,0,2.0,0,2.0,2.0,1.0,3.0,3.0,0.0,0,0,2,3.0,2.0,0,2,2,3,0,6,4.0,3.0,0,0.0
2025-07-30 08:00:00,118123.0,118481.81,117358.84,117579.99,3,2,2,2,1,1,1,2,2,4.0,4,4.0,4.0,2.0,2.0,2.0,0.0,2,4,2,0.0,1.0,2,1,4,2,1,0,0.0,4.0,4,4.0
2025-07-30 12:00:00,117579.99,118792.0,117358.84,118000.01,1,4,2,3,3,3,4,3,3,4.0,4,4.0,4.0,2.0,3.0,3.0,2.0,3,4,2,0.0,4.0,3,4,4,2,2,0,0.0,4.0,4,4.0
2025-07-30 16:00:00,118000.01,118037.18,115796.23,116916.73,2,1,1,1,4,4,4,4,4,4.0,2,2.0,4.0,4.0,1.0,1.0,0.0,1,2,1,4.0,0.0,4,0,0,4,3,0,3.0,3.0,2,4.0
2025-07-30 20:00:00,116916.73,117908.4,116880.64,117840.3,1,1,2,2,0,0,0,0,0,3.0,1,1.0,3.0,3.0,2.0,2.0,4.0,1,1,1,3.0,4.0,1,4,0,0,4,0,2.0,0.0,1,3.0
2025-07-31 00:00:00,117840.29,118600.0,117781.87,118466.14,2,2,3,4,1,1,1,1,1,3.0,2,2.0,3.0,3.0,4.0,4.0,4.0,2,1,3,2.0,4.0,0,4,1,0,0,3,1.0,3.0,2,3.0
2025-07-31 04:00:00,118466.15,118922.45,118287.63,118665.97,4,4,4,4,0,0,0,0,0,2.0,3,3.0,2.0,1.0,4.0,4.0,4.0,4,2,4,1.0,3.0,0,3,2,1,0,3,1.0,1.0,3,2.0
2025-07-31 08:00:00,118665.98,118770.07,118278.91,118371.25,4,3,4,4,0,0,0,0,0,2.0,3,3.0,2.0,0.0,4.0,4.0,3.0,4,3,4,0.0,2.0,0,2,0,1,1,3,0.0,0.0,3,2.0
2025-07-31 12:00:00,118371.25,118702.1,117807.35,118306.18,4,3,4,3,2,2,3,3,3,1.0,4,4.0,1.0,0.0,3.0,3.0,3.0,4,4,4,1.0,3.0,1,3,3,4,2,3,2.0,4.0,4,1.0
2025-07-31 16:00:00,118306.18,118879.14,116763.43,116785.79,3,4,1,1,4,4,3,4,4,1.0,1,1.0,1.0,0.0,1.0,1.0,1.0,3,3,3,3.0,0.0,4,0,4,0,3,3,3.0,2.0,1,1.0
2025-07-31 20:00:00,116785.78,116990.04,115500.0,115764.08,0,0,0,0,3,3,2,2,2,0.0,0,0.0,0.0,1.0,0.0,0.0,2.0,0,0,0,2.0,0.0,3,0,1,3,4,3,4.0,1.0,0,0.0
2025-08-01 00:00:00,115764.07,116052.0,114313.13,115648.03,0,0,0,0,4,4,4,4,4,0.0,0,0.0,0.0,4.0,0.0,0.0,1.0,0,0,0,4.0,2.0,4,2,3,4,0,6,4.0,2.0,0,0.0
2025-08-01 04:00:00,115648.03,115916.43,114633.18,115081.77,0,0,0,0,2,2,2,1,1,0.0,0,0.0,0.0,4.0,0.0,0.0,0.0,0,0,0,4.0,1.0,2,1,2,3,0,6,4.0,0.0,0,0.0
2025-08-01 08:00:00,115081.76,115340.0,114116.0,115305.65,4,4,4,4,3,3,3,3,3,4.0,4,4.0,4.0,1.0,0.0,0.0,3.0,4,4,2,0.0,3.0,2,3,1,4,1,0,0.0,3.0,4,4.0
2025-08-01 12:00:00,115305.64,116019.3,113988.47,115357.82,4,4,4,4,4,4,4,4,4,4.0,4,4.0,4.0,0.0,1.0,1.0,4.0,4,4,2,2.0,2.0,4,2,4,4,2,0,1.0,4.0,4,4.0
2025-08-01 16:00:00,115357.82,115695.52,113221.93,113328.68,4,4,2,1,4,4,4,4,4,4.0,4,4.0,4.0,3.0,0.0,0.0,2.0,4,4,0,4.0,0.0,4,0,3,0,3,0,4.0,1.0,4,4.0
2025-08-01 20:00:00,113328.67,114094.08,112722.58,113297.93,1,3,1,1,3,3,3,4,4,3.0,3,3.0,3.0,4.0,0.0,0.0,1.0,3,3,0,4.0,1.0,3,1,4,3,4,0,4.0,2.0,3,3.0
2025-08-02 00:00:00,113297.92,113921.94,113198.63,113909.86,1,2,2,3,0,0,1,0,0,3.0,3,3.0,3.0,4.0,2.0,2.0,4.0,3,3,0,2.0,4.0,1,4,0,0,0,3,3.0,0.0,3,3.0
2025-08-02 04:00:00,113909.87,114063.49,113469.43,113982.49,3,3,4,4,1,1,0,1,1,2.0,2,2.0,2.0,4.0,3.0,3.0,2.0,2,2,1,1.0,2.0,0,2,2,3,0,3,2.0,3.0,2,2.0
2025-08-02 08:00:00,113982.49,114040.29,113425.58,113787.12,3,2,3,3,0,0,0,0,0,2.0,2,2.0,2.0,3.0,4.0,4.0,1.0,2,2,3,0.0,1.0,0,1,1,2,1,3,1.0,1.0,2,2.0
2025-08-02 12:00:00,113787.11,113787.12,112802.31,112840.71,2,1,1,0,1,1,1,1,1,1.0,1,1.0,1.0,2.0,2.0,2.0,0.0,1,1,3,1.0,0.0,1,0,0,0,2,3,3.0,4.0,1,1.0
2025-08-02 16:00:00,112840.7,113420.0,112003.0,112229.42,0,0,0,0,4,4,4,3,3,1.0,1,1.0,1.0,2.0,1.0,1.0,0.0,0,1,1,3.0,0.0,3,0,4,1,3,3,4.0,4.0,1,1.0
2025-08-02 20:00:00,112229.42,113058.82,112069.86,112546.35,0,0,0,0,2,2,2,2,2,0.0,0,0.0,0.0,1.0,3.0,3.0,0.0,0,0,4,4.0,4.0,2,4,3,1,4,3,2.0,0.0,0,0.0
2025-08-03 00:00:00,112546.35,113740.69,111920.0,113604.2,0,1,0,2,2,2,2,2,2,0.0,0,0.0,0.0,0.0,4.0,4.0,3.0,0,0,4,3.0,4.0,4,4,2,4,0,6,0.0,2.0,0,0.0
2025-08-03 04:00:00,113604.2,113720.16,113341.06,113700.0,2,0,3,2,0,0,0,0,0,0.0,0,0.0,0.0,0.0,4.0,4.0,4.0,1,0,4,0.0,3.0,0,3,0,2,0,6,0.0,0.0,0,0.0
2025-08-03 08:00:00,113700.0,114260.31,113551.0,113862.18,0,0,0,0,2,2,0,3,3,4.0,4,0.0,4.0,4.0,0.0,0.0,0.0,0,0,0,4.0,3.0,1,3,3,1,1,6,4.0,4.0,4,4.0
2025-08-03 12:00:00,113862.19,114098.45,113579.69,113959.06,0,0,0,0,0,0,2,1,1,4.0,2,0.0,4.0,4.0,0.0,0.0,0.0,0,0,0,4.0,2.0,0,2,1,4,2,6,4.0,1.0,4,4.0
2025-08-03 16:00:00,113959.06,114799.97,113775.55,114313.19,0,2,1,2,2,2,1,2,2,4.0,0,0.0,4.0,4.0,0.0,0.0,1.0,0,0,0,4.0,4.0,4,4,4,2,3,6,4.0,2.0,4,4.0
2025-08-03 20:00:00,114313.19,114612.24,114066.56,114208.8,2,1,1,1,0,0,0,0,0,3.0,0,1.0,3.0,3.0,1.0,1.0,0.0,1,1,1,3.0,1.0,0,1,2,1,4,6,3.0,0.0,3,3.0
2025-08-04 00:00:00,114208.81,115000.0,114107.6,114570.61,1,3,2,3,3,3,4,3,3,3.0,0,1.0,3.0,3.0,2.0,2.0,3.0,1,1,2,2.0,4.0,3,4,3,0,0,0,3.0,4.0,3,3.0
2025-08-04 04:00:00,114570.61,114778.5,114148.58,114652.97,3,2,3,3,1,1,0,1,1,2.0,1,2.0,2.0,2.0,3.0,3.0,3.0,2,2,3,0.0,2.0,1,2,0,4,0,0,2.0,1.0,2,2.0
2025-08-04 08:00:00,114652.98,114750.0,114217.97,114493.09,3,1,3,2,1,1,1,0,0,1.0,1,2.0,1.0,2.0,3.0,3.0,1.0,2,2,3,0.0,0.0,0,0,0,3,1,0,2.0,2.0,2,2.0
2025-08-04 12:00:00,114493.09,115466.0,114121.0,114826.0,2,4,2,4,4,4,4,4,4,0.0,3,3.0,0.0,1.0,4.0,4.0,2.0,3,3,4,1.0,4.0,4,4,4,4,2,0,1.0,4.0,1,1.0
2025-08-04 16:00:00,114826.01,115720.0,114732.65,114777.62,4,4,4,4,4,4,4,4,4,0.0,3,3.0,0.0,1.0,4.0,4.0,2.0,3,3,4,3.0,1.0,4,1,4,0,3,0,1.0,0.0,1,1.0
2025-08-04 20:00:00,114777.62,115340.0,114616.33,115055.03,4,4,4,4,0,0,3,0,0,0.0,4,4.0,0.0,0.0,4.0,4.0,4.0,4,4,4,2.0,3.0,2,3,2,2,4,0,0.0,0.0,0,0.0
2025-08-05 00:00:00,115055.03,115127.81,114256.85,114256.85,4,3,4,1,3,3,3,2,2,1.0,4,4.0,1.0,0.0,2.0,2.0,4.0,4,4,2,1.0,0.0,3,0,0,0,0,1,0.0,3.0,0,0.0
2025-08-05 04:00:00,114256.85,114500.66,113725.72,113969.7,1,0,0,0,4,4,2,4,4,2.0,2,4.0,2.0,0.0,1.0,1.0,4.0,4,4,1,0.0,0.0,2,0,1,3,0,1,0.0,3.0,0,0.0
2025-08-05 08:00:00,113969.7,115096.73,113928.87,114827.07,1,3,3,3,3,3,3,4,4,0.0,4,0.0,0.0,2.0,4.0,4.0,4.0,2,0,4,0.0,4.0,4,4,4,0,1,0,1.0,1.0,4,1.0
2025-08-05 12:00:00,114827.07,114893.13,112650.0,112934.0,3,2,0,0,4,4,4,4,4,0.0,2,0.0,0.0,3.0,0.0,0.0,0.0,0,0,1,0.0,0.0,4,0,0,2,2,0,4.0,4.0,4,0.0
2025-08-05 16:00:00,112934.0,113763.27,112815.68,113616.52,0,0,0,0,2,2,4,2,2,0.0,1,0.0,0.0,3.0,0.0,0.0,1.0,0,0,0,0.0,3.0,3,3,2,0,3,0,4.0,0.0,4,0.0
2025-08-05 20:00:00,113616.51,114228.88,113304.0,114129.75,0,0,0,1,0,0,1,0,0,1.0,1,1.0,1.0,1.0,2.0,2.0,3.0,1,1,0,1.0,3.0,2,3,1,3,4,0,4.0,1.0,3,0.0
2025-08-06 00:00:00,114129.75,114139.38,113400.0,113509.97,1,0,1,0,0,0,2,0,0,1.0,0,1.0,1.0,0.0,0.0,0.0,0.0,0,1,0,1.0,0.0,1,0,0,0,0,3,0.0,3.0,3,1.0
2025-08-06 04:00:00,113509.98,114417.02,113355.13,114227.91,0,1,1,2,3,3,2,3,3,2.0,0,2.0,2.0,0.0,1.0,1.0,2.0,1,2,1,2.0,4.0,3,4,3,1,0,3,0.0,3.0,2,2.0
2025-08-06 08:00:00,114227.9,114404.23,113727.57,114226.69,2,1,2,1,1,1,1,2,2,2.0,0,3.0,2.0,0.0,1.0,1.0,0.0,2,2,2,2.0,2.0,0,2,3,4,1,3,0.0,2.0,2,2.0
2025-08-06 12:00:00,114226.68,115515.09,113579.9,115413.87,2,4,2,4,4,4,4,4,4,3.0,2,2.0,3.0,1.0,4.0,4.0,4.0,3,3,3,4.0,4.0,4,4,2,4,2,3,1.0,4.0,1,3.0
2025-08-06 16:00:00,115413.87,115716.0,114942.18,115259.99,4,4,4,4,4,4,3,3,3,3.0,3,3.0,3.0,2.0,4.0,4.0,4.0,3,3,4,4.0,1.0,1,1,4,4,3,3,3.0,0.0,1,3.0
2025-08-06 20:00:00,115260.0,115260.0,114793.01,114992.27,4,4,4,4,0,0,0,0,0,4.0,3,4.0,4.0,4.0,3.0,3.0,3.0,4,4,4,4.0,1.0,0,1,0,2,4,3,2.0,0.0,0,4.0
2025-08-07 00:00:00,114992.27,115185.58,114404.22,114546.03,4,3,4,2,1,1,0,1,1,4.0,4,4.0,4.0,4.0,2.0,2.0,2.0,4,4,3,3.0,0.0,2,0,4,1,0,6,2.0,4.0,0,4.0
2025-08-07 04:00:00,114546.03,114876.79,114259.0,114787.99,3,2,3,3,2,2,0,1,1,4.0,4,4.0,4.0,4.0,3.0,3.0,1.0,4,4,2,3.0,2.0,0,2,1,3,0,6,3.0,2.0,0,4.0
2025-08-07 08:00:00,114787.99,116828.93,114787.98,116519.53,0,0,0,1,4,4,3,4,4,0.0,0,3.0,0.0,0.0,4.0,4.0,0.0,0,0,2,4.0,4.0,4,4,4,0,1,0,0.0,4.0,0,0.0
2025-08-07 12:00:00,116519.54,116791.11,116035.84,116689.81,1,0,1,2,4,4,4,4,4,0.0,0,3.0,0.0,0.0,4.0,4.0,1.0,0,0,3,4.0,2.0,2,2,1,4,2,0,1.0,1.0,0,0.0
2025-08-07 16:00:00,116689.8,117520.0,115632.31,117461.98,2,4,0,4,4,4,4,4,4,0.0,0,2.0,0.0,0.0,4.0,4.0,1.0,0,0,4,4.0,4.0,4,4,0,4,3,0,4.0,2.0,0,0.0
2025-08-07 20:00:00,117461.99,117621.0,117012.0,117472.01,4,4,4,4,2,2,2,1,1,1.0,1,1.0,1.0,1.0,3.0,3.0,4.0,3,1,4,3.0,1.0,1,1,1,3,4,0,2.0,0.0,1,1.0
2025-08-08 00:00:00,117472.02,117630.0,116694.28,116737.35,4,4,4,2,3,3,3,2,2,1.0,1,0.0,1.0,1.0,3.0,3.0,4.0,4,1,4,2.0,0.0,3,0,2,0,0,3,2.0,3.0,1,1.0
2025-08-08 04:00:00,116737.34,116973.3,116401.0,116817.19,3,2,4,3,1,1,0,1,1,2.0,2,0.0,2.0,2.0,2.0,2.0,3.0,4,2,3,1.0,2.0,0,2,2,3,0,3,3.0,0.0,2,2.0
2025-08-08 08:00:00,116817.2,116914.6,116317.08,116891.51,3,1,2,4,0,0,1,0,0,2.0,2,0.0,2.0,2.0,2.0,2.0,4.0,4,2,2,1.0,1.0,0,1,0,4,1,3,3.0,2.0,2,2.0
2025-08-08 12:00:00,116891.51,117271.73,115878.71,116207.69,4,3,0,0,3,3,4,3,3,3.0,3,1.0,3.0,3.0,0.0,0.0,2.0,3,3,1,2.0,0.0,4,0,4,2,2,3,4.0,4.0,3,3.0
2025-08-08 16:00:00,116207.7,116900.0,116006.14,116453.41,0,1,1,0,1,1,2,2,2,3.0,3,2.0,3.0,4.0,0.0,0.0,3.0,2,3,1,3.0,3.0,3,3,4,2,3,3,4.0,1.0,3,3.0
2025-08-08 20:00:00,116453.41,116980.0,116319.06,116674.74,1,2,3,1,0,0,0,0,0,4.0,4,4.0,4.0,4.0,1.0,1.0,0.0,2,4,0,0.0,3.0,2,3,3,1,4,3,0.0,0.0,4,4.0
2025-08-09 00:00:00,116674.74,116750.0,116299.13,116384.01,2,0,2,0,0,0,0,0,0,4.0,4,4.0,4.0,3.0,0.0,0.0,0.0,1,4,0,0.0,0.0,0,0,0,1,0,6,0.0,3.0,4,4.0
2025-08-09 04:00:00,116384.01,116980.0,116339.45,116756.01,0,2,3,3,2,2,1,3,3,4.0,4,4.0,4.0,4.0,1.0,1.0,2.0,1,4,0,0.0,4.0,1,4,3,0,0,6,1.0,4.0,4,4.0
2025-08-09 08:00:00,116756.0,117944.05,116756.0,117110.0,0,1,1,1,2,2,2,2,2,0.0,0,0.0,0.0,1.0,1.0,1.0,3.0,1,0,1,4.0,2.0,3,2,4,0,1,5,1.0,2.0,0,0.0
2025-08-09 12:00:00,117110.0,117238.04,116700.01,116892.47,1,0,1,0,0,0,1,0,0,0.0,0,0.0,0.0,0.0,0.0,0.0,3.0,0,1,0,3.0,0.0,0,0,1,2,2,5,0.0,0.0,0,0.0
2025-08-09 16:00:00,116892.48,116947.16,116500.0,116535.69,1,0,0,0,0,0,0,0,0,0.0,0,1.0,0.0,0.0,0.0,0.0,0.0,0,0,0,0.0,0.0,0,0,0,0,3,5,0.0,2.0,0,0.0
2025-08-09 20:00:00,116535.68,117021.16,116359.89,116462.25,0,0,0,0,1,1,0,1,1,1.0,1,2.0,1.0,0.0,0.0,0.0,0.0,0,0,0,0.0,2.0,1,2,4,2,4,5,0.0,3.0,1,1.0
2025-08-10 00:00:00,116462.25,118500.0,116460.63,118500.0,0,1,0,2,4,4,4,4,4,1.0,1,1.0,1.0,1.0,3.0,3.0,1.0,1,1,1,0.0,4.0,4,4,0,0,0,6,1.0,4.0,1,1.0
2025-08-10 04:00:00,118500.0,118741.77,117466.34,117808.3,3,2,2,1,2,2,3,2,2,2.0,2,3.0,2.0,2.0,1.0,1.0,0.0,2,2,2,1.0,0.0,4,0,2,4,0,6,3.0,1.0,2,2.0
2025-08-10 08:00:00,117808.29,118500.0,117608.01,118330.58,2,1,2,2,1,1,1,1,1,2.0,2,3.0,2.0,2.0,2.0,2.0,1.0,2,2,2,1.0,3.0,2,3,2,3,1,6,3.0,1.0,2,2.0
2025-08-10 12:00:00,118330.58,119113.94,118232.0,118815.0,2,3,3,3,3,3,3,3,3,3.0,3,4.0,3.0,3.0,4.0,4.0,2.0,3,3,3,3.0,3.0,2,3,3,1,2,6,4.0,3.0,3,3.0
2025-08-10 16:00:00,118815.0,118944.24,118433.8,118663.08,4,3,4,3,0,0,0,0,0,3.0,3,4.0,3.0,3.0,2.0,2.0,2.0,3,3,3,2.0,1.0,0,1,1,3,3,6,2.0,0.0,3,3.0
2025-08-10 20:00:00,118663.09,119311.11,118074.99,119294.01,3,4,3,4,3,3,2,3,3,4.0,4,4.0,4.0,4.0,3.0,3.0,4.0,4,4,4,2.0,4.0,3,4,0,4,4,6,2.0,4.0,4,4.0
2025-08-11 00:00:00,119294.27,122164.07,118972.59,121728.99,4,4,4,4,4,4,4,4,4,4.0,4,2.0,4.0,4.0,4.0,4.0,4.0,4,4,4,4.0,4.0,4,4,3,4,0,0,4.0,4.0,4,4.0
2025-08-11 04:00:00,121729.0,122335.16,121466.08,121537.15,4,4,4,4,4,4,4,4,4,4.0,4,0.0,4.0,4.0,4.0,4.0,4.0,4,4,4,4.0,1.0,1,1,4,1,0,0,4.0,0.0,4,4.0
2025-08-11 08:00:00,121537.14,121823.0,120286.4,120561.54,4,4,4,4,4,4,4,4,4,0.0,0,0.0,0.0,0.0,4.0,4.0,4.0,4,2,4,0.0,0.0,4,0,4,1,1,0,0.0,3.0,0,0.0
2025-08-11 12:00:00,120561.53,120667.54,119382.91,120314.4,4,4,4,4,4,4,4,4,4,0.0,0,0.0,0.0,0.0,4.0,4.0,4.0,4,3,4,0.0,2.0,3,2,1,4,2,0,0.0,4.0,0,0.0
2025-08-11 16:00:00,120314.4,120794.05,118604.17,119089.3,4,4,2,1,3,3,3,1,1,0.0,0,0.0,0.0,2.0,3.0,3.0,2.0,4,4,4,1.0,0.0,4,0,4,3,3,0,1.0,0.0,0,0.0
2025-08-11 20:00:00,119089.3,119172.63,118050.11,118686.0,1,0,0,0,1,0,2,0,0,1.0,1,1.0,1.0,2.0,1.0,1.0,2.0,3,4,3,3.0,1.0,3,1,1,4,4,0,0.0,1.0,1,1.0
2025-08-12 00:00:00,118686.0,119275.46,118593.39,118857.7,0,1,1,0,0,0,0,0,0,1.0,1,1.0,1.0,3.0,1.0,1.0,3.0,3,4,3,4.0,4.0,0,4,4,0,0,3,1.0,1.0,1,1.0
2025-08-12 04:00:00,118857.7,119158.06,118424.86,118986.72,0,0,1,1,3,3,0,3,3,2.0,2,2.0,2.0,3.0,2.0,2.0,4.0,2,3,0,4.0,3.0,0,3,2,2,0,3,2.0,4.0,2,2.0
2025-08-12 08:00:00,118986.73,119058.43,118207.47,118522.22,1,0,0,0,2,2,0,3,3,2.0,2,2.0,2.0,1.0,0.0,0.0,0.0,1,2,0,0.0,1.0,1,1,0,1,1,3,2.0,0.0,2,2.0
2025-08-12 12:00:00,118522.22,119960.0,118285.0,119933.0,0,2,0,3,4,4,4,4,4,3.0,3,3.0,3.0,4.0,4.0,4.0,3.0,2,1,0,1.0,4.0,4,4,0,0,2,3,3.0,4.0,3,3.0
2025-08-12 16:00:00,119933.0,120192.1,119172.62,119665.27,3,2,3,3,0,1,3,2,2,3.0,3,3.0,3.0,4.0,2.0,2.0,1.0,0,1,1,2.0,2.0,2,2,3,3,3,3,3.0,0.0,3,3.0
2025-08-12 20:00:00,119665.27,120324.43,119485.84,120134.08,2,3,4,4,0,0,2,2,2,4.0,4,4.0,4.0,4.0,3.0,3.0,1.0,1,0,2,2.0,4.0,0,4,2,0,4,3,4.0,2.0,4,4.0
2025-08-13 00:00:00,120134.09,120192.1,119094.28,119482.01,3,2,3,2,2,2,1,0,0,4.0,4,4.0,4.0,1.0,0.0,0.0,0.0,0,0,2,4.0,0.0,2,0,0,2,0,6,4.0,3.0,4,4.0
2025-08-13 04:00:00,119482.01,119820.18,118920.92,119580.4,2,1,2,2,1,1,1,1,1,4.0,4,4.0,4.0,0.0,0.0,0.0,0.0,0,0,1,3.0,3.0,1,3,3,4,0,6,4.0,2.0,4,4.0
2025-08-13 08:00:00,119580.4,120732.94,119446.22,120570.41,1,1,2,2,1,1,0,2,2,0.0,0,3.0,0.0,0.0,3.0,3.0,0.0,1,1,2,0.0,4.0,1,4,1,0,1,0,0.0,4.0,0,0.0
2025-08-13 12:00:00,120570.41,122200.0,120106.02,120920.62,2,3,2,2,4,4,4,4,4,0.0,0,4.0,0.0,0.0,3.0,3.0,1.0,2,1,2,0.0,2.0,4,3,4,3,2,0,0.0,4.0,0,0.0
2025-08-13 16:00:00,120920.61,122839.47,120920.61,122744.21,2,3,3,4,4,4,4,4,4,0.0,0,4.0,0.0,0.0,4.0,4.0,3.0,3,2,3,1.0,4.0,3,4,0,0,3,0,0.0,0.0,0,0.0
2025-08-13 20:00:00,122744.22,123667.79,122298.2,123306.43,4,4,4,4,3,3,3,3,3,2.0,2,2.0,2.0,1.0,4.0,4.0,4.0,4,2,4,1.0,3.0,3,3,4,3,4,0,1.0,3.0,1,3.0
2025-08-14 00:00:00,123306.44,124474.0,123250.5,123337.14,4,4,4,4,2,2,2,1,1,4.0,4,2.0,4.0,2.0,4.0,4.0,4.0,4,3,4,0.0,2.0,1,2,4,0,0,3,3.0,1.0,1,4.0
2025-08-14 04:00:00,123337.14,123428.6,121313.86,121725.31,4,4,4,3,3,3,2,3,3,4.0,4,3.0,4.0,4.0,2.0,2.0,4.0,4,4,4,2.0,0.0,4,0,0,2,0,3,4.0,3.0,2,4.0
2025-08-14 08:00:00,121725.31,122045.9,120694.0,120949.67,3,2,3,3,1,2,1,2,2,4.0,4,4.0,4.0,4.0,2.0,2.0,3.0,3,4,3,2.0,0.0,2,0,3,1,1,3,1.0,2.0,2,4.0
2025-08-14 12:00:00,120949.66,121183.06,117632.0,118257.25,3,2,0,0,4,4,4,4,4,3.0,3,1.0,3.0,1.0,0.0,0.0,2.0,2,4,1,3.0,0.0,4,0,2,4,2,3,4.0,4.0,3,3.0
2025-08-14 16:00:00,118257.26,118535.0,117180.0,117945.92,0,0,0,0,2,1,3,1,1,3.0,3,1.0,3.0,3.0,0.0,0.0,2.0,1,3,1,4.0,1.0,2,1,3,4,3,3,4.0,0.0,3,2.0
2025-08-14 20:00:00,117945.92,118516.81,117302.33,118295.09,0,0,0,0,0,0,0,0,0,1.0,2,0.0,1.0,3.0,0.0,0.0,0.0,0,0,0,4.0,3.0,0,2,1,4,4,3,3.0,0.0,4,1.0
2025-08-15 00:00:00,118295.09,119077.71,118032.32,118968.91,0,0,1,1,0,0,1,0,0,1.0,1,0.0,1.0,4.0,1.0,1.0,1.0,0,0,0,4.0,4.0,0,4,0,1,0,6,2.0,1.0,4,1.0
2025-08-15 04:00:00,118968.91,119216.82,118629.58,118956.45,1,1,1,1,0,0,0,0,0,2.0,1,0.0,2.0,2.0,1.0,1.0,0.0,0,0,0,3.0,1.0,0,1,2,2,0,6,2.0,2.0,4,2.0
2025-08-15 08:00:00,118956.45,119144.5,118600.0,119006.01,4,4,4,4,2,2,4,1,2,4.0,4,4.0,4.0,1.0,4.0,4.0,4.0,4,4,1,3.0,2.0,1,2,1,4,1,0,4.0,1.0,4,4.0
2025-08-15 12:00:00,119006.01,119130.77,116827.29,117275.22,4,4,0,0,4,4,4,4,4,4.0,4,4.0,4.0,1.0,0.0,0.0,3.0,4,4,0,4.0,0.0,4,0,1,4,2,0,4.0,4.0,4,4.0
2025-08-15 16:00:00,117275.23,117882.35,116803.99,116936.27,0,2,0,0,4,4,4,4,4,4.0,4,4.0,4.0,2.0,0.0,0.0,2.0,4,4,0,4.0,0.0,4,0,4,2,3,0,4.0,0.0,4,4.0
2025-08-15 20:00:00,116936.28,117761.88,116862.5,117342.05,0,0,0,0,3,3,2,3,3,3.0,3,3.0,3.0,4.0,0.0,0.0,2.0,3,3,0,4.0,4.0,4,4,4,1,4,0,3.0,0.0,3,3.0
2025-08-16 00:00:00,117342.04,117898.99,117231.14,117429.63,0,3,2,2,4,4,3,4,4,3.0,3,3.0,3.0,4.0,1.0,1.0,0.0,3,3,1,3.0,2.0,3,2,4,1,0,3,3.0,3.0,3,3.0
2025-08-16 04:00:00,117429.63,117884.0,117278.0,117596.07,2,3,3,2,1,1,1,1,1,2.0,2,2.0,2.0,3.0,2.0,2.0,0.0,2,2,2,2.0,3.0,3,3,3,2,0,3,2.0,0.0,2,2.0
2025-08-16 08:00:00,117596.07,117703.92,117143.98,117378.52,2,0,1,1,3,3,3,2,1,2.0,2,2.0,2.0,4.0,1.0,1.0,0.0,0,2,2,2.0,1.0,2,1,0,4,1,3,2.0,4.0,1,2.0
2025-08-16 12:00:00,117378.52,117825.0,117327.63,117676.7,1,2,3,3,2,2,2,2,2,1.0,1,1.0,1.0,3.0,2.0,2.0,1.0,0,1,3,1.0,3.0,0,3,2,0,2,3,1.0,2.0,0,1.0
2025-08-16 16:00:00,117676.7,117817.65,117629.94,117672.12,3,1,4,3,0,0,0,0,0,1.0,1,0.0,1.0,2.0,3.0,3.0,1.0,1,1,3,1.0,1.0,0,1,2,0,3,3,1.0,1.0,1,1.0
2025-08-16 20:00:00,117672.13,117713.51,117219.34,117380.66,3,0,2,1,0,0,0,0,0,0.0,0,0.0,0.0,0.0,3.0,3.0,3.0,0,0,4,0.0,0.0,0,0,0,3,4,3,0.0,3.0,0,0.0
2025-08-17 00:00:00,117380.66,117771.37,117172.21,117684.95,1,1,1,4,0,0,0,0,0,0.0,0,0.0,0.0,0.0,4.0,4.0,4.0,1,0,4,0.0,4.0,2,4,0,3,0,6,0.0,2.0,0,0.0
2025-08-17 04:00:00,117684.96,118230.82,117684.95,118005.98,4,4,4,4,1,1,0,3,3,0.0,0,1.0,0.0,0.0,4.0,4.0,4.0,2,0,4,0.0,4.0,1,4,3,0,0,6,0.0,4.0,2,0.0
2025-08-17 08:00:00,118005.98,118484.0,117922.0,118308.01,4,4,4,4,0,0,0,1,1,4.0,4,3.0,4.0,4.0,4.0,4.0,4.0,3,3,3,0.0,4.0,0,4,1,0,1,6,4.0,2.0,3,4.0
2025-08-17 12:00:00,118308.0,118575.0,118059.12,118246.16,4,4,4,4,0,0,0,0,0,4.0,4,4.0,4.0,4.0,4.0,4.0,4.0,4,4,4,0.0,3.0,0,3,2,1,2,6,4.0,2.0,4,4.0
2025-08-17 16:00:00,118246.15,118316.01,117321.53,117570.07,4,4,3,4,1,1,1,1,1,4.0,4,4.0,4.0,1.0,4.0,4.0,2.0,4,4,4,2.0,0.0,2,0,0,2,3,6,4.0,4.0,4,4.0
2025-08-17 20:00:00,117570.07,117995.37,117371.65,117405.01,3,3,4,3,0,0,0,0,0,3.0,3,4.0,3.0,0.0,3.0,3.0,4.0,4,4,4,0.0,1.0,0,1,3,0,4,6,0.0,0.0,4,3.0
2025-08-18 00:00:00,117405.01,117543.75,115000.0,115319.0,3,3,2,1,4,4,4,4,4,3.0,3,3.0,3.0,3.0,0.0,0.0,1.0,3,3,2,1.0,0.0,4,0,0,3,0,0,1.0,4.0,3,3.0
2025-08-18 04:00:00,115319.0,115712.49,114878.71,115205.98,1,0,1,1,4,4,3,4,4,2.0,2,2.0,2.0,3.0,0.0,0.0,0.0,2,2,0,1.0,2.0,1,2,2,4,0,0,2.0,0.0,2,2.0
2025-08-18 08:00:00,115205.99,115402.51,114640.14,114947.27,0,0,0,0,4,4,2,3,3,2.0,2,2.0,2.0,4.0,0.0,0.0,0.0,0,2,0,2.0,1.0,1,1,1,3,1,0,2.0,1.0,2,2.0
2025-08-18 12:00:00,114947.27,116186.97,114825.0,116145.34,0,1,1,2,3,3,4,4,4,1.0,1,1.0,1.0,2.0,2.0,2.0,3.0,1,1,0,3.0,4.0,4,4,0,1,2,0,3.0,3.0,1,1.0
2025-08-18 16:00:00,116145.34,116800.0,115818.86,116313.99,1,2,2,3,2,2,2,2,2,1.0,1,1.0,1.0,0.0,3.0,3.0,3.0,1,1,1,3.0,3.0,2,4,3,4,3,0,3.0,0.0,1,1.0
2025-08-18 20:00:00,116314.0,116980.0,115980.32,116227.05,2,2,3,2,1,1,1,0,0,0.0,0,0.0,0.0,0.0,2.0,2.0,2.0,2,0,3,4.0,2.0,3,2,4,2,4,0,0.0,1.0,0,0.0
2025-08-19 00:00:00,116227.05,116725.69,114787.23,114810.0,2,1,0,0,2,2,4,2,2,0.0,0,0.0,0.0,1.0,1.0,1.0,0.0,0,0,2,4.0,0.0,4,0,4,0,0,1,0.0,4.0,0,0.0
2025-08-19 04:00:00,114810.01,115483.24,114366.0,114978.14,0,0,0,0,3,3,3,3,3,0.0,0,0.0,0.0,2.0,1.0,1.0,1.0,0,0,1,4.0,4.0,3,3,4,4,0,1,1.0,3.0,0,0.0
2025-08-19 08:00:00,114978.15,115650.0,114804.0,115508.71,4,4,4,4,0,0,1,1,1,4.0,4,4.0,4.0,2.0,3.0,3.0,3.0,4,4,2,0.0,4.0,1,4,1,1,1,0,0.0,0.0,4,4.0
2025-08-19 12:00:00,115508.71,115875.84,113587.68,113786.38,4,4,3,2,4,4,4,4,4,4.0,4,4.0,4.0,3.0,0.0,0.0,0.0,3,4,1,2.0,0.0,4,0,3,2,2,0,0.0,4.0,4,4.0
2025-08-19 16:00:00,113786.39,113897.58,112767.06,113132.48,2,1,1,0,4,4,3,4,4,4.0,4,4.0,4.0,4.0,0.0,0.0,0.0,2,4,0,3.0,0.0,3,0,0,4,3,0,0.0,2.0,4,4.0
2025-08-19 20:00:00,113132.49,113589.48,112732.58,112872.94,0,0,0,0,3,2,1,2,2,3.0,3,3.0,3.0,4.0,0.0,0.0,0.0,0,3,0,4.0,1.0,1,1,4,1,4,0,1.0,1.0,3,3.0
2025-08-20 00:00:00,112872.95,113636.13,112566.01,113525.91,0,0,0,1,3,3,3,3,3,3.0,3,3.0,3.0,4.0,1.0,1.0,1.0,0,3,0,4.0,4.0,3,4,0,3,0,3,1.0,3.0,3,3.0
2025-08-20 04:00:00,113525.9,113837.93,113432.0,113490.13,1,0,2,1,0,0,0,0,0,2.0,2,1.0,2.0,3.0,1.0,1.0,1.0,0,2,1,4.0,2.0,0,2,2,0,0,3,2.0,0.0,2,2.0
2025-08-20 08:00:00,113490.14,114016.77,113060.08,113666.68,1,1,1,2,2,2,2,2,2,2.0,2,0.0,2.0,2.0,2.0,2.0,4.0,1,1,2,0.0,3.0,2,3,3,4,1,3,2.0,4.0,2,2.0
2025-08-20 12:00:00,113666.69,114326.35,112380.0,113353.94,2,2,0,0,4,4,4,4,4,1.0,1,0.0,1.0,1.0,2.0,2.0,4.0,1,0,3,2.0,1.0,4,1,4,4,2,3,3.0,4.0,1,1.0
2025-08-20 16:00:00,113353.94,114444.0,113264.01,114276.66,0,3,2,4,2,3,4,3,3,1.0,1,0.0,1.0,1.0,4.0,4.0,4.0,2,0,3,3.0,4.0,4,4,1,0,3,3,3.0,0.0,1,1.0
2025-08-20 20:00:00,114276.66,114615.38,114000.0,114271.24,4,3,4,4,0,0,0,0,0,0.0,0,1.0,0.0,0.0,4.0,4.0,3.0,3,0,4,1.0,3.0,0,3,2,2,4,3,4.0,1.0,0,0.0
2025-08-21 00:00:00,114271.23,114821.76,113906.01,113954.62,3,4,4,3,1,1,2,0,0,0.0,0,2.0,0.0,0.0,3.0,3.0,2.0,4,1,4,1.0,0.0,2,0,4,0,0,6,4.0,3.0,0,0.0
2025-08-21 04:00:00,113954.62,114033.84,113582.43,113896.03,3,2,3,3,1,1,0,1,1,0.0,0,2.0,0.0,0.0,4.0,4.0,2.0,4,2,4,0.0,2.0,0,2,0,3,0,6,4.0,2.0,0,0.0
2025-08-21 08:00:00,113896.03,113990.0,113000.0,113148.66,3,2,3,2,0,0,2,0,0,4.0,4,4.0,4.0,4.0,1.0,1.0,0.0,2,0,2,1.0,0.0,2,0,0,2,1,0,2.0,1.0,4,4.0
2025-08-21 12:00:00,113148.65,113995.11,112608.64,112792.08,2,2,2,1,3,3,4,3,3,4.0,3,4.0,4.0,2.0,0.0,0.0,0.0,1,1,1,2.0,1.0,4,1,4,3,2,0,2.0,4.0,4,3.0
2025-08-21 16:00:00,112792.08,112969.47,112015.67,112193.71,1,0,0,0,3,3,3,4,4,4.0,2,3.0,4.0,3.0,0.0,0.0,0.0,0,0,0,2.0,1.0,1,1,0,3,3,0,1.0,2.0,4,2.0
2025-08-21 20:00:00,112193.71,112870.94,112067.46,112500.0,0,0,0,0,0,0,0,0,0,3.0,1,2.0,3.0,2.0,1.0,1.0,1.0,0,0,0,0.0,4.0,1,4,3,1,4,0,0.0,0.0,3,1.0
2025-08-22 00:00:00,112500.0,113525.0,112335.6,112929.24,0,1,1,1,0,0,2,2,2,1.0,0,2.0,1.0,1.0,2.0,2.0,2.0,0,1,0,1.0,4.0,3,4,3,2,0,3,0.0,4.0,3,0.0
2025-08-22 04:00:00,112929.24,113394.76,112708.81,113094.83,1,1,2,2,1,1,1,1,0,0.0,0,4.0,0.0,0.0,2.0,2.0,2.0,2,2,2,0.0,2.0,0,2,2,4,0,3,1.0,2.0,2,0.0
2025-08-22 08:00:00,113094.83,113319.3,112177.27,112320.0,2,0,1,0,1,1,1,1,1,0.0,0,3.0,0.0,0.0,0.0,0.0,1.0,1,2,1,0.0,0.0,2,0,1,1,1,3,0.0,3.0,2,0.0
2025-08-22 12:00:00,112320.01,117296.12,111684.79,116370.75,0,4,0,4,4,4,4,4,4,0.0,1,1.0,0.0,0.0,4.0,4.0,4.0,3,3,3,4.0,4.0,4,4,4,4,2,3,4.0,4.0,1,1.0
2025-08-22 16:00:00,116370.75,117429.05,116116.0,116655.79,4,4,4,4,4,4,4,4,4,1.0,2,1.0,1.0,1.0,4.0,4.0,4.0,3,3,3,4.0,3.0,3,3,4,4,3,3,4.0,0.0,1,2.0
2025-08-22 20:00:00,116655.79,117174.43,116550.96,116935.99,4,4,4,4,2,2,0,0,1,2.0,3,0.0,2.0,3.0,4.0,4.0,4.0,4,4,4,3.0,3.0,0,3,2,0,4,3,4.0,0.0,0,3.0
2025-08-23 00:00:00,116936.0,117030.0,115458.2,115568.77,4,3,3,3,4,4,3,2,2,2.0,4,0.0,2.0,4.0,3.0,3.0,3.0,4,4,4,4.0,0.0,4,0,0,0,0,6,3.0,3.0,0,4.0
2025-08-23 04:00:00,115568.77,116034.53,115551.2,115799.47,3,3,4,3,2,2,0,3,3,3.0,4,0.0,3.0,4.0,3.0,3.0,3.0,4,4,4,3.0,2.0,0,2,1,0,0,6,3.0,1.0,0,4.0
2025-08-23 08:00:00,115799.46,115861.8,115223.43,115310.13,4,4,4,4,0,0,0,1,1,0.0,1,0.0,0.0,0.0,4.0,4.0,2.0,4,0,4,4.0,1.0,2,1,0,0,1,5,2.0,1.0,4,0.0
2025-08-23 12:00:00,115310.13,115486.97,114560.0,114812.87,4,4,2,2,3,3,3,3,3,0.0,2,0.0,0.0,0.0,3.0,3.0,1.0,2,0,4,4.0,1.0,3,1,3,3,2,5,3.0,4.0,4,1.0
2025-08-23 16:00:00,114812.88,115190.74,114684.11,115133.91,2,2,3,4,0,0,0,0,0,0.0,2,0.0,0.0,0.0,4.0,4.0,3.0,3,1,4,3.0,4.0,1,4,0,1,3,5,2.0,0.0,4,2.0
2025-08-23 20:00:00,115133.92,115454.12,115001.88,115438.05,3,3,4,4,0,0,0,0,0,1.0,3,1.0,1.0,1.0,4.0,4.0,4.0,4,2,3,3.0,4.0,0,4,0,2,4,5,0.0,2.0,3,3.0
2025-08-24 00:00:00,115438.06,115666.68,114934.21,115036.0,4,4,4,3,1,1,2,2,2,1.0,4,1.0,1.0,1.0,3.0,3.0,4.0,4,3,3,2.0,2.0,2,2,4,1,0,6,0.0,4.0,3,3.0
2025-08-24 04:00:00,115036.01,115283.21,114846.14,114888.19,3,3,3,3,1,1,1,0,0,2.0,4,2.0,2.0,2.0,2.0,2.0,4.0,3,4,2,2.0,3.0,0,3,4,0,0,6,0.0,1.0,2,4.0
2025-08-24 08:00:00,114888.19,115060.99,114600.0,114730.22,2,2,2,2,2,2,1,1,1,3.0,4,3.0,3.0,3.0,2.0,2.0,3.0,2,4,2,1.0,3.0,0,3,2,2,1,6,1.0,3.0,2,4.0
2025-08-24 12:00:00,114730.22,114869.41,114350.57,114400.0,1,1,1,1,3,3,2,2,3,4.0,3,4.0,4.0,3.0,1.0,1.0,2.0,1,4,1,0.0,2.0,1,2,1,0,2,6,1.0,2.0,1,4.0
2025-08-24 16:00:00,114400.01,114917.1,110680.0,112600.0,1,1,0,0,4,4,4,4,4,2.0,1,2.0,2.0,4.0,0.0,0.0,1.0,1,3,1,4.0,0.0,4,0,4,4,3,6,3.0,4.0,1,2.0
2025-08-24 20:00:00,112600.0,113692.97,111632.85,113493.59,0,0,0,1,4,4,4,4,4,4.0,0,4.0,4.0,4.0,1.0,1.0,0.0,0,2,0,0.0,4.0,4,4,3,4,4,6,4.0,0.0,0,0.0
2025-08-25 00:00:00,113493.59,113667.28,112159.0,112916.84,0,0,1,0,2,2,3,3,2,4.0,0,4.0,4.0,2.0,0.0,0.0,0.0,0,1,0,0.0,0.0,3,0,2,4,0,0,4.0,0.0,0,1.0
2025-08-25 04:00:00,112916.84,113059.52,111284.05,111511.55,0,0,0,0,4,4,4,4,4,3.0,0,3.0,3.0,4.0,0.0,0.0,0.0,0,0,0,1.0,0.0,4,0,1,3,0,0,4.0,3.0,0,0.0
2025-08-25 08:00:00,111511.56,111850.13,110929.48,111214.97,4,3,4,3,3,3,2,2,2,4.0,4,4.0,4.0,3.0,0.0,0.0,0.0,4,4,1,0.0,2.0,1,2,2,2,1,0,1.0,3.0,4,4.0
2025-08-25 12:00:00,111214.97,112580.0,110588.0,112200.64,3,4,2,4,4,4,3,4,4,4.0,4,4.0,4.0,3.0,3.0,3.0,3.0,4,4,2,0.0,4.0,4,4,3,4,2,0,3.0,4.0,4,4.0
2025-08-25 16:00:00,112200.65,112937.26,110655.01,110716.13,4,4,3,2,2,2,3,1,1,4.0,4,4.0,4.0,4.0,0.0,0.0,2.0,4,4,1,0.0,0.0,4,0,4,0,3,0,4.0,0.0,4,4.0
2025-08-25 20:00:00,110716.13,111092.54,109274.1,110111.98,2,1,0,1,4,4,4,4,4,3.0,3,3.0,3.0,4.0,0.0,0.0,2.0,2,3,0,1.0,0.0,4,0,3,4,4,0,1.0,4.0,3,3.0
2025-08-26 00:00:00,110111.98,110111.98,108666.66,109879.56,1,0,0,0,3,3,4,3,3,3.0,3,3.0,3.0,4.0,1.0,1.0,0.0,1,3,0,2.0,2.0,2,2,0,4,0,3,0.0,0.0,3,3.0
2025-08-26 04:00:00,109879.57,110547.31,109765.93,110303.2,0,0,2,1,0,0,2,1,1,2.0,2,2.0,2.0,2.0,2.0,2.0,1.0,1,2,0,3.0,3.0,0,3,1,0,0,3,0.0,0.0,2,2.0
2025-08-26 08:00:00,110303.2,110455.13,109570.34,109876.52,1,0,1,0,0,0,0,0,0,2.0,2,2.0,2.0,2.0,1.0,1.0,1.0,0,2,2,3.0,1.0,0,1,1,3,1,3,0.0,3.0,2,2.0
2025-08-26 12:00:00,109876.53,110818.6,109393.93,109666.33,0,1,0,0,4,4,4,4,4,1.0,1,1.0,1.0,1.0,2.0,2.0,0.0,0,1,3,4.0,3.0,2,3,4,2,2,3,2.0,4.0,1,1.0
2025-08-26 16:00:00,109666.34,111162.59,109450.0,111116.03,0,2,1,3,2,2,1,3,3,1.0,1,0.0,1.0,1.0,4.0,4.0,3.0,0,0,3,4.0,4.0,3,4,0,1,3,3,3.0,1.0,1,1.0
2025-08-26 20:00:00,111116.03,112371.0,110918.26,111763.22,2,4,4,4,1,1,0,2,2,0.0,0,0.0,0.0,0.0,4.0,4.0,4.0,2,0,4,4.0,4.0,3,4,4,1,4,3,2.0,1.0,0,0.0
2025-08-27 00:00:00,111763.22,111825.16,110918.26,111418.15,4,3,4,4,1,1,1,0,0,0.0,0,0.0,0.0,0.0,4.0,4.0,4.0,3,0,4,2.0,1.0,0,1,0,3,0,6,4.0,2.0,0,0.0
2025-08-27 04:00:00,111418.15,111737.26,110622.5,110725.18,3,2,3,2,0,0,0,0,0,0.0,0,1.0,0.0,0.0,3.0,3.0,4.0,3,1,4,1.0,0.0,1,0,2,0,0,6,4.0,2.0,0,0.0
2025-08-27 08:00:00,110725.19,111374.45,110345.42,111322.07,0,0,0,0,1,1,0,1,1,4.0,0,0.0,4.0,4.0,0.0,0.0,0.0,0,0,0,4.0,3.0,0,3,0,3,1,0,3.0,2.0,4,4.0
2025-08-27 12:00:00,111322.07,112625.0,111019.02,112000.0,0,2,1,2,4,4,4,4,4,4.0,0,0.0,4.0,4.0,1.0,1.0,1.0,0,0,0,4.0,4.0,4,4,4,2,2,0,4.0,4.0,4,4.0
2025-08-27 16:00:00,111999.99,112600.0,111541.23,112080.69,2,2,2,3,2,2,3,2,2,4.0,1,0.0,4.0,4.0,2.0,2.0,2.0,0,0,2,4.0,2.0,1,2,4,4,3,0,4.0,0.0,4,4.0
2025-08-27 20:00:00,112080.68,112452.05,110921.79,111262.01,3,1,1,0,3,3,4,3,3,1.0,0,1.0,1.0,1.0,0.0,0.0,0.0,1,1,1,3.0,0.0,4,0,3,3,4,0,4.0,2.0,3,3.0
2025-08-28 00:00:00,111262.01,112042.04,110862.42,112000.01,0,0,0,2,0,0,1,0,0,0.0,1,1.0,0.0,0.0,3.0,3.0,2.0,1,1,2,3.0,4.0,2,4,0,4,0,3,3.0,0.0,3,2.0
2025-08-28 04:00:00,112000.0,113360.0,111945.07,113114.11,2,4,4,4,3,3,2,3,3,0.0,2,3.0,0.0,0.0,4.0,4.0,4.0,2,2,4,2.0,4.0,3,4,2,0,0,3,2.0,4.0,2,0.0
2025-08-28 08:00:00,113114.11,113351.51,112826.22,112909.18,4,4,4,4,0,0,0,0,0,0.0,3,4.0,0.0,0.0,4.0,4.0,4.0,3,2,4,0.0,2.0,0,2,2,1,1,3,2.0,0.0,2,0.0
2025-08-28 12:00:00,112909.18,113485.9,112391.56,112678.53,4,4,4,4,4,4,4,4,4,1.0,4,2.0,1.0,1.0,4.0,4.0,3.0,4,3,4,1.0,1.0,1,1,4,2,2,3,1.0,4.0,1,1.0
2025-08-28 16:00:00,112678.53,113186.56,111901.35,111901.36,4,3,3,1,1,1,1,1,1,2.0,3,3.0,2.0,2.0,2.0,2.0,3.0,3,3,3,2.0,1.0,2,1,3,0,3,3,1.0,1.0,1,2.0
2025-08-28 20:00:00,111901.36,112575.98,111872.06,112566.9,1,1,3,3,0,0,0,0,0,2.0,4,2.0,2.0,2.0,3.0,3.0,4.0,4,4,3,0.0,3.0,0,3,0,0,4,3,0.0,1.0,0,0.0
2025-08-29 00:00:00,112566.9,112638.64,111302.27,111704.23,3,3,2,1,2,2,2,2,2,3.0,4,4.0,3.0,3.0,1.0,1.0,1.0,4,4,1,0.0,0.0,3,0,1,4,0,6,0.0,3.0,0,1.0
2025-08-29 04:00:00,111704.24,111850.56,109899.99,110019.38,1,0,0,0,4,4,3,4,4,3.0,2,4.0,3.0,3.0,0.0,0.0,0.0,2,4,0,1.0,0.0,4,0,1,1,0,6,0.0,3.0,0,3.0
2025-08-29 08:00:00,110019.38,110270.3,109414.18,110098.81,4,4,4,4,3,3,4,4,4,4.0,4,4.0,4.0,0.0,2.0,2.0,4.0,4,4,4,2.0,2.0,3,2,2,4,1,0,0.0,1.0,4,4.0
2025-08-29 12:00:00,110098.81,111517.07,108103.0,108386.23,4,4,1,0,4,4,4,4,4,4.0,4,4.0,4.0,0.0,0.0,0.0,4.0,4,4,2,4.0,0.0,4,0,4,2,2,0,4.0,4.0,4,4.0
2025-08-29 16:00:00,108386.23,108832.0,107934.24,108212.01,0,1,0,0,2,2,4,2,2,4.0,4,4.0,4.0,1.0,0.0,0.0,4.0,4,4,0,4.0,0.0,3,0,4,1,3,0,4.0,0.0,4,4.0
2025-08-29 20:00:00,108212.01,108549.99,107463.9,108377.4,0,0,0,0,3,3,3,3,3,3.0,3,3.0,3.0,2.0,0.0,0.0,3.0,2,3,0,3.0,4.0,4,4,3,4,4,0,3.0,4.0,3,3.0
2025-08-30 00:00:00,108377.4,108436.21,107350.1,108436.2,0,0,0,1,4,4,3,3,3,3.0,3,3.0,3.0,3.0,1.0,1.0,2.0,1,3,0,4.0,2.0,4,2,0,4,0,3,3.0,2.0,3,3.0
2025-08-30 04:00:00,108436.21,108697.28,108120.0,108524.26,1,0,1,1,4,4,2,4,4,2.0,2,2.0,2.0,4.0,1.0,1.0,3.0,0,2,1,3.0,3.0,1,3,3,2,0,3,4.0,2.0,2,2.0
2025-08-30 08:00:00,108524.26,108777.43,108400.0,108680.01,1,1,2,2,1,1,0,1,1,2.0,2,2.0,2.0,4.0,2.0,2.0,2.0,0,2,1,2.0,3.0,0,3,2,0,1,3,2.0,0.0,2,2.0
2025-08-30 12:00:00,108680.01,108926.15,108190.52,108869.98,2,3,2,4,1,1,2,1,1,1.0,1,1.0,1.0,4.0,3.0,3.0,0.0,0,1,2,1.0,4.0,2,4,1,3,2,3,2.0,3.0,1,1.0
2025-08-30 16:00:00,108869.98,108900.0,108625.46,108828.33,3,2,4,3,0,0,0,0,0,1.0,1,1.0,1.0,3.0,3.0,3.0,0.0,1,1,3,1.0,1.0,0,1,1,1,3,3,1.0,0.0,1,1.0
2025-08-30 20:00:00,108828.32,108838.27,108468.77,108816.33,3,2,3,3,0,0,0,0,0,0.0,0,0.0,0.0,2.0,4.0,4.0,1.0,2,0,3,0.0,1.0,0,1,0,3,4,3,1.0,3.0,0,0.0
2025-08-31 00:00:00,108816.33,109480.02,108801.35,109223.84,2,4,4,4,2,2,1,2,2,0.0,0,0.0,0.0,1.0,4.0,4.0,1.0,3,0,4,0.0,4.0,1,4,4,0,0,6,0.0,4.0,0,0.0
2025-08-31 04:00:00,109223.84,109231.41,108523.49,108708.26,4,3,3,2,0,0,1,0,0,0.0,0,0.0,0.0,0.0,4.0,4.0,0.0,3,0,4,0.0,0.0,2,0,0,0,0,6,0.0,1.0,0,0.0
2025-08-31 08:00:00,108708.25,109100.0,108303.21,108389.76,1,0,2,0,1,1,0,0,0,4.0,4,0.0,4.0,4.0,0.0,0.0,0.0,0,0,0,3.0,1.0,1,1,4,0,1,6,3.0,3.0,4,4.0
2025-08-31 12:00:00,108389.77,108858.43,108191.29,108818.69,0,0,2,2,2,2,1,2,2,4.0,4,0.0,4.0,4.0,1.0,1.0,0.0,0,0,0,2.0,3.0,0,3,0,0,2,6,3.0,4.0,4,4.0
2025-08-31 16:00:00,108818.69,109237.51,108555.0,108930.0,2,1,3,2,0,0,0,0,0,4.0,4,0.0,4.0,4.0,1.0,1.0,0.0,1,0,1,1.0,3.0,0,3,3,2,3,6,2.0,0.0,4,4.0
2025-08-31 20:00:00,108930.0,109230.0,108076.93,108246.35,3,1,1,0,0,0,0,0,0,3.0,3,1.0,3.0,3.0,0.0,0.0,1.0,1,1,1,0.0,0.0,3,0,2,0,4,6,1.0,2.0,3,3.0
2025-09-01 00:00:00,108246.36,108482.98,107393.0,107660.01,0,0,0,0,4,4,4,3,3,3.0,1,1.0,3.0,3.0,0.0,0.0,1.0,0,1,0,0.0,0.0,2,0,1,2,0,0,2.0,4.0,3,3.0
2025-09-01 04:00:00,107660.0,109432.99,107255.0,109432.99,0,2,0,4,3,3,4,4,4,2.0,2,2.0,2.0,2.0,3.0,3.0,4.0,2,2,2,0.0,4.0,4,4,0,4,0,0,4.0,1.0,2,2.0
2025-09-01 08:00:00,109432.99,109912.4,108186.41,108782.88,4,4,1,1,4,4,4,3,3,1.0,1,2.0,1.0,1.0,2.0,2.0,2.0,2,2,2,1.0,0.0,3,0,4,4,1,0,4.0,3.0,2,2.0
2025-09-01 12:00:00,108782.89,109520.0,108566.0,108784.33,1,3,4,1,2,2,3,2,1,0.0,0,3.0,0.0,0.0,2.0,2.0,2.0,3,3,3,2.0,2.0,2,2,4,1,2,0,4.0,1.0,1,1.0
2025-09-01 16:00:00,108784.33,109329.65,108391.3,109217.64,2,2,3,3,0,0,1,1,1,0.0,0,4.0,0.0,0.0,4.0,4.0,3.0,3,3,3,3.0,4.0,1,4,0,3,3,0,1.0,0.0,1,0.0
2025-09-01 20:00:00,109217.65,109442.95,107459.49,109237.42,3,3,0,3,3,3,2,4,4,0.0,0,4.0,0.0,0.0,3.0,3.0,3.0,4,4,4,4.0,2.0,4,2,1,4,4,0,0.0,4.0,0,0.0
2025-09-02 00:00:00,109237.43,110623.97,108883.8,110322.18,4,4,4,4,4,4,3,4,4,1.0,2,4.0,1.0,1.0,4.0,4.0,4.0,4,4,4,4.0,4.0,4,4,3,3,0,1,0.0,2.0,0,0.0
2025-09-02 04:00:00,110322.19,110610.5,110000.0,110233.92,4,4,4,4,1,1,2,1,2,2.0,3,3.0,2.0,2.0,4.0,4.0,4.0,4,4,4,4.0,1.0,0,1,2,1,0,1,0.0,0.0,0,1.0
2025-09-02 08:00:00,110233.91,110711.1,109563.87,109733.34,0,0,0,0,3,3,3,3,3,0.0,0,4.0,0.0,0.0,1.0,1.0,0.0,0,0,1,0.0,0.0,4,0,4,1,1,0,0.0,2.0,4,0.0
2025-09-02 12:00:00,109733.33,111771.52,108393.39,110829.17,0,2,0,1,4,4,4,4,4,0.0,0,3.0,0.0,0.0,4.0,4.0,0.0,0,0,2,3.0,4.0,4,4,4,4,2,0,0.0,4.0,4,0.0
2025-09-02 16:00:00,110829.16,111119.58,110200.0,110806.0,1,0,0,0,4,4,4,4,4,0.0,0,3.0,0.0,0.0,4.0,4.0,1.0,0,0,4,4.0,2.0,2,2,2,4,3,0,0.0,0.0,4,0.0
2025-09-02 20:00:00,110806.01,111538.17,110716.77,111240.01,0,1,2,3,1,1,0,1,1,1.0,1,2.0,1.0,1.0,4.0,4.0,2.0,1,1,4,4.0,4.0,1,4,2,0,4,0,1.0,1.0,3,1.0
2025-09-03 00:00:00,111240.01,111782.21,110892.14,111054.01,3,3,3,1,2,2,3,3,3,1.0,1,1.0,1.0,1.0,2.0,2.0,1.0,1,1,4,4.0,1.0,2,1,4,1,0,3,1.0,3.0,3,1.0
2025-09-03 04:00:00,111054.0,111151.99,110528.71,111099.88,1,0,1,2,1,1,0,0,0,2.0,2,1.0,2.0,2.0,1.0,1.0,3.0,2,2,2,3.0,3.0,0,3,0,4,0,3,2.0,1.0,2,2.0
2025-09-03 08:00:00,111099.87,111708.0,110889.29,111437.77,2,2,2,3,0,0,1,1,1,2.0,2,0.0,2.0,2.0,2.0,2.0,4.0,2,2,1,2.0,3.0,0,3,1,2,1,3,2.0,2.0,2,2.0
2025-09-03 12:00:00,111437.77,112500.0,111031.61,112222.74,3,4,3,4,4,4,4,4,4,3.0,3,0.0,3.0,3.0,3.0,3.0,3.0,3,3,3,2.0,4.0,4,4,1,3,2,3,4.0,4.0,1,3.0
2025-09-03 16:00:00,112222.73,112575.27,111686.24,112193.74,4,4,4,4,2,2,2,2,2,3.0,3,0.0,3.0,3.0,3.0,3.0,4.0,4,3,3,1.0,2.0,1,2,3,3,3,3,4.0,0.0,1,3.0
2025-09-03 20:00:00,112193.74,112250.0,111613.98,111705.71,4,4,4,4,0,0,0,0,0,4.0,4,2.0,4.0,4.0,0.0,0.0,4.0,4,4,0,0.0,1.0,0,1,0,0,4,3,3.0,0.0,0,4.0
2025-09-04 00:00:00,111705.72,112180.0,111136.0,111148.97,4,3,4,2,0,0,1,0,0,4.0,4,4.0,4.0,4.0,0.0,0.0,2.0,4,4,0,1.0,0.0,3,0,3,0,0,6,3.0,4.0,0,4.0
2025-09-04 04:00:00,111148.97,111318.84,110279.68,110463.36,2,1,1,0,3,3,2,2,2,4.0,4,4.0,4.0,4.0,0.0,0.0,0.0,3,4,0,0.0,0.0,3,0,0,2,0,6,4.0,3.0,0,4.0
2025-09-04 08:00:00,110463.36,111154.93,110415.72,110810.0,0,1,2,2,0,0,0,0,0,0.0,1,0.0,0.0,1.0,3.0,3.0,4.0,4,4,3,0.0,2.0,0,2,3,0,1,0,3.0,0.0,4,0.0
2025-09-04 12:00:00,110810.0,111123.99,109329.12,109510.31,2,0,0,0,4,4,4,4,4,0.0,0,0.0,0.0,1.0,0.0,0.0,0.0,1,4,0,2.0,0.0,3,0,3,2,2,0,3.0,4.0,4,0.0
2025-09-04 16:00:00,109510.32,110218.39,109363.26,109799.99,0,0,0,0,2,2,3,3,3,0.0,0,0.0,0.0,0.0,0.0,0.0,2.0,0,1,0,2.0,2.0,1,2,4,1,3,0,1.0,1.0,4,0.0
2025-09-04 20:00:00,109800.0,111765.31,109755.59,110730.87,0,3,0,1,2,2,2,2,2,1.0,0,1.0,1.0,0.0,2.0,2.0,2.0,0,0,0,0.0,4.0,4,4,4,0,4,0,0.0,3.0,3,1.0
2025-09-05 00:00:00,110730.87,111482.09,110435.75,111311.77,2,2,3,3,1,1,2,1,1,1.0,1,1.0,1.0,0.0,4.0,4.0,3.0,0,0,1,0.0,3.0,2,3,2,4,0,3,1.0,2.0,3,1.0
2025-09-05 04:00:00,111311.78,112999.0,111144.51,112954.32,3,4,4,4,4,4,4,4,4,2.0,2,2.0,2.0,2.0,4.0,4.0,4.0,3,0,4,1.0,4.0,4,4,1,2,0,3,2.0,4.0,2,2.0
2025-09-05 08:00:00,112954.32,112985.0,112131.02,112354.0,4,4,4,4,1,1,1,1,1,2.0,3,2.0,2.0,4.0,4.0,4.0,4.0,4,2,4,1.0,1.0,1,1,0,3,1,3,0.0,1.0,2,2.0
2025-09-05 12:00:00,112354.0,113384.62,110286.91,110716.82,4,4,1,1,4,4,4,4,4,3.0,2,3.0,3.0,4.0,1.0,1.0,1.0,3,3,4,3.0,0.0,4,0,4,4,2,3,4.0,4.0,1,3.0
2025-09-05 16:00:00,110716.82,111627.51,110206.96,111614.54,1,2,1,4,3,3,3,2,2,4.0,4,4.0,4.0,3.0,3.0,3.0,3.0,4,4,3,4.0,4.0,3,4,0,4,3,3,4.0,0.0,1,3.0
2025-09-05 20:00:00,111614.54,111700.0,110375.6,110659.99,4,3,2,0,3,3,1,3,3,4.0,4,4.0,4.0,3.0,0.0,0.0,0.0,2,3,2,4.0,0.0,2,0,1,3,4,3,4.0,3.0,0,4.0
2025-09-06 00:00:00,110660.0,111307.7,110552.56,111082.22,1,1,3,3,0,0,0,0,0,4.0,4,4.0,4.0,4.0,2.0,2.0,0.0,2,2,2,4.0,3.0,0,3,2,0,0,6,2.0,0.0,0,4.0
2025-09-06 04:00:00,111082.23,111082.23,110687.69,110825.6,3,0,4,2,0,0,0,0,0,3.0,3,3.0,3.0,2.0,1.0,1.0,1.0,1,1,1,3.0,1.0,0,1,0,1,0,6,0.0,2.0,0,4.0
2025-09-06 08:00:00,110825.59,110968.0,110675.58,110781.02,2,1,2,2,0,0,0,0,0,4.0,4,3.0,4.0,4.0,1.0,1.0,1.0,4,4,2,4.0,2.0,0,2,2,2,1,5,4.0,1.0,4,4.0
2025-09-06 12:00:00,110781.03,110999.83,110358.11,110384.15,2,2,1,0,2,2,2,2,2,4.0,3,3.0,4.0,4.0,0.0,0.0,2.0,4,4,1,4.0,0.0,3,0,3,0,2,5,4.0,3.0,4,4.0
2025-09-06 16:00:00,110384.16,110402.0,109977.0,110038.41,0,0,0,0,4,4,4,4,4,3.0,1,2.0,3.0,4.0,0.0,0.0,1.0,1,4,0,4.0,0.0,1,0,0,1,3,5,4.0,4.0,4,3.0
2025-09-06 20:00:00,110038.42,110282.82,110034.44,110187.97,0,0,0,0,0,0,0,0,0,2.0,0,0.0,2.0,3.0,0.0,0.0,3.0,0,3,0,3.0,3.0,0,3,1,0,4,5,3.0,0.0,3,2.0
2025-09-07 00:00:00,110187.98,110733.12,110180.0,110629.15,0,0,0,1,3,3,1,1,1,0.0,0,1.0,0.0,3.0,1.0,1.0,4.0,0,3,0,3.0,4.0,2,4,2,0,0,6,3.0,4.0,3,1.0
2025-09-07 04:00:00,110629.15,110911.42,110463.1,110753.42,1,1,1,1,1,1,0,1,1,0.0,0,0.0,0.0,0.0,2.0,2.0,3.0,0,2,1,2.0,3.0,1,3,3,3,0,6,2.0,1.0,2,0.0
2025-09-07 08:00:00,110753.41,111377.19,110720.01,111292.13,1,3,3,4,3,3,4,3,3,0.0,1,0.0,0.0,1.0,4.0,4.0,2.0,1,0,2,2.0,4.0,4,4,1,1,1,6,2.0,3.0,2,0.0
2025-09-07 12:00:00,111292.12,111412.0,111042.6,111329.99,4,4,4,4,0,0,1,0,0,1.0,2,1.0,1.0,2.0,4.0,4.0,0.0,2,0,3,1.0,2.0,0,2,0,4,2,6,1.0,0.0,1,0.0
2025-09-07 16:00:00,111329.99,111371.35,110861.2,111259.99,4,2,3,3,2,2,2,3,3,1.0,2,2.0,1.0,2.0,4.0,4.0,0.0,2,0,4,1.0,1.0,2,1,0,4,3,6,1.0,2.0,1,1.0
2025-09-07 20:00:00,111259.99,111600.0,111001.45,111137.34,4,4,4,3,1,1,3,2,2,2.0,3,4.0,2.0,1.0,3.0,3.0,4.0,3,1,4,0.0,0.0,3,0,4,2,4,6,0.0,2.0,0,2.0
2025-09-08 00:00:00,111137.35,111372.0,110621.78,111052.11,3,3,2,2,4,4,4,4,4,3.0,4,4.0,3.0,0.0,2.0,2.0,0.0,3,1,3,0.0,1.0,4,1,4,4,0,0,0.0,4.0,0,3.0
2025-09-08 04:00:00,111052.11,111609.04,110899.69,111280.39,3,4,4,4,4,4,3,4,4,4.0,4,4.0,4.0,0.0,3.0,3.0,4.0,4,2,4,0.0,4.0,4,4,4,3,0,0,0.0,0.0,0,4.0
2025-09-08 08:00:00,111280.4,112186.98,111252.9,112052.43,0,1,2,2,3,3,2,3,3,0.0,0,0.0,0.0,1.0,2.0,2.0,2.0,0,0,2,0.0,4.0,2,4,2,0,1,0,4.0,4.0,4,1.0
2025-09-08 12:00:00,112052.43,112924.37,111877.64,112631.75,2,3,3,4,4,4,4,4,4,0.0,0,2.0,0.0,0.0,4.0,4.0,4.0,2,0,4,0.0,3.0,3,3,3,3,2,0,4.0,2.0,4,0.0
2025-09-08 16:00:00,112631.74,112670.06,111978.67,112097.31,4,3,4,3,0,0,3,0,0,0.0,0,2.0,0.0,0.0,4.0,4.0,2.0,3,0,4,1.0,0.0,1,0,0,2,3,0,3.0,0.0,4,0.0
2025-09-08 20:00:00,112097.31,112512.71,111896.0,112065.23,3,2,4,2,0,0,0,0,0,1.0,1,3.0,1.0,0.0,3.0,3.0,4.0,4,1,3,0.0,1.0,0,1,4,2,4,0,0.0,1.0,3,0.0
2025-09-09 00:00:00,112065.23,112104.41,111111.0,111708.0,3,1,1,1,2,2,4,2,2,1.0,1,3.0,1.0,1.0,1.0,1.0,3.0,3,1,2,1.0,1.0,3,1,0,4,0,3,0.0,4.0,3,1.0
2025-09-09 04:00:00,111708.01,113293.29,111624.12,112991.11,2,4,3,4,4,4,3,4,4,2.0,3,1.0,2.0,2.0,4.0,4.0,4.0,4,3,4,2.0,4.0,4,4,4,0,0,3,0.0,3.0,2,2.0
2025-09-09 08:00:00,112991.11,113176.51,112403.91,112433.59,4,4,4,3,1,1,0,0,0,2.0,4,0.0,2.0,4.0,2.0,2.0,3.0,4,4,3,2.0,0.0,2,0,2,0,1,3,1.0,0.0,2,3.0
2025-09-09 12:00:00,112433.59,112950.0,110766.66,110880.76,4,4,0,0,4,4,4,4,4,3.0,4,0.0,3.0,4.0,0.0,0.0,0.0,2,4,1,3.0,0.0,4,0,4,1,2,3,1.0,4.0,1,3.0
2025-09-09 16:00:00,110880.76,111388.04,110788.0,111301.53,0,0,0,0,2,2,1,2,2,3.0,2,1.0,3.0,4.0,0.0,0.0,0.0,1,4,0,3.0,3.0,0,3,1,1,3,3,2.0,0.0,1,2.0
2025-09-09 20:00:00,111301.53,111745.69,111090.07,111546.39,0,0,1,1,1,1,0,1,1,4.0,2,4.0,4.0,3.0,1.0,1.0,0.0,0,3,0,4.0,2.0,0,2,3,4,4,3,2.0,1.0,0,4.0
2025-09-10 00:00:00,111546.38,111586.26,110917.45,111545.88,1,0,0,0,0,0,2,1,1,4.0,3,4.0,4.0,2.0,0.0,0.0,1.0,0,2,0,4.0,2.0,1,2,0,4,0,6,3.0,2.0,0,4.0
2025-09-10 04:00:00,111545.88,112602.35,111372.42,112553.65,1,2,2,4,3,3,1,3,3,4.0,4,4.0,4.0,3.0,3.0,3.0,1.0,1,2,1,4.0,4.0,4,4,1,3,0,6,4.0,3.0,0,4.0
2025-09-10 08:00:00,112553.65,112859.8,112097.2,112299.99,0,0,0,0,3,3,3,3,3,0.0,0,3.0,0.0,0.0,0.0,0.0,0.0,0,0,0,2.0,1.0,2,1,3,3,1,0,0.0,2.0,4,0.0
2025-09-10 12:00:00,112300.0,114313.13,112299.99,113853.99,0,1,0,0,4,4,4,4,4,0.0,0,1.0,0.0,0.0,4.0,4.0,3.0,0,0,0,4.0,4.0,4,4,3,0,2,0,0.0,4.0,4,0.0
2025-09-10 16:00:00,113853.99,114074.46,113155.03,113574.52,1,0,0,0,3,3,3,2,2,0.0,0,1.0,0.0,0.0,3.0,3.0,1.0,0,0,1,4.0,0.0,3,0,2,4,3,0,0.0,0.0,4,0.0
2025-09-10 20:00:00,113574.53,114025.78,113528.01,113960.0,0,0,1,1,0,0,0,1,1,1.0,1,0.0,1.0,1.0,4.0,4.0,0.0,1,1,3,3.0,3.0,0,3,1,0,4,0,1.0,1.0,3,1.0
2025-09-11 00:00:00,113960.0,114434.23,113669.82,114400.01,1,2,2,3,1,1,1,2,2,1.0,1,0.0,1.0,1.0,4.0,4.0,2.0,1,1,4,4.0,4.0,2,4,0,4,0,3,1.0,2.0,2,1.0
2025-09-11 04:00:00,114400.01,114459.65,113957.2,114083.58,3,2,3,2,2,2,0,1,1,2.0,2,0.0,2.0,2.0,2.0,2.0,1.0,2,2,4,3.0,0.0,0,0,0,1,0,3,2.0,3.0,2,2.0
2025-09-11 08:00:00,114083.58,114200.0,113776.0,113999.99,2,1,2,1,0,0,0,0,0,2.0,2,3.0,2.0,2.0,0.0,0.0,2.0,2,2,2,2.0,2.0,0,2,1,3,1,3,2.0,1.0,1,2.0
2025-09-11 12:00:00,113999.99,114715.02,113430.0,114180.31,2,3,1,2,4,4,4,4,4,3.0,3,4.0,3.0,3.0,1.0,1.0,0.0,3,3,2,1.0,2.0,4,2,4,4,2,3,4.0,4.0,0,3.0
2025-09-11 16:00:00,114180.32,114605.54,114102.0,114419.99,3,3,3,3,0,0,2,0,0,3.0,3,4.0,3.0,3.0,1.0,1.0,3.0,3,3,0,1.0,3.0,1,3,2,1,3,3,3.0,0.0,0,3.0
2025-09-11 20:00:00,114420.0,115488.09,114246.04,115482.69,4,4,4,4,2,2,2,3,3,4.0,4,2.0,4.0,4.0,3.0,3.0,4.0,4,4,4,0.0,4.0,3,4,0,2,4,3,3.0,3.0,0,4.0
2025-09-12 00:00:00,115482.69,116331.81,115045.45,115194.14,4,4,4,4,4,4,4,4,4,4.0,4,2.0,4.0,4.0,2.0,2.0,4.0,4,4,3,0.0,0.0,4,0,4,2,0,6,4.0,4.0,1,4.0
2025-09-12 04:00:00,115194.14,115656.87,115086.7,115086.7,4,4,4,4,1,1,1,0,0,4.0,4,4.0,4.0,4.0,0.0,0.0,4.0,4,4,1,0.0,1.0,1,1,4,0,0,6,4.0,0.0,3,4.0
2025-09-12 08:00:00,115086.7,115273.12,114888.01,114913.45,0,0,0,0,3,3,2,4,4,0.0,0,0.0,0.0,0.0,2.0,2.0,4.0,1,0,4,4.0,1.0,0,1,3,0,1,0,4.0,4.0,0,0.0
2025-09-12 12:00:00,114913.45,115500.95,114740.99,115121.18,0,0,0,0,3,3,4,4,4,0.0,0,0.0,0.0,0.0,3.0,3.0,4.0,1,0,3,4.0,4.0,4,4,4,3,2,0,4.0,1.0,0,0.0
2025-09-12 16:00:00,115121.18,116665.63,115030.3,116632.51,0,4,0,4,4,4,4,4,4,0.0,0,0.0,0.0,2.0,4.0,4.0,4.0,4,0,4,4.0,4.0,4,4,1,1,3,0,4.0,4.0,0,0.0
2025-09-12 20:00:00,116632.51,116632.51,115752.68,116029.42,4,4,4,4,4,4,4,3,3,1.0,1,1.0,1.0,4.0,4.0,4.0,3.0,4,1,4,3.0,0.0,4,0,0,4,4,0,3.0,0.0,1,1.0
2025-09-13 00:00:00,116029.41,116298.78,115576.26,115957.0,4,4,2,3,4,4,3,3,3,1.0,1,1.0,1.0,4.0,4.0,4.0,3.0,4,2,3,3.0,2.0,3,2,4,4,0,3,3.0,2.0,1,1.0
2025-09-13 04:00:00,115957.0,115957.01,115657.81,115778.71,3,1,3,1,1,1,0,0,0,2.0,2,2.0,2.0,4.0,2.0,2.0,1.0,3,3,2,2.0,1.0,0,1,0,2,0,3,2.0,0.0,2,2.0
2025-09-13 08:00:00,115778.72,116166.71,115767.33,115974.11,2,3,4,4,1,1,1,2,2,2.0,2,2.0,2.0,3.0,3.0,3.0,0.0,3,4,2,1.0,4.0,1,4,4,0,1,3,2.0,3.0,2,2.0
2025-09-13 12:00:00,115974.11,116060.0,115603.98,115768.68,4,2,2,1,2,2,2,1,1,3.0,3,3.0,3.0,3.0,1.0,1.0,1.0,2,4,1,1.0,0.0,1,0,2,2,2,3,1.0,2.0,3,3.0
2025-09-13 16:00:00,115768.68,115817.37,115127.27,115797.12,1,0,1,2,2,2,3,2,2,3.0,3,3.0,3.0,0.0,0.0,0.0,2.0,2,4,1,2.0,2.0,3,2,0,4,3,3,1.0,4.0,3,3.0
2025-09-13 20:00:00,115797.12,115991.29,115797.11,115918.29,2,2,4,3,0,0,0,0,0,4.0,4,4.0,4.0,2.0,1.0,1.0,2.0,0,3,0,0.0,3.0,0,3,1,0,4,3,0.0,0.0,4,4.0
2025-09-14 00:00:00,115918.29,116109.0,115651.99,115679.98,3,3,3,0,0,0,1,0,0,4.0,4,4.0,4.0,1.0,0.0,0.0,0.0,0,2,0,0.0,0.0,2,0,3,1,0,6,0.0,3.0,4,4.0
2025-09-14 04:00:00,115679.99,115936.0,115449.59,115805.39,1,1,1,2,0,0,0,1,1,4.0,4,4.0,4.0,1.0,0.0,0.0,0.0,0,1,0,0.0,3.0,2,3,2,3,0,6,0.0,1.0,4,4.0
2025-09-14 08:00:00,115805.39,116165.19,115748.78,115794.91,4,4,4,4,0,0,0,0,0,0.0,0,0.0,0.0,4.0,4.0,4.0,4.0,4,4,4,0.0,2.0,0,2,4,0,1,6,4.0,1.0,0,0.0
2025-09-14 12:00:00,115794.92,115878.49,115141.8,115224.01,4,3,3,0,3,3,3,3,3,0.0,0,0.0,0.0,4.0,3.0,3.0,4.0,4,4,3,1.0,0.0,2,0,1,1,2,6,4.0,4.0,0,0.0
2025-09-14 16:00:00,115224.01,115657.5,115193.9,115634.99,0,2,3,3,0,0,0,1,1,0.0,0,0.0,0.0,4.0,3.0,3.0,4.0,4,4,2,1.0,4.0,0,4,0,0,3,6,4.0,0.0,0,0.0
2025-09-14 20:00:00,115634.99,116087.35,115135.0,115268.01,3,4,2,1,1,1,1,1,1,1.0,1,1.0,1.0,3.0,2.0,2.0,3.0,3,3,1,2.0,0.0,3,0,4,2,4,6,1.0,3.0,1,2.0
2025-09-15 00:00:00,115268.01,115594.9,114825.0,115445.45,1,1,1,3,2,2,2,2,2,3.0,3,2.0,3.0,0.0,2.0,2.0,0.0,3,3,1,0.0,3.0,2,3,1,4,0,0,0.0,2.0,1,4.0
2025-09-15 04:00:00,115445.46,116757.99,115400.0,115806.62,3,4,4,4,4,4,3,4,4,4.0,4,3.0,4.0,1.0,4.0,4.0,2.0,2,2,4,0.0,3.0,4,3,4,0,0,0,2.0,4.0,2,4.0
2025-09-15 08:00:00,115806.62,115806.62,114625.87,115070.0,4,2,0,0,4,4,4,4,4,3.0,4,2.0,3.0,2.0,0.0,0.0,0.0,2,2,0,2.0,0.0,4,0,0,4,1,0,1.0,3.0,2,4.0
2025-09-15 12:00:00,115070.01,115099.0,114384.0,114842.9,0,0,0,0,4,4,4,4,4,2.0,1,1.0,2.0,3.0,0.0,0.0,0.0,1,1,0,3.0,1.0,1,1,0,4,2,0,3.0,1.0,3,2.0
2025-09-15 16:00:00,114842.9,115570.0,114600.0,115307.78,0,0,0,2,2,2,4,3,3,4.0,2,3.0,4.0,2.0,1.0,1.0,1.0,1,1,0,4.0,4.0,3,4,3,2,3,0,3.0,0.0,3,3.0
2025-09-15 20:00:00,115307.78,115605.07,115200.07,115349.71,2,1,4,2,1,1,0,0,0,4.0,2,4.0,4.0,1.0,1.0,1.0,2.0,0,0,2,4.0,2.0,0,2,3,1,4,0,2.0,0.0,4,3.0
2025-09-16 00:00:00,115349.71,115520.0,114945.01,115307.25,2,0,2,1,0,0,1,0,0,2.0,3,4.0,2.0,0.0,0.0,0.0,1.0,0,0,3,3.0,1.0,1,1,2,3,0,1,0.0,2.0,4,1.0
2025-09-16 04:00:00,115307.26,116009.62,114930.0,115840.0,1,3,1,4,3,3,2,2,2,1.0,4,4.0,1.0,0.0,4.0,4.0,3.0,0,0,4,4.0,4.0,4,4,2,3,0,1,0.0,4.0,4,1.0
2025-09-16 08:00:00,115839.99,115981.17,115206.15,115287.83,0,0,0,0,0,0,0,0,0,0.0,0,4.0,0.0,0.0,0.0,0.0,0.0,0,1,0,0.0,0.0,0,0,1,0,1,0,0.0,1.0,0,0.0
2025-09-16 12:00:00,115287.84,115905.89,114737.11,115905.88,0,0,0,1,3,3,3,3,2,0.0,0,4.0,0.0,0.0,2.0,2.0,0.0,0,0,0,0.0,3.0,3,3,0,4,2,0,0.0,4.0,0,0.0
2025-09-16 16:00:00,115905.88,116870.76,115608.28,116800.12,1,1,2,3,4,4,3,4,4,0.0,0,4.0,0.0,0.0,4.0,4.0,2.0,1,0,2,2.0,4.0,3,4,0,2,3,0,1.0,2.0,0,0.0
2025-09-16 20:00:00,116800.13,116964.27,116584.45,116788.96,4,2,4,3,0,0,0,0,0,1.0,1,3.0,1.0,1.0,4.0,4.0,4.0,2,0,3,0.0,2.0,0,2,2,1,4,0,0.0,0.0,1,1.0
2025-09-17 00:00:00,116788.96,117077.16,116371.81,116372.04,3,3,4,2,1,1,1,1,1,1.0,1,3.0,1.0,1.0,2.0,2.0,2.0,3,1,3,1.0,1.0,0,1,3,0,0,3,1.0,3.0,1,1.0
2025-09-17 04:00:00,116372.05,117286.73,116160.22,117162.48,2,4,3,4,2,2,1,2,3,2.0,2,0.0,2.0,2.0,4.0,4.0,4.0,4,2,4,2.0,3.0,2,3,1,2,0,3,2.0,3.0,2,2.0
2025-09-17 08:00:00,117162.48,117189.86,116253.27,116258.13,4,3,3,1,0,0,0,0,0,3.0,3,1.0,3.0,3.0,1.0,1.0,1.0,4,4,4,3.0,0.0,1,0,0,0,1,3,2.0,1.0,2,3.0
2025-09-17 12:00:00,116258.12,116516.93,115432.0,115875.32,2,1,1,0,3,3,4,3,3,3.0,3,2.0,3.0,3.0,0.0,0.0,0.0,2,4,1,1.0,1.0,2,1,3,4,2,3,3.0,4.0,3,3.0
2025-09-17 16:00:00,115875.33,116333.33,114720.81,115652.02,1,0,0,0,4,4,4,4,4,2.0,2,1.0,2.0,2.0,0.0,0.0,1.0,0,3,0,3.0,2.0,4,2,4,4,3,3,3.0,4.0,3,2.0
2025-09-17 20:00:00,115652.02,116990.68,115307.33,116447.59,0,2,1,2,2,2,2,2,2,4.0,4,2.0,4.0,4.0,1.0,1.0,3.0,1,2,1,4.0,4.0,4,4,4,3,4,3,4.0,0.0,4,4.0
2025-09-18 00:00:00,116447.6,117896.0,116092.76,117581.66,3,4,2,4,4,4,4,4,4,4.0,4,0.0,4.0,4.0,3.0,3.0,4.0,3,3,2,4.0,4.0,4,4,4,3,0,6,4.0,2.0,4,4.0
2025-09-18 04:00:00,117581.67,117750.0,116888.02,117086.01,4,4,4,4,1,1,2,1,1,4.0,4,0.0,4.0,4.0,3.0,3.0,3.0,4,4,4,4.0,0.0,1,0,2,1,0,6,4.0,0.0,4,4.0
2025-09-18 08:00:00,117086.01,117413.04,117010.59,117063.4,4,3,4,3,1,1,2,3,3,0.0,0,0.0,0.0,0.0,4.0,4.0,4.0,3,1,4,4.0,3.0,0,3,4,1,1,0,4.0,0.0,0,0.0
2025-09-18 12:00:00,117063.41,117843.83,116977.59,117583.56,3,4,4,4,4,4,4,4,4,0.0,1,0.0,0.0,0.0,4.0,4.0,4.0,4,2,4,4.0,4.0,3,4,3,2,2,0,4.0,4.0,0,0.0
2025-09-18 16:00:00,117583.56,117900.0,117196.33,117450.21,4,4,4,4,4,4,4,4,4,0.0,2,0.0,0.0,3.0,4.0,4.0,4.0,4,3,4,4.0,2.0,2,2,4,3,3,0,4.0,1.0,0,0.0
2025-09-18 20:00:00,117450.21,117657.17,116612.03,117073.53,4,4,2,4,2,2,1,2,2,1.0,3,1.0,1.0,3.0,3.0,3.0,3.0,4,4,3,3.0,1.0,4,1,2,4,4,0,1.0,1.0,1,1.0
2025-09-19 00:00:00,117073.53,117459.99,116871.61,116977.58,3,3,3,3,2,2,3,1,1,1.0,4,1.0,1.0,4.0,3.0,3.0,3.0,3,4,3,1.0,2.0,2,2,4,3,0,3,0.0,3.0,1,1.0
2025-09-19 04:00:00,116977.58,117100.0,116633.86,116909.97,2,2,3,2,3,3,2,2,2,3.0,4,3.0,3.0,4.0,2.0,2.0,2.0,2,4,2,1.0,3.0,0,3,1,4,0,3,2.0,4.0,2,2.0
2025-09-19 08:00:00,116909.98,117090.36,116300.0,116394.72,2,2,2,2,1,1,1,1,1,4.0,4,4.0,4.0,1.0,2.0,2.0,2.0,2,3,2,2.0,0.0,3,0,2,2,1,3,2.0,2.0,2,2.0
2025-09-19 12:00:00,116394.72,116529.08,115464.19,115884.03,1,1,1,1,4,4,4,4,4,4.0,3,4.0,4.0,0.0,1.0,1.0,0.0,1,2,1,2.0,0.0,4,0,1,4,2,3,3.0,4.0,3,3.0
2025-09-19 16:00:00,115884.03,116136.0,115112.58,115125.12,1,1,0,0,3,3,3,3,3,4.0,2,4.0,4.0,1.0,0.0,0.0,0.0,1,1,0,3.0,0.0,4,0,3,0,3,3,3.0,0.0,3,3.0
2025-09-19 20:00:00,115125.13,115657.28,115100.0,115632.38,0,0,0,0,0,0,0,0,0,3.0,1,3.0,3.0,2.0,0.0,0.0,1.0,0,0,0,0.0,4.0,1,4,0,0,4,3,1.0,0.0,4,4.0
2025-09-20 00:00:00,115632.39,115730.41,115408.47,115445.0,0,0,0,0,0,0,0,0,0,2.0,0,2.0,2.0,4.0,0.0,0.0,1.0,0,0,0,0.0,1.0,0,1,0,1,0,6,0.0,2.0,4,4.0
2025-09-20 04:00:00,115445.0,115985.2,115409.08,115968.56,0,0,1,1,0,0,0,0,0,2.0,0,2.0,2.0,2.0,1.0,1.0,0.0,0,0,1,0.0,4.0,1,4,0,0,0,6,0.0,3.0,4,4.0
2025-09-20 08:00:00,115968.56,115968.57,115664.11,115894.06,4,4,4,4,2,2,1,1,1,4.0,4,4.0,4.0,4.0,4.0,4.0,1.0,4,4,0,4.0,2.0,0,2,0,3,1,5,4.0,2.0,0,3.0
2025-09-20 12:00:00,115894.05,116121.81,115804.47,115986.69,4,4,4,4,3,3,0,2,2,4.0,4,4.0,4.0,3.0,4.0,4.0,4.0,4,4,0,4.0,4.0,1,4,3,1,2,5,4.0,2.0,0,2.0
2025-09-20 16:00:00,115986.7,116079.46,115698.08,115702.0,4,4,4,3,3,3,0,3,3,4.0,4,4.0,4.0,3.0,1.0,1.0,3.0,4,4,1,4.0,0.0,3,0,2,0,3,5,4.0,3.0,1,2.0
2025-09-20 20:00:00,115702.0,115944.7,115603.42,115685.63,3,3,3,3,0,0,0,1,1,3.0,3,3.0,3.0,4.0,2.0,2.0,0.0,3,3,1,3.0,3.0,2,3,4,1,4,5,3.0,0.0,1,3.0
2025-09-21 00:00:00,115685.63,115732.94,115441.83,115669.41,2,1,2,2,4,4,2,3,3,3.0,3,3.0,3.0,4.0,1.0,1.0,0.0,3,3,2,2.0,4.0,0,4,1,2,0,6,3.0,4.0,2,4.0
2025-09-21 04:00:00,115669.42,115815.98,115487.56,115815.97,2,2,3,4,2,2,1,4,4,2.0,2,2.0,2.0,2.0,4.0,4.0,2.0,2,2,3,2.0,4.0,1,4,0,2,0,6,2.0,1.0,2,4.0
2025-09-21 08:00:00,115815.98,115819.06,115329.03,115603.45,3,3,1,2,1,1,3,0,0,2.0,2,2.0,2.0,2.0,3.0,3.0,2.0,2,2,3,1.0,1.0,4,1,1,4,1,6,1.0,1.0,3,4.0
2025-09-21 12:00:00,115603.45,115747.23,115473.19,115531.61,1,2,2,1,0,0,2,0,0,1.0,1,1.0,1.0,1.0,2.0,2.0,1.0,1,1,4,1.0,2.0,0,2,4,0,2,6,1.0,0.0,3,1.0
2025-09-21 16:00:00,115531.62,115665.52,115209.02,115480.05,1,1,1,1,1,1,4,2,2,1.0,1,0.0,1.0,1.0,3.0,3.0,3.0,1,1,4,0.0,3.0,3,3,3,3,3,6,0.0,3.0,4,1.0
2025-09-21 20:00:00,115480.05,115545.43,115188.0,115232.29,0,0,0,0,0,0,3,0,0,0.0,0,1.0,0.0,0.0,0.0,0.0,4.0,0,0,4,0.0,1.0,2,1,2,0,4,6,0.0,0.0,4,0.0
2025-09-22 00:00:00,115232.29,115379.25,114150.0,114649.89,0,0,0,0,4,4,4,4,4,0.0,0,0.0,0.0,0.0,0.0,0.0,4.0,0,0,2,0.0,0.0,4,0,4,4,0,0,0.0,4.0,4,0.0
2025-09-22 04:00:00,114649.89,114649.9,111800.0,112519.99,0,0,0,0,4,4,4,4,4,0.0,0,0.0,0.0,0.0,0.0,0.0,0.0,0,0,0,3.0,0.0,4,0,0,4,0,0,2.0,4.0,0,0.0
2025-09-22 08:00:00,112520.0,112976.02,112173.52,112876.97,2,2,3,3,4,4,2,4,4,4.0,4,4.0,4.0,3.0,0.0,0.0,2.0,4,4,1,0.0,3.0,1,3,1,2,1,0,0.0,0.0,4,4.0
2025-09-22 12:00:00,112876.97,113432.76,112380.0,112815.5,3,4,4,3,4,4,4,4,4,4.0,4,4.0,4.0,2.0,0.0,0.0,0.0,4,4,0,0.0,2.0,3,2,4,3,2,0,0.0,3.0,4,4.0
2025-09-22 16:00:00,112815.5,112888.0,111936.4,112122.9,3,1,2,1,3,3,1,1,1,4.0,4,4.0,4.0,4.0,0.0,0.0,0.0,4,4,0,0.0,0.0,2,0,0,1,3,0,1.0,1.0,4,4.0
2025-09-22 20:00:00,112122.9,112977.41,111975.28,112650.99,1,3,3,2,0,0,0,0,0,3.0,3,3.0,3.0,4.0,1.0,1.0,1.0,3,3,0,1.0,4.0,2,4,4,0,4,0,0.0,0.0,3,3.0
2025-09-23 00:00:00,112650.99,112833.09,111478.0,112339.99,2,1,0,1,2,2,2,2,2,3.0,3,3.0,3.0,4.0,1.0,1.0,0.0,0,3,1,1.0,1.0,4,1,1,4,0,3,1.0,4.0,3,3.0
2025-09-23 04:00:00,112339.99,113114.01,111876.15,113090.13,1,3,2,4,2,2,4,3,3,2.0,2,2.0,2.0,3.0,3.0,3.0,4.0,2,2,2,2.0,4.0,3,4,0,4,0,3,2.0,2.0,2,2.0
2025-09-23 08:00:00,113090.13,113281.5,112683.33,112975.99,4,4,4,4,0,0,0,0,0,2.0,2,2.0,2.0,2.0,4.0,4.0,4.0,2,2,2,2.0,1.0,0,1,2,2,1,3,2.0,1.0,2,2.0
2025-09-23 12:00:00,112975.99,113290.5,112496.61,112882.19,4,4,4,4,1,1,3,1,1,1.0,1,1.0,1.0,1.0,4.0,4.0,3.0,3,1,4,3.0,2.0,0,2,3,3,2,3,3.0,3.0,1,1.0
2025-09-23 16:00:00,112882.2,112958.58,111540.2,111655.29,4,2,1,0,1,1,4,2,2,1.0,1,1.0,1.0,1.0,2.0,2.0,1.0,1,1,3,3.0,0.0,4,0,0,0,3,3,3.0,4.0,1,1.0
2025-09-23 20:00:00,111655.29,112220.54,111458.73,111998.8,0,0,0,0,0,0,0,0,0,0.0,0,0.0,0.0,0.0,3.0,3.0,3.0,0,0,3,4.0,3.0,0,3,3,1,4,3,4.0,0.0,0,0.0
2025-09-24 00:00:00,111998.8,112500.0,111683.09,111683.09,0,0,1,0,3,3,3,3,3,0.0,0,0.0,0.0,0.0,2.0,2.0,2.0,0,0,4,4.0,0.0,1,0,4,0,0,6,4.0,4.0,0,0.0
2025-09-24 04:00:00,111683.1,112779.37,111042.66,112583.54,0,0,0,2,4,4,1,4,4,0.0,0,0.0,0.0,0.0,4.0,4.0,4.0,1,0,4,4.0,4.0,4,4,2,4,0,6,4.0,2.0,0,0.0
2025-09-24 08:00:00,112583.54,113162.17,112405.62,113029.46,3,3,3,3,0,0,0,0,0,4.0,3,1.0,4.0,4.0,3.0,3.0,2.0,1,0,2,4.0,4.0,0,4,1,0,1,0,0.0,0.0,4,4.0
2025-09-24 12:00:00,113029.45,113890.0,112808.0,113346.41,3,4,4,4,2,2,2,2,2,4.0,4,2.0,4.0,4.0,4.0,4.0,4.0,2,1,3,2.0,4.0,3,4,4,2,2,0,0.0,4.0,4,4.0
2025-09-24 16:00:00,113346.4,113940.0,113163.21,113420.01,4,4,4,4,0,0,0,0,0,4.0,4,2.0,4.0,4.0,4.0,4.0,4.0,3,1,4,2.0,3.0,1,3,4,1,3,0,0.0,0.0,4,4.0
2025-09-24 20:00:00,113420.0,113647.58,113204.71,113307.0,4,4,4,4,0,0,0,0,0,3.0,4,3.0,3.0,3.0,4.0,4.0,4.0,4,2,4,0.0,2.0,0,2,3,0,4,0,1.0,1.0,3,3.0
2025-09-25 00:00:00,113307.01,113510.23,112214.74,112546.21,4,3,3,3,3,4,4,3,3,3.0,3,3.0,3.0,2.0,3.0,3.0,3.0,4,3,4,1.0,0.0,4,0,2,3,0,3,2.0,4.0,3,3.0
2025-09-25 04:00:00,112546.22,112614.43,111450.42,111766.72,2,2,2,2,3,3,3,3,3,2.0,2,4.0,2.0,0.0,2.0,2.0,3.0,4,4,3,1.0,0.0,4,0,0,3,0,3,4.0,2.0,2,2.0
2025-09-25 08:00:00,111766.73,112246.46,111283.63,111348.0,2,2,2,1,1,2,1,1,1,2.0,2,4.0,2.0,0.0,0.0,0.0,2.0,3,4,2,0.0,1.0,2,1,4,0,1,3,3.0,1.0,2,2.0
2025-09-25 12:00:00,111347.99,111729.52,110629.99,111580.77,1,1,1,2,4,4,4,4,4,1.0,1,4.0,1.0,0.0,2.0,2.0,1.0,2,4,1,0.0,3.0,3,3,1,4,2,3,1.0,4.0,1,1.0
2025-09-25 16:00:00,111580.77,111672.58,108631.51,109360.0,1,1,0,0,4,4,4,4,4,1.0,1,1.0,1.0,1.0,0.0,0.0,0.0,1,3,1,4.0,0.0,4,0,0,4,3,3,4.0,3.0,1,1.0
2025-09-25 20:00:00,109360.0,109685.72,108765.0,108994.49,0,0,0,0,1,1,3,2,2,0.0,0,0.0,0.0,1.0,0.0,0.0,0.0,0,2,0,4.0,1.0,1,1,3,2,4,3,3.0,0.0,0,0.0
2025-09-26 00:00:00,108994.49,109798.84,108809.24,109580.01,0,0,0,1,2,1,2,1,1,0.0,0,0.0,0.0,2.0,1.0,1.0,1.0,0,0,0,3.0,4.0,2,4,2,1,0,6,2.0,2.0,0,0.0
2025-09-26 04:00:00,109580.0,109625.94,108913.0,109320.02,0,0,1,0,4,3,1,4,4,0.0,0,0.0,0.0,3.0,1.0,1.0,0.0,0,0,0,3.0,2.0,0,2,0,4,0,6,4.0,3.0,0,0.0
2025-09-26 08:00:00,109320.02,109690.98,108620.07,109133.5,1,2,0,0,4,4,4,4,4,4.0,4,4.0,4.0,4.0,0.0,0.0,4.0,0,4,0,4.0,0.0,4,0,4,4,1,0,4.0,3.0,4,4.0
2025-09-26 12:00:00,109133.5,109779.73,108764.76,109027.78,0,4,0,0,4,4,4,4,4,4.0,4,4.0,4.0,4.0,0.0,0.0,2.0,0,3,0,3.0,1.0,4,1,4,4,2,0,4.0,3.0,4,4.0
2025-09-26 16:00:00,109027.79,110300.0,109027.78,109172.2,0,4,0,0,4,4,4,4,4,4.0,4,4.0,4.0,4.0,0.0,0.0,0.0,0,2,0,4.0,4.0,4,4,4,0,3,0,4.0,0.0,4,4.0
2025-09-26 20:00:00,109172.21,109687.69,109087.57,109643.46,0,1,1,4,1,1,3,2,2,3.0,3,3.0,3.0,3.0,1.0,1.0,1.0,1,1,1,4.0,4.0,3,4,0,1,4,0,3.0,0.0,3,3.0
2025-09-27 00:00:00,109643.46,109743.91,109324.42,109553.77,4,3,3,4,2,2,1,2,3,3.0,3,2.0,3.0,3.0,1.0,1.0,0.0,1,0,1,3.0,2.0,2,2,2,3,0,3,3.0,4.0,3,3.0
2025-09-27 04:00:00,109553.77,109742.27,109332.02,109411.2,4,3,4,2,2,2,0,1,1,2.0,2,1.0,2.0,2.0,2.0,2.0,0.0,2,0,2,2.0,0.0,1,0,3,0,0,3,2.0,2.0,2,2.0
2025-09-27 08:00:00,109411.19,109477.69,109064.4,109310.21,2,0,1,1,3,3,2,3,3,2.0,2,1.0,2.0,2.0,2.0,2.0,1.0,2,0,2,2.0,1.0,2,1,1,4,1,3,2.0,4.0,2,2.0
2025-09-27 12:00:00,109310.22,109477.59,109193.0,109402.24,1,0,2,1,3,3,2,3,2,1.0,1,0.0,1.0,1.0,3.0,3.0,2.0,3,1,3,1.0,3.0,0,3,2,2,2,3,1.0,2.0,1,1.0
2025-09-27 16:00:00,109402.25,109440.0,109243.89,109424.2,2,0,2,2,0,0,1,0,0,1.0,1,0.0,1.0,1.0,3.0,3.0,3.0,3,2,3,1.0,2.0,0,2,0,2,3,3,1.0,0.0,1,1.0
2025-09-27 20:00:00,109424.21,109699.98,109362.72,109635.85,3,2,4,4,0,0,0,0,0,0.0,0,0.0,0.0,0.0,4.0,4.0,3.0,4,3,4,0.0,4.0,1,4,1,0,4,3,0.0,1.0,0,0.0
2025-09-28 00:00:00,109635.85,109787.75,109325.05,109436.0,4,4,4,3,1,1,3,1,1,0.0,0,2.0,0.0,0.0,4.0,4.0,4.0,4,4,4,0.0,0.0,3,0,3,1,0,6,0.0,4.0,0,0.0
2025-09-28 04:00:00,109436.0,109537.8,109260.0,109513.06,3,1,3,3,0,0,0,0,0,0.0,0,3.0,0.0,0.0,4.0,4.0,4.0,4,4,4,0.0,3.0,0,3,0,3,0,6,0.0,1.0,0,0.0
2025-09-28 08:00:00,109513.06,109585.39,109250.0,109369.02,0,0,0,0,0,0,0,0,0,1.0,0,3.0,1.0,1.0,0.0,0.0,0.0,0,0,0,1.0,0.0,0,0,1,1,1,6,4.0,3.0,4,2.0
2025-09-28 12:00:00,109369.02,110037.93,109189.99,110037.93,0,0,0,0,0,0,1,0,0,0.0,0,4.0,0.0,0.0,0.0,0.0,0.0,0,0,0,2.0,4.0,3,4,0,2,2,6,4.0,3.0,4,1.0
2025-09-28 16:00:00,110037.92,110393.63,110008.54,110337.6,0,0,0,0,0,0,0,0,0,0.0,0,4.0,0.0,0.0,1.0,1.0,0.0,0,0,0,0.0,3.0,1,3,1,0,3,6,4.0,1.0,4,0.0
2025-09-28 20:00:00,110337.61,112350.0,110294.78,112163.95,1,2,1,2,4,4,4,4,4,0.0,1,4.0,0.0,0.0,4.0,4.0,3.0,1,1,1,2.0,4.0,4,4,3,0,4,6,3.0,4.0,3,0.0
2025-09-29 00:00:00,112163.96,112310.0,111588.07,111857.51,3,1,2,1,2,2,3,2,2,1.0,1,3.0,1.0,1.0,4.0,4.0,1.0,1,1,1,1.0,0.0,2,0,3,3,0,0,1.0,1.0,3,0.0
2025-09-29 04:00:00,111857.51,111904.34,111560.65,111865.95,1,1,1,1,1,1,1,2,2,2.0,2,2.0,2.0,2.0,3.0,3.0,1.0,2,2,2,0.0,1.0,0,1,0,4,0,0,0.0,0.0,2,1.0
2025-09-29 08:00:00,111865.96,112421.99,111865.95,112100.0,2,2,2,2,2,2,2,3,3,2.0,2,2.0,2.0,2.0,2.0,2.0,2.0,2,2,2,0.0,2.0,1,2,4,0,1,0,0.0,2.0,2,2.0
2025-09-29 12:00:00,112100.0,114231.56,111901.26,113815.57,2,3,3,3,4,4,4,4,4,3.0,3,1.0,3.0,3.0,4.0,4.0,3.0,3,3,3,3.0,4.0,4,4,4,2,2,0,2.0,4.0,1,3.0
2025-09-29 16:00:00,113815.57,114390.93,113449.74,114265.55,3,4,3,4,4,4,3,4,4,3.0,3,1.0,3.0,3.0,3.0,3.0,4.0,3,3,4,3.0,3.0,4,3,2,4,3,0,2.0,0.0,1,3.0
2025-09-29 20:00:00,114265.56,114400.0,114020.0,114311.96,4,4,4,4,1,1,0,1,1,4.0,4,0.0,4.0,4.0,2.0,2.0,4.0,4,4,4,4.0,1.0,0,1,2,3,4,0,0.0,0.0,0,4.0
2025-09-30 00:00:00,114311.97,114792.0,114040.35,114376.39,4,4,4,4,3,3,4,3,3,4.0,4,0.0,4.0,4.0,1.0,1.0,4.0,4,4,4,4.0,2.0,2,2,4,4,0,1,1.0,4.0,0,4.0
2025-09-30 04:00:00,114376.39,114376.4,113585.0,113699.23,4,3,4,3,3,3,2,1,1,4.0,4,0.0,4.0,4.0,0.0,0.0,2.0,4,4,3,4.0,0.0,3,0,0,1,0,1,3.0,2.0,0,4.0
2025-09-30 08:00:00,113699.24,113741.37,112656.27,113055.01,0,0,0,0,3,3,2,3,3,0.0,0,0.0,0.0,0.0,0.0,0.0,1.0,0,0,2,0.0,0.0,2,0,0,4,1,0,0.0,4.0,2,0.0
2025-09-30 12:00:00,113055.0,113677.23,112866.11,113106.16,0,0,0,0,2,2,4,2,2,0.0,0,0.0,0.0,0.0,0.0,0.0,0.0,0,0,1,0.0,1.0,1,1,4,1,2,0,0.0,3.0,1,0.0
2025-09-30 16:00:00,113106.15,114563.46,112800.0,114359.99,0,1,0,1,2,1,2,1,1,0.0,0,0.0,0.0,0.0,2.0,2.0,4.0,0,0,1,1.0,4.0,4,4,2,3,3,0,0.0,2.0,1,0.0
2025-09-30 20:00:00,114359.99,114754.87,113765.42,114048.93,2,2,1,0,0,0,0,1,1,1.0,1,1.0,1.0,1.0,1.0,1.0,1.0,1,1,0,1.0,0.0,1,0,3,3,4,0,1.0,0.0,0,1.0
2025-10-01 00:00:00,114048.94,114551.76,113966.67,114176.92,1,0,1,1,1,1,0,0,0,1.0,1,1.0,1.0,1.0,0.0,0.0,0.0,1,1,0,2.0,2.0,0,2,3,0,0,3,1.0,3.0,0,1.0
2025-10-01 04:00:00,114176.93,114740.0,114151.0,114539.02,1,1,2,2,0,0,1,0,0,2.0,2,2.0,2.0,2.0,1.0,1.0,0.0,2,2,0,0.0,3.0,0,3,1,0,0,3,2.0,2.0,0,2.0
2025-10-01 08:00:00,114539.02,116795.85,114484.43,116789.58,2,2,2,2,4,4,3,4,4,2.0,2,2.0,2.0,2.0,4.0,4.0,3.0,2,2,2,2.0,4.0,4,4,0,0,1,3,2.0,4.0,2,2.0
2025-10-01 12:00:00,116789.57,117649.99,116363.38,117423.73,3,3,3,3,4,4,4,4,4,3.0,3,3.0,3.0,3.0,4.0,4.0,4.0,3,3,3,3.0,3.0,3,3,2,4,2,3,3.0,1.0,3,3.0
2025-10-01 16:00:00,117423.73,118199.0,116724.56,117439.53,3,3,3,3,3,3,3,3,3,3.0,3,3.0,3.0,3.0,3.0,3.0,4.0,3,3,3,4.0,1.0,3,1,4,4,3,3,3.0,1.0,3,3.0
2025-10-01 20:00:00,117439.53,118649.1,117163.25,118594.99,4,4,4,4,1,2,1,2,2,4.0,4,4.0,4.0,4.0,4.0,4.0,3.0,4,4,4,3.0,4.0,4,4,0,2,4,3,4.0,0.0,4,4.0
2025-10-02 00:00:00,118594.99,119456.92,118368.05,118733.99,4,4,4,4,4,4,4,4,4,4.0,4,4.0,4.0,4.0,3.0,3.0,2.0,4,4,4,4.0,2.0,2,2,4,2,0,6,4.0,4.0,4,4.0
2025-10-02 04:00:00,118733.99,118930.29,118279.31,118489.76,4,4,4,4,0,0,0,0,0,4.0,4,4.0,4.0,4.0,2.0,2.0,2.0,4,4,4,4.0,0.0,0,0,1,1,0,6,4.0,0.0,4,4.0
2025-10-02 08:00:00,118489.76,118926.49,118354.61,118765.73,0,0,0,0,0,0,0,0,0,0.0,0,0.0,0.0,0.0,2.0,2.0,0.0,0,0,4,0.0,2.0,0,2,3,0,1,0,0.0,0.0,0,0.0
2025-10-02 12:00:00,118765.72,119910.79,118516.39,119910.78,0,0,0,0,4,4,4,4,4,0.0,0,0.0,0.0,0.0,4.0,4.0,3.0,0,0,4,2.0,4.0,3,4,0,1,2,0,1.0,4.0,0,0.0
2025-10-02 16:00:00,119910.78,121022.07,119359.63,120836.49,1,2,1,2,3,3,3,3,3,0.0,0,0.0,0.0,0.0,4.0,4.0,4.0,1,0,4,2.0,4.0,4,4,4,4,3,0,2.0,1.0,0,0.0
2025-10-02 20:00:00,120836.49,120914.0,120072.46,120529.35,3,2,3,2,2,2,1,2,2,1.0,1,1.0,1.0,1.0,3.0,3.0,4.0,2,1,3,3.0,0.0,2,0,1,3,4,0,0.0,0.0,1,1.0
2025-10-03 00:00:00,120529.35,120550.9,119820.0,120225.89,2,1,2,1,1,1,2,2,2,1.0,1,1.0,1.0,1.0,1.0,1.0,3.0,2,1,3,0.0,1.0,1,1,0,2,0,3,0.0,2.0,1,1.0
2025-10-03 04:00:00,120225.88,120324.53,119610.59,119640.21,1,0,1,0,2,2,0,1,1,2.0,2,2.0,2.0,2.0,0.0,0.0,1.0,1,2,1,0.0,0.0,1,0,2,0,0,3,1.0,2.0,2,2.0
2025-10-03 08:00:00,119640.22,120515.89,119248.3,120334.5,0,1,0,1,3,3,3,3,3,2.0,2,2.0,2.0,2.0,0.0,0.0,2.0,0,2,0,1.0,3.0,3,3,3,2,1,3,2.0,4.0,2,2.0
2025-10-03 12:00:00,120334.51,122366.0,119881.24,122258.05,2,3,2,4,4,4,4,4,4,3.0,3,3.0,3.0,3.0,4.0,4.0,4.0,3,3,2,4.0,4.0,4,4,2,3,2,3,3.0,3.0,3,3.0
2025-10-03 16:00:00,122258.04,123894.99,121466.25,122660.99,4,4,3,4,4,4,4,4,4,3.0,3,3.0,3.0,3.0,3.0,3.0,2.0,4,3,2,4.0,3.0,4,3,4,4,3,3,4.0,4.0,3,3.0
2025-10-03 20:00:00,122661.0,122734.92,121999.33,122232.0,4,4,4,3,0,0,1,0,0,4.0,4,4.0,4.0,4.0,2.0,2.0,1.0,4,4,1,4.0,0.0,2,0,0,1,4,3,4.0,0.0,4,4.0
2025-10-04 00:00:00,122232.21,122325.6,121684.97,122243.99,3,3,4,3,1,1,2,1,1,4.0,4,4.0,4.0,4.0,1.0,1.0,0.0,4,4,0,3.0,1.0,0,1,1,4,0,6,4.0,3.0,4,4.0
2025-10-04 04:00:00,122243.99,122800.0,122219.3,122324.08,4,4,4,4,0,0,0,0,0,4.0,4,4.0,4.0,4.0,0.0,0.0,0.0,3,4,0,1.0,2.0,0,2,4,0,0,6,3.0,1.0,4,4.0
2025-10-04 08:00:00,122324.08,122539.83,121962.81,121973.26,1,1,1,0,0,0,0,0,1,0.0,0,0.0,0.0,1.0,2.0,2.0,3.0,4,4,4,1.0,1.0,0,1,2,0,1,5,4.0,2.0,0,0.0
2025-10-04 12:00:00,121973.26,122509.52,121698.88,121791.31,0,0,0,0,1,1,1,1,0,0.0,0,0.0,0.0,0.0,1.0,1.0,4.0,4,4,3,2.0,2.0,1,2,3,1,2,5,4.0,3.0,0,0.0
2025-10-04 16:00:00,121791.31,121964.95,121510.0,121959.25,0,0,0,0,1,1,0,0,0,0.0,0,0.0,0.0,0.0,1.0,1.0,4.0,3,4,2,2.0,2.0,0,2,0,3,3,5,2.0,2.0,0,0.0
2025-10-04 20:00:00,121959.25,122410.0,121871.01,122391.0,0,0,0,1,0,0,0,0,0,1.0,1,1.0,1.0,0.0,2.0,2.0,2.0,2,3,1,0.0,3.0,0,3,0,0,4,5,0.0,0.0,1,1.0
2025-10-05 00:00:00,122390.99,124362.28,122136.0,123776.22,1,4,1,4,4,4,3,4,4,1.0,1,1.0,1.0,1.0,4.0,4.0,3.0,2,2,3,0.0,4.0,4,4,4,3,0,6,0.0,4.0,1,1.0
2025-10-05 04:00:00,123776.23,125708.42,123734.0,124713.63,4,4,4,4,4,4,4,4,4,2.0,2,2.0,2.0,2.0,4.0,4.0,4.0,4,3,4,3.0,4.0,4,4,4,0,0,6,2.0,4.0,2,2.0
2025-10-05 08:00:00,124713.63,124838.37,122520.24,123464.64,4,4,3,3,4,4,4,4,4,2.0,2,2.0,2.0,4.0,3.0,3.0,2.0,3,2,4,4.0,0.0,4,0,1,4,1,6,3.0,1.0,2,2.0
2025-10-05 12:00:00,123464.64,123464.65,122675.0,122803.17,3,2,3,2,2,2,2,2,2,3.0,3,3.0,3.0,3.0,0.0,0.0,1.0,1,1,2,4.0,0.0,1,0,0,2,2,6,3.0,0.0,3,3.0
2025-10-05 16:00:00,122803.17,123464.0,122301.63,122591.79,2,1,2,1,3,3,3,3,3,3.0,3,3.0,3.0,2.0,0.0,0.0,1.0,1,1,0,4.0,1.0,3,1,4,4,3,6,4.0,3.0,3,3.0
2025-10-05 20:00:00,122591.8,123548.83,122473.62,123482.31,2,2,2,3,0,0,1,1,1,4.0,4,4.0,4.0,3.0,3.0,3.0,0.0,0,0,0,3.0,4.0,2,4,1,2,4,6,1.0,0.0,4,4.0
2025-10-06 00:00:00,123482.32,124358.46,123084.0,123839.09,3,3,4,4,3,3,4,3,3,4.0,4,4.0,4.0,4.0,4.0,4.0,0.0,0,0,1,0.0,3.0,3,3,3,4,0,0,1.0,4.0,4,4.0
2025-10-06 04:00:00,123839.09,124165.56,123280.49,123390.47,4,3,4,2,2,2,2,2,2,4.0,4,4.0,4.0,4.0,0.0,0.0,0.0,0,0,0,1.0,0.0,2,0,2,1,0,0,0.0,1.0,4,4.0
2025-10-06 08:00:00,123390.47,124531.66,123390.46,124215.0,1,2,2,2,3,3,0,3,3,0.0,0,0.0,0.0,0.0,4.0,4.0,3.0,3,4,3,0.0,4.0,2,4,1,0,1,0,1.0,3.0,0,0.0
2025-10-06 12:00:00,124215.0,125408.29,124178.0,125000.0,2,4,4,4,3,3,4,3,3,0.0,0,0.0,0.0,0.0,4.0,4.0,4.0,4,4,4,0.0,4.0,3,4,2,0,2,0,2.0,4.0,0,0.0
2025-10-06 16:00:00,125000.0,126199.63,124800.0,125410.81,4,4,4,4,4,4,3,4,4,0.0,1,1.0,0.0,0.0,4.0,4.0,4.0,4,4,4,0.0,3.0,4,3,4,2,3,0,3.0,2.0,0,0.0
2025-10-06 20:00:00,125410.8,125534.0,124511.15,124658.54,4,4,4,4,0,0,0,0,0,1.0,2,2.0,1.0,1.0,3.0,3.0,4.0,4,3,4,1.0,0.0,0,0,0,2,4,0,2.0,0.0,1,2.0
2025-10-07 00:00:00,124658.54,125082.27,124101.26,124329.74,4,3,3,3,0,0,1,0,0,1.0,3,2.0,1.0,1.0,3.0,3.0,3.0,3,3,3,2.0,1.0,0,1,3,3,0,3,0.0,1.0,1,3.0
2025-10-07 04:00:00,124329.74,124654.47,123567.6,123667.99,3,2,3,2,2,2,1,1,1,2.0,4,4.0,2.0,2.0,2.0,2.0,2.0,2,2,2,2.0,0.0,2,0,2,1,0,3,0.0,4.0,2,4.0
2025-10-07 08:00:00,123668.0,124509.6,123322.9,124453.38,2,1,2,3,1,1,0,2,2,4.0,4,4.0,4.0,2.0,2.0,2.0,2.0,2,2,2,1.0,4.0,3,4,0,4,1,3,0.0,1.0,2,4.0
2025-10-07 12:00:00,124453.37,125126.0,121172.89,121846.01,3,3,0,1,4,4,4,4,4,4.0,4,4.0,4.0,3.0,1.0,1.0,0.0,1,1,1,4.0,0.0,4,0,4,4,2,3,1.0,4.0,3,4.0
2025-10-07 16:00:00,121846.01,122084.14,120574.94,121637.17,1,0,0,1,4,4,4,4,4,4.0,3,3.0,4.0,3.0,0.0,0.0,0.0,1,1,1,3.0,2.0,4,2,0,4,3,3,3.0,0.0,3,3.0
2025-10-07 20:00:00,121637.18,122292.62,121258.08,121332.95,0,1,1,0,0,0,2,0,0,3.0,2,3.0,3.0,4.0,0.0,0.0,1.0,0,0,0,4.0,1.0,1,1,3,0,4,3,4.0,0.0,4,2.0
2025-10-08 00:00:00,121332.96,122229.66,121200.0,121374.75,0,0,1,0,1,1,3,1,1,3.0,1,1.0,3.0,4.0,0.0,0.0,1.0,0,0,0,4.0,2.0,1,2,4,1,0,6,4.0,3.0,4,1.0
2025-10-08 04:00:00,121374.76,121910.24,121066.14,121597.06,0,0,0,0,2,2,2,2,2,2.0,0,0.0,2.0,4.0,1.0,1.0,0.0,0,0,0,3.0,3.0,0,3,1,3,0,6,4.0,2.0,4,1.0
2025-10-08 08:00:00,121597.05,123200.0,121524.01,122884.14,1,2,3,4,3,3,3,3,3,4.0,3,4.0,4.0,4.0,3.0,3.0,3.0,4,4,0,0.0,4.0,2,4,2,0,1,0,4.0,3.0,0,4.0
2025-10-08 12:00:00,122884.14,123350.0,121649.68,122189.72,4,3,3,3,3,3,4,3,3,4.0,2,4.0,4.0,3.0,2.0,2.0,2.0,3,4,0,0.0,0.0,3,0,3,3,2,0,2.0,2.0,0,4.0
2025-10-08 16:00:00,122189.72,124197.25,122110.08,123450.0,3,4,4,4,4,4,3,4,4,3.0,4,3.0,3.0,2.0,4.0,4.0,3.0,4,4,1,2.0,4.0,4,4,4,0,3,0,1.0,2.0,0,3.0
2025-10-08 20:00:00,123450.01,123737.0,122794.4,123306.0,4,4,4,4,0,0,0,0,0,4.0,4,4.0,4.0,4.0,4.0,4.0,1.0,4,3,4,2.0,2.0,0,2,2,3,4,0,1.0,0.0,1,4.0
2025-10-09 00:00:00,123306.01,123348.32,121475.98,122038.01,4,3,2,2,1,1,1,1,1,3.0,4,3.0,3.0,4.0,2.0,2.0,0.0,3,3,4,3.0,0.0,4,0,0,4,0,3,0.0,4.0,1,3.0
2025-10-09 04:00:00,122038.01,122264.0,121724.71,121906.1,2,1,4,2,0,0,0,0,0,2.0,2,2.0,2.0,3.0,1.0,1.0,0.0,2,2,3,1.0,2.0,0,2,1,2,0,3,0.0,0.0,2,2.0
2025-10-09 08:00:00,121906.09,122833.02,121145.49,122737.57,2,2,2,3,2,2,2,2,2,2.0,3,2.0,2.0,1.0,4.0,4.0,2.0,2,2,4,4.0,4.0,2,4,0,4,1,3,0.0,4.0,2,2.0
2025-10-09 12:00:00,122737.56,123762.94,120673.99,121147.14,3,4,0,1,4,4,4,4,4,1.0,1,1.0,1.0,2.0,0.0,0.0,1.0,1,1,3,4.0,0.0,4,0,4,2,2,3,3.0,4.0,3,1.0
2025-10-09 16:00:00,121147.15,121481.9,119651.47,120951.72,0,0,0,0,4,4,4,4,4,1.0,1,0.0,1.0,1.0,0.0,0.0,0.0,1,1,0,4.0,1.0,3,1,3,4,3,3,4.0,1.0,3,1.0
2025-10-09 20:00:00,120951.72,121900.0,120838.0,121662.4,0,1,0,1,1,1,0,2,2,0.0,0,0.0,0.0,0.0,3.0,3.0,4.0,0,0,2,3.0,3.0,1,3,1,1,4,3,4.0,0.0,4,0.0
2025-10-10 00:00:00,121662.41,121874.13,120900.0,121026.01,1,0,1,0,0,0,1,0,0,0.0,0,1.0,0.0,0.0,1.0,1.0,4.0,0,0,1,1.0,1.0,1,1,0,1,0,6,2.0,1.0,4,0.0
2025-10-10 04:00:00,121026.0,121754.34,120855.41,120932.05,0,0,1,0,2,2,2,1,1,0.0,0,0.0,0.0,0.0,0.0,0.0,4.0,0,0,2,0.0,3.0,0,3,4,0,0,6,3.0,3.0,4,0.0
2025-10-10 08:00:00,120932.05,121777.07,120916.44,121554.55,4,4,4,4,0,0,0,0,0,4.0,4,4.0,4.0,0.0,4.0,4.0,4.0,4,4,4,0.0,4.0,0,4,1,0,1,0,0.0,0.0,4,4.0
2025-10-10 12:00:00,121554.55,122550.0,118500.0,119018.98,4,4,4,4,3,3,3,3,3,4.0,4,4.0,4.0,0.0,1.0,1.0,4.0,4,4,4,0.0,0.0,4,0,4,2,2,0,0.0,4.0,4,4.0
2025-10-10 16:00:00,119018.99,119456.28,115952.47,116661.5,4,4,4,4,4,4,4,4,4,4.0,4,4.0,4.0,0.0,0.0,0.0,4.0,4,4,4,0.0,0.0,4,0,2,3,3,0,0.0,3.0,4,4.0
2025-10-10 20:00:00,116661.5,117214.64,102000.0,112774.5,3,3,0,3,4,4,4,4,4,3.0,3,3.0,3.0,1.0,0.0,0.0,2.0,3,3,2,1.0,0.0,4,0,3,4,4,0,1.0,4.0,3,3.0
2025-10-11 00:00:00,112774.49,113322.39,111019.43,112300.01,3,3,3,3,4,4,4,4,4,3.0,3,3.0,3.0,2.0,0.0,0.0,0.0,3,3,1,1.0,3.0,3,3,2,4,0,3,1.0,0.0,3,3.0
2025-10-11 04:00:00,112300.0,112991.16,110090.29,110384.61,2,2,1,0,3,3,3,3,3,2.0,2,2.0,2.0,3.0,1.0,1.0,0.0,2,2,0,3.0,1.0,3,1,4,1,0,3,2.0,1.0,2,2.0
2025-10-11 08:00:00,110384.6,112359.67,110162.23,112280.0,0,1,1,2,2,2,1,2,2,2.0,2,2.0,2.0,4.0,2.0,2.0,3.0,2,2,0,4.0,4.0,2,4,0,1,1,3,2.0,2.0,2,2.0
2025-10-11 12:00:00,112280.01,112500.0,111793.2,111793.2,2,2,3,2,1,1,0,0,0,1.0,1,1.0,1.0,4.0,2.0,2.0,3.0,1,1,0,4.0,2.0,0,2,0,0,2,3,3.0,1.0,1,1.0
2025-10-11 16:00:00,111793.21,112185.53,110865.82,111178.31,1,1,2,1,0,0,1,0,0,1.0,1,1.0,1.0,4.0,3.0,3.0,0.0,1,1,1,4.0,1.0,0,1,1,2,3,3,3.0,2.0,1,1.0
2025-10-11 20:00:00,111178.3,111368.29,109561.59,110644.4,1,0,0,0,1,1,2,1,1,0.0,0,0.0,0.0,3.0,3.0,3.0,1.0,0,0,2,2.0,2.0,2,2,0,4,4,3,4.0,4.0,0,0.0
2025-10-12 00:00:00,110644.4,111368.14,109565.06,110676.0,0,0,0,0,2,2,2,2,2,0.0,0,0.0,0.0,2.0,4.0,4.0,1.0,0,0,3,2.0,3.0,1,3,4,3,0,6,4.0,3.0,0,0.0
2025-10-12 04:00:00,110676.0,112125.51,110617.1,111525.2,0,0,2,1,0,0,0,1,1,0.0,0,0.0,0.0,1.0,4.0,4.0,2.0,0,0,3,3.0,4.0,1,4,3,0,0,6,4.0,0.0,0,0.0
2025-10-12 08:00:00,111525.19,112133.33,111139.87,111848.36,0,0,0,0,0,0,0,1,1,4.0,4,0.0,4.0,4.0,0.0,0.0,0.0,0,0,0,4.0,2.0,0,2,2,3,1,6,0.0,2.0,4,4.0
2025-10-12 12:00:00,111848.35,113745.84,111177.75,113198.2,0,0,0,0,4,4,4,4,4,4.0,3,0.0,4.0,4.0,0.0,0.0,0.0,0,0,0,4.0,4.0,4,4,3,4,2,6,1.0,4.0,4,4.0
2025-10-12 16:00:00,113198.2,114700.0,113198.2,114342.28,0,1,1,2,4,4,2,4,4,4.0,1,0.0,4.0,4.0,1.0,1.0,0.0,0,0,0,4.0,4.0,1,4,3,0,3,6,3.0,1.0,4,4.0
2025-10-12 20:00:00,114342.28,115770.0,114217.75,114958.8,2,3,3,3,3,4,3,4,4,3.0,2,1.0,3.0,3.0,1.0,1.0,1.0,1,1,1,3.0,3.0,2,3,4,0,4,6,2.0,2.0,3,3.0
2025-10-13 00:00:00,114958.81,115963.81,114619.45,114821.12,3,4,4,3,2,2,3,2,2,3.0,2,1.0,3.0,3.0,2.0,2.0,1.0,1,1,2,3.0,1.0,1,1,4,1,0,0,1.0,0.0,3,3.0
2025-10-13 04:00:00,114821.13,115554.83,114398.24,115399.67,3,3,4,4,1,1,0,0,0,2.0,4,2.0,2.0,2.0,4.0,4.0,3.0,2,2,4,2.0,3.0,0,3,1,4,0,0,2.0,1.0,2,2.0
2025-10-13 08:00:00,115399.66,115438.17,113616.5,114180.0,4,2,2,1,2,2,1,1,1,2.0,1,2.0,2.0,2.0,2.0,2.0,2.0,2,2,3,2.0,0.0,3,0,0,4,1,0,4.0,3.0,2,2.0
2025-10-13 12:00:00,114180.0,115530.0,113800.01,114312.1,1,2,2,2,3,3,4,3,3,1.0,0,3.0,1.0,1.0,3.0,3.0,4.0,3,3,3,0.0,2.0,3,2,4,3,2,0,4.0,3.0,0,1.0
2025-10-13 16:00:00,114312.09,115891.3,114215.79,115792.84,2,4,3,4,0,0,2,2,2,1.0,3,3.0,1.0,1.0,4.0,4.0,4.0,4,3,4,0.0,4.0,2,4,0,0,3,0,4.0,0.0,1,0.0
2025-10-13 20:00:00,115792.84,115868.0,115005.44,115166.0,4,4,4,4,0,0,0,0,0,0.0,4,4.0,0.0,0.0,4.0,4.0,4.0,4,4,4,0.0,1.0,0,1,0,1,4,0,3.0,0.0,1,0.0
2025-10-14 00:00:00,115166.0,115409.96,113279.76,113500.0,4,1,1,1,1,1,1,0,0,0.0,0,4.0,0.0,0.0,3.0,3.0,3.0,4,4,2,1.0,0.0,4,0,2,2,0,1,0.0,4.0,0,0.0
2025-10-14 04:00:00,113500.0,113691.0,111355.01,111724.41,1,0,0,0,4,3,4,3,3,0.0,0,4.0,0.0,0.0,0.0,0.0,2.0,3,4,1,1.0,0.0,4,0,1,2,0,1,0.0,4.0,0,1.0
2025-10-14 08:00:00,111724.41,112140.0,110012.24,111313.98,2,1,0,1,3,3,3,3,3,0.0,4,0.0,0.0,4.0,2.0,2.0,4.0,0,0,4,0.0,2.0,4,2,2,4,1,0,2.0,1.0,4,0.0
2025-10-14 12:00:00,111313.98,112943.82,109866.0,112900.43,1,3,0,4,4,4,4,4,4,1.0,4,0.0,1.0,3.0,4.0,4.0,4.0,1,0,4,3.0,4.0,4,4,0,4,2,0,2.0,4.0,4,0.0
2025-10-14 16:00:00,112900.44,113544.53,111692.31,112613.7,4,4,3,4,4,4,4,4,4,1.0,4,1.0,1.0,4.0,4.0,4.0,4.0,3,0,3,4.0,2.0,4,2,4,4,3,0,4.0,2.0,4,1.0
2025-10-14 20:00:00,112613.69,113577.0,112230.46,113028.14,4,4,4,4,0,0,0,0,0,2.0,3,2.0,2.0,4.0,4.0,4.0,3.0,4,1,4,2.0,3.0,1,3,3,2,4,0,3.0,0.0,3,2.0
2025-10-15 00:00:00,113028.13,113612.35,111825.93,112024.29,4,4,4,3,2,2,3,1,1,3.0,3,3.0,3.0,3.0,3.0,3.0,3.0,3,1,2,3.0,0.0,2,0,4,0,0,3,3.0,4.0,3,2.0
2025-10-15 04:00:00,112024.3,112680.0,111746.76,112584.5,3,2,4,3,2,2,1,2,2,4.0,2,4.0,4.0,1.0,3.0,3.0,2.0,4,2,3,0.0,4.0,0,4,0,1,0,3,1.0,1.0,2,4.0
2025-10-15 08:00:00,112584.49,113520.88,111693.26,111905.73,3,3,3,2,3,3,1,3,3,4.0,2,4.0,4.0,0.0,2.0,2.0,2.0,4,4,2,2.0,1.0,3,1,4,0,1,3,1.0,2.0,2,4.0
2025-10-15 12:00:00,111905.72,112238.41,110400.0,110798.01,2,2,1,0,4,4,4,4,4,4.0,1,4.0,4.0,0.0,0.0,0.0,0.0,2,4,1,4.0,0.0,3,0,1,2,2,3,4.0,4.0,1,4.0
2025-10-15 16:00:00,110798.01,111557.7,110164.0,111271.73,0,0,0,1,1,1,2,2,2,3.0,1,3.0,3.0,2.0,1.0,1.0,1.0,2,4,0,4.0,3.0,1,3,1,3,3,3,4.0,0.0,1,3.0
2025-10-15 20:00:00,111271.73,111556.27,110500.0,110763.28,0,0,2,0,0,0,0,0,0,2.0,0,2.0,2.0,2.0,0.0,0.0,1.0,0,3,0,1.0,1.0,0,1,0,1,4,3,0.0,0.0,0,3.0
2025-10-16 00:00:00,110763.28,111867.17,110361.0,111329.48,0,1,1,2,0,0,2,0,0,0.0,0,1.0,0.0,1.0,1.0,1.0,0.0,1,3,1,0.0,4.0,2,4,3,3,0,6,0.0,3.0,0,1.0
2025-10-16 04:00:00,111329.48,111773.7,110553.19,110584.2,1,0,2,0,1,1,0,1,1,0.0,0,0.0,0.0,0.0,0.0,0.0,0.0,0,2,0,1.0,0.0,0,0,2,0,0,6,0.0,3.0,0,0.0
2025-10-16 08:00:00,110584.21,111728.7,109635.15,111404.72,4,4,4,4,1,1,1,1,1,4.0,4,4.0,4.0,4.0,4.0,4.0,4.0,4,4,4,1.0,4.0,2,4,2,3,1,0,0.0,3.0,4,4.0
2025-10-16 12:00:00,111404.73,111982.45,108361.69,108549.21,4,4,4,3,3,4,2,2,3,4.0,4,4.0,4.0,3.0,1.0,1.0,3.0,4,4,4,3.0,0.0,4,0,3,0,2,0,1.0,2.0,4,4.0
2025-10-16 16:00:00,108549.21,109254.0,107577.57,108197.66,2,3,2,2,4,3,3,3,4,3.0,3,3.0,3.0,4.0,2.0,2.0,4.0,3,3,2,2.0,1.0,1,1,4,2,4,0,2.0,1.0,3,3.0
2025-10-16 20:00:00,108197.67,108500.0,107427.0,108194.28,2,1,2,2,0,0,0,0,0,2.0,2,2.0,2.0,2.0,2.0,2.0,2.0,2,2,2,0.0,2.0,0,2,2,2,4,0,2.0,0.0,2,2.0
2025-10-17 00:00:00,108194.27,109240.0,107934.4,109176.74,1,2,3,4,0,0,0,0,0,2.0,2,2.0,2.0,2.0,4.0,4.0,2.0,2,2,3,0.0,4.0,0,4,1,1,0,6,0.0,2.0,2,2.0
2025-10-17 04:00:00,109176.74,109236.01,105542.09,105633.75,3,2,1,0,2,2,2,2,2,1.0,1,1.0,1.0,0.0,0.0,0.0,0.0,1,1,1,2.0,0.0,4,0,0,0,0,6,3.0,4.0,1,1.0
2025-10-17 08:00:00,105633.75,106651.22,103528.23,105683.72,0,0,0,0,4,4,4,4,4,0.0,0,0.0,0.0,0.0,0.0,0.0,0.0,0,0,0,4.0,2.0,3,2,4,4,1,6,4.0,4.0,0,0.0
2025-10-17 12:00:00,105683.71,106497.87,104533.21,106461.49,0,0,0,1,2,2,4,4,2,0.0,0,0.0,0.0,1.0,3.0,3.0,1.0,0,0,0,4.0,3.0,2,3,0,4,2,6,4.0,0.0,0,0.0
