open_time,open,high,low,close,volume,close_time,quote_asset_volume,num_trades,taker_buy_base_asset_volume,taker_buy_quote_asset_volume,ignore
2025-07-26 08:00:00,117304.47000000,118217.45000000,117304.46000000,117776.11000000,1549.30958000,1753531199999,182516444.84357960,153476,858.09409000,101082519.25000320,0
2025-07-26 12:00:00,117776.10000000,118220.00000000,117772.13000000,118130.10000000,1303.59734000,1753545599999,153859195.95728980,155222,596.95661000,70460231.21172900,0
2025-07-26 16:00:00,118130.10000000,118297.35000000,117941.96000000,118232.11000000,1051.39337000,1753559999999,124173515.19992870,110349,556.03714000,65676327.54099610,0
2025-07-26 20:00:00,118232.11000000,118276.66000000,117883.86000000,117919.99000000,858.64895000,1753574399999,101349587.45095100,108749,343.44877000,40541358.64819870,0
2025-07-27 00:00:00,117919.99000000,118358.18000000,117825.50000000,118182.83000000,1007.50696000,1753588799999,119027557.08593030,112389,575.64347000,68009812.95415000,0
2025-07-27 04:00:00,118182.83000000,118438.83000000,118066.74000000,118095.95000000,808.21213000,1753603199999,95561585.86911340,104278,390.89967000,46221367.12602860,0
2025-07-27 08:00:00,118095.95000000,118292.86000000,117859.98000000,118072.71000000,835.96960000,1753617599999,98708410.16136550,120595,388.89313000,45917656.82305550,0
2025-07-27 12:00:00,118072.71000000,118588.00000000,117890.00000000,118585.74000000,1586.05165000,1753631999999,187626934.03330280,182821,894.22688000,105793419.62169720,0
2025-07-27 16:00:00,118585.75000000,119540.01000000,118585.75000000,118960.00000000,3418.37234000,1753646399999,407360766.69086950,354026,2213.46507000,263777127.92719770,0
2025-07-27 20:00:00,118960.01000000,119766.65000000,118713.74000000,119415.55000000,1672.19651000,1753660799999,199598288.32021670,220971,775.17536000,92542176.79859870,0
2025-07-28 00:00:00,119415.56000000,119800.00000000,118960.50000000,119287.99000000,1824.53168000,1753675199999,217797781.98470390,289119,835.00751000,99693864.72561300,0
2025-07-28 04:00:00,119287.99000000,119701.07000000,118774.31000000,118900.00000000,2360.06220000,1753689599999,281402696.38436020,233844,1325.92556000,158105257.64512300,0
2025-07-28 08:00:00,118900.01000000,119102.69000000,118475.47000000,118827.49000000,2060.18220000,1753703999999,244734013.26132420,212608,1199.17319000,142442771.81538390,0
2025-07-28 12:00:00,118827.49000000,119093.68000000,117895.73000000,118174.90000000,3792.61028000,1753718399999,449216545.14388690,519386,1973.63361000,233868099.64591840,0
2025-07-28 16:00:00,118174.89000000,118376.61000000,117427.50000000,118068.73000000,2575.55527000,1753732799999,303595815.91548300,339420,1162.08076000,137000465.18141000,0
2025-07-28 20:00:00,118068.73000000,118350.01000000,117500.09000000,118062.32000000,1348.80591000,1753747199999,159135383.20675980,230400,729.09711000,86017895.20996050,0
2025-07-29 00:00:00,118062.32000000,118800.00000000,117450.00000000,118764.85000000,2242.87768000,1753761599999,264931696.50738920,338133,1064.89944000,125786428.91931720,0
2025-07-29 04:00:00,118764.85000000,119273.36000000,118416.66000000,118882.37000000,2579.99271000,1753775999999,306618607.48295110,246815,1366.61947000,162425984.93775510,0
2025-07-29 08:00:00,118882.37000000,119051.00000000,118160.87000000,118592.38000000,1962.95351000,1753790399999,232866007.20018230,254130,1149.33314000,136328523.16735520,0
2025-07-29 12:00:00,118592.38000000,119080.81000000,117272.00000000,117400.01000000,4173.95638000,1753804799999,493253408.48979560,537143,2136.27132000,252608273.25779040,0
2025-07-29 16:00:00,117400.02000000,118057.05000000,116950.75000000,117525.29000000,2441.06334000,1753819199999,286940381.00647480,348254,1310.73632000,154102943.12500350,0
2025-07-29 20:00:00,117525.28000000,118000.00000000,117094.96000000,117950.76000000,1737.09083000,1753833599999,204071982.99885330,232219,961.07767000,112910646.66736600,0
2025-07-30 00:00:00,117950.75000000,118250.00000000,117412.53000000,118161.87000000,1226.38506000,1753847999999,144627350.19250080,204212,577.29595000,68094460.43263800,0
2025-07-30 04:00:00,118161.86000000,118412.11000000,117667.33000000,118123.01000000,1232.08963000,1753862399999,145539686.03839050,163007,584.57123000,69050731.03533750,0
2025-07-30 08:00:00,118123.00000000,118481.81000000,117358.84000000,117579.99000000,2228.01795000,1753876799999,263126870.00675140,269076,1355.22594000,160120274.35017970,0
2025-07-30 12:00:00,117579.99000000,118792.00000000,117358.84000000,118000.01000000,3794.91612000,1753891199999,447809337.55603830,531501,1801.39831000,212515821.49137400,0
2025-07-30 16:00:00,118000.01000000,118037.18000000,115796.23000000,116916.73000000,5721.15052000,1753905599999,669195849.83574750,634913,2682.71622000,313703390.33402680,0
2025-07-30 20:00:00,116916.73000000,117908.40000000,116880.64000000,117840.30000000,1384.17703000,1753919999999,162397784.59355740,194660,802.40669000,94148212.59009660,0
2025-07-31 00:00:00,117840.29000000,118600.00000000,117781.87000000,118466.14000000,2307.57332000,1753934399999,273029834.87625920,229192,1101.81254000,130368526.60297830,0
2025-07-31 04:00:00,118466.15000000,118922.45000000,118287.63000000,118665.97000000,1907.96734000,1753948799999,226269774.17070440,169906,993.07835000,117797073.44015820,0
2025-07-31 08:00:00,118665.98000000,118770.07000000,118278.91000000,118371.25000000,1290.20631000,1753963199999,152936940.90352170,133783,621.28930000,73645567.11696990,0
2025-07-31 12:00:00,118371.25000000,118702.10000000,117807.35000000,118306.18000000,3457.28095000,1753977599999,408607161.84151310,436764,1809.57930000,213890978.32444580,0
2025-07-31 16:00:00,118306.18000000,118879.14000000,116763.43000000,116785.79000000,4228.22018000,1753991999999,497971783.61370450,468442,2111.35785000,248807747.26664130,0
2025-07-31 20:00:00,116785.78000000,116990.04000000,115500.00000000,115764.08000000,3818.75920000,1754006399999,444054521.29653970,421445,1676.39882000,195009469.31734890,0
2025-08-01 00:00:00,115764.07000000,116052.00000000,114313.13000000,115648.03000000,5440.32571000,1754020799999,627188117.32296190,650051,2522.97319000,290948735.01040860,0
2025-08-01 04:00:00,115648.03000000,115916.43000000,114633.18000000,115081.77000000,2952.50734000,1754035199999,340199535.79870660,411115,1345.40877000,154984984.83842860,0
2025-08-01 08:00:00,115081.76000000,115340.00000000,114116.00000000,115305.65000000,3338.52917000,1754049599999,383326052.96004840,463102,1553.96108000,178459723.08960990,0
2025-08-01 12:00:00,115305.64000000,116019.30000000,113988.47000000,115357.82000000,5325.96286000,1754063999999,613558143.14864540,1084066,2524.83820000,291034014.42167780,0
2025-08-01 16:00:00,115357.82000000,115695.52000000,113221.93000000,113328.68000000,4135.47502000,1754078399999,472437940.42125180,924319,1966.15620000,224637144.46577310,0
2025-08-01 20:00:00,113328.67000000,114094.08000000,112722.58000000,113297.93000000,3294.30196000,1754092799999,373558787.49975580,628176,1573.88376000,178528816.23535680,0
2025-08-02 00:00:00,113297.92000000,113921.94000000,113198.63000000,113909.86000000,1422.97261000,1754107199999,161699096.20081790,346530,710.60713000,80745020.26571740,0
2025-08-02 04:00:00,113909.87000000,114063.49000000,113469.43000000,113982.49000000,1674.39001000,1754121599999,190562803.04439680,227553,838.67346000,95432539.11819060,0
2025-08-02 08:00:00,113982.49000000,114040.29000000,113425.58000000,113787.12000000,1135.36227000,1754135999999,129100147.29776490,222031,456.36308000,51889678.52989690,0
2025-08-02 12:00:00,113787.11000000,113787.12000000,112802.31000000,112840.71000000,1922.72871000,1754150399999,217838216.01231600,320277,761.89323000,86333566.24300680,0
2025-08-02 16:00:00,112840.70000000,113420.00000000,112003.00000000,112229.42000000,3414.70659000,1754164799999,384611629.97070750,639368,1372.46140000,154627663.10634820,0
2025-08-02 20:00:00,112229.42000000,113058.82000000,112069.86000000,112546.35000000,1937.17409000,1754179199999,218070844.80071890,409955,920.01005000,103557915.80857140,0
2025-08-03 00:00:00,112546.35000000,113740.69000000,111920.00000000,113604.20000000,2106.54410000,1754193599999,237947445.47649270,418118,954.66072000,107943735.79204510,0
2025-08-03 04:00:00,113604.20000000,113720.16000000,113341.06000000,113700.00000000,764.27697000,1754207999999,86778251.94677570,130998,368.11441000,41801748.61287170,0
2025-08-03 08:00:00,113700.00000000,114260.31000000,113551.00000000,113862.18000000,1260.20877000,1754222399999,143489089.11397830,156276,725.50976000,82603501.58516330,0
2025-08-03 12:00:00,113862.19000000,114098.45000000,113579.69000000,113959.06000000,1131.56686000,1754236799999,128830422.64836460,251886,558.89691000,63627834.54520130,0
2025-08-03 16:00:00,113959.06000000,114799.97000000,113775.55000000,114313.19000000,1254.96509000,1754251199999,143410319.15863650,246789,702.85838000,80315428.02462050,0
2025-08-03 20:00:00,114313.19000000,114612.24000000,114066.56000000,114208.80000000,880.19867000,1754265599999,100634505.81000630,215214,428.14313000,48953972.73562850,0
2025-08-04 00:00:00,114208.81000000,115000.00000000,114107.60000000,114570.61000000,1525.00586000,1754279999999,174778603.67585500,304162,749.69907000,85930718.27213140,0
2025-08-04 04:00:00,114570.61000000,114778.50000000,114148.58000000,114652.97000000,1221.27307000,1754294399999,139739546.26412080,197361,526.28258000,60226436.98126630,0
2025-08-04 08:00:00,114652.98000000,114750.00000000,114217.97000000,114493.09000000,1188.64494000,1754308799999,136090921.96312800,247694,515.96378000,59076360.92978970,0
2025-08-04 12:00:00,114493.09000000,115466.00000000,114121.00000000,114826.00000000,2885.46126000,1754323199999,331541729.67811560,530974,1497.28882000,172049625.15537430,0
2025-08-04 16:00:00,114826.01000000,115720.00000000,114732.65000000,114777.62000000,1843.11618000,1754337599999,212273932.32412840,412414,942.51512000,108540416.74690340,0
2025-08-04 20:00:00,114777.62000000,115340.00000000,114616.33000000,115055.03000000,1004.17785000,1754351999999,115514140.15762300,261625,483.54414000,55619716.72390960,0
2025-08-05 00:00:00,115055.03000000,115127.81000000,114256.85000000,114256.85000000,1398.92395000,1754366399999,160455069.04299710,287638,652.16816000,74827506.76525640,0
2025-08-05 04:00:00,114256.85000000,114500.66000000,113725.72000000,113969.70000000,2125.54323000,1754380799999,242804599.54892070,261124,882.25638000,100789177.32516810,0
2025-08-05 08:00:00,113969.70000000,115096.73000000,113928.87000000,114827.07000000,1593.56232000,1754395199999,182617724.54586360,317175,877.52425000,100547792.88685630,0
2025-08-05 12:00:00,114827.07000000,114893.13000000,112650.00000000,112934.00000000,4590.46840000,1754409599999,520992544.53318060,1006379,2107.07878000,239124723.51650150,0
2025-08-05 16:00:00,112934.00000000,113763.27000000,112815.68000000,113616.52000000,1434.52074000,1754423999999,162586192.65822270,478510,673.47754000,76323722.19165300,0
2025-08-05 20:00:00,113616.51000000,114228.88000000,113304.00000000,114129.75000000,899.77214000,1754438399999,102405616.81743190,230226,430.16243000,48957851.41563310,0
2025-08-06 00:00:00,114129.75000000,114139.38000000,113400.00000000,113509.97000000,1061.53764000,1754452799999,120724616.06978040,286080,408.49037000,46459434.27880910,0
2025-08-06 04:00:00,113509.98000000,114417.02000000,113355.13000000,114227.91000000,1437.03071000,1754467199999,163790419.89220040,302903,717.83329000,81849402.02118460,0
2025-08-06 08:00:00,114227.90000000,114404.23000000,113727.57000000,114226.69000000,1280.29764000,1754481599999,146061959.12462190,269803,657.13818000,74963935.36910360,0
2025-08-06 12:00:00,114226.68000000,115515.09000000,113579.90000000,115413.87000000,3509.68013000,1754495999999,402461313.76963260,704802,1966.03693000,225500696.20519320,0
2025-08-06 16:00:00,115413.87000000,115716.00000000,114942.18000000,115259.99000000,1727.95909000,1754510399999,199297200.14588150,308639,796.77912000,91906515.33393940,0
2025-08-06 20:00:00,115260.00000000,115260.00000000,114793.01000000,114992.27000000,744.64797000,1754524799999,85693223.85680160,154273,325.96959000,37513224.46884210,0
2025-08-07 00:00:00,114992.27000000,115185.58000000,114404.22000000,114546.03000000,1192.91433000,1754539199999,136893563.39058050,198112,576.15563000,66121446.95062500,0
2025-08-07 04:00:00,114546.03000000,114876.79000000,114259.00000000,114787.99000000,1290.96115000,1754553599999,147895974.17281160,209354,642.22974000,73587812.71544700,0
2025-08-07 08:00:00,114787.99000000,116828.93000000,114787.98000000,116519.53000000,3698.10885000,1754567999999,428983588.28952740,492704,2172.12244000,251905570.66366380,0
2025-08-07 12:00:00,116519.54000000,116791.11000000,116035.84000000,116689.81000000,2746.73177000,1754582399999,319832114.29082850,546103,1392.81119000,162191741.76677130,0
2025-08-07 16:00:00,116689.80000000,117520.00000000,115632.31000000,117461.98000000,2735.62556000,1754596799999,319105083.73857840,558042,1355.20075000,158156893.97553170,0
2025-08-07 20:00:00,117461.99000000,117621.00000000,117012.00000000,117472.01000000,1804.22097000,1754611199999,211743973.95460060,310356,870.21778000,102125404.37259320,0
2025-08-08 00:00:00,117472.02000000,117630.00000000,116694.28000000,116737.35000000,2393.91974000,1754625599999,280094573.21877490,511625,1027.18014000,120182644.98185050,0
2025-08-08 04:00:00,116737.34000000,116973.30000000,116401.00000000,116817.19000000,1456.27491000,1754639999999,169950858.20349400,224401,651.58146000,76032292.33163510,0
2025-08-08 08:00:00,116817.20000000,116914.60000000,116317.08000000,116891.51000000,1108.98011000,1754654399999,129319112.12395610,268792,500.07248000,58317543.84967950,0
2025-08-08 12:00:00,116891.51000000,117271.73000000,115878.71000000,116207.69000000,2540.81848000,1754668799999,296106840.90685470,544209,1165.72876000,135864534.51828190,0
2025-08-08 16:00:00,116207.70000000,116900.00000000,116006.14000000,116453.41000000,1690.79713000,1754683199999,196921937.46157410,394422,897.94096000,104583069.38222230,0
2025-08-08 20:00:00,116453.41000000,116980.00000000,116319.06000000,116674.74000000,854.52241000,1754697599999,99806456.80960090,151855,342.40194000,39990513.40508090,0
2025-08-09 00:00:00,116674.74000000,116750.00000000,116299.13000000,116384.01000000,971.89236000,1754711999999,113203432.96729540,135431,363.74375000,42373446.36462610,0
2025-08-09 04:00:00,116384.01000000,116980.00000000,116339.45000000,116756.01000000,2021.01259000,1754726399999,235841895.56564860,278492,1064.09266000,124184023.88844800,0
2025-08-09 08:00:00,116756.00000000,117944.05000000,116756.00000000,117110.00000000,2353.37140000,1754740799999,276230205.14161790,354468,1301.13377000,152715702.36481770,0
2025-08-09 12:00:00,117110.00000000,117238.04000000,116700.01000000,116892.47000000,1382.66437000,1754755199999,161718872.45679210,247175,725.15110000,84820284.11578380,0
2025-08-09 16:00:00,116892.48000000,116947.16000000,116500.00000000,116535.69000000,1202.78039000,1754769599999,140321045.55335640,167656,648.16143000,75620589.85457250,0
2025-08-09 20:00:00,116535.68000000,117021.16000000,116359.89000000,116462.25000000,1582.41033000,1754783999999,184522150.01766180,207729,767.57145000,89514254.52874650,0
2025-08-10 00:00:00,116462.25000000,118500.00000000,116460.63000000,118500.00000000,3892.68324000,1754798399999,458141314.95796170,470884,2375.20894000,279581483.76813730,0
2025-08-10 04:00:00,118500.00000000,118741.77000000,117466.34000000,117808.30000000,2444.08380000,1754812799999,288972231.84477770,431454,1147.37239000,135694183.56681510,0
2025-08-10 08:00:00,117808.29000000,118500.00000000,117608.01000000,118330.58000000,1506.32503000,1754827199999,178057964.90205020,346119,810.23724000,95770671.91276980,0
2025-08-10 12:00:00,118330.58000000,119113.94000000,118232.00000000,118815.00000000,2809.22760000,1754841599999,333423155.38639830,437945,1512.40831000,179523977.42781020,0
2025-08-10 16:00:00,118815.00000000,118944.24000000,118433.80000000,118663.08000000,995.85812000,1754855999999,118153752.24991770,213690,508.95628000,60381942.81299010,0
2025-08-10 20:00:00,118663.09000000,119311.11000000,118074.99000000,119294.01000000,2674.59294000,1754870399999,317450328.53076520,416973,1669.25197000,198130214.23279950,0
2025-08-11 00:00:00,119294.27000000,122164.07000000,118972.59000000,121728.99000000,7626.19257000,1754884799999,921251175.81507960,1013671,4168.58541000,503187520.39857680,0
2025-08-11 04:00:00,121729.00000000,122335.16000000,121466.08000000,121537.15000000,4279.88790000,1754899199999,521892702.93019280,571340,1995.64419000,243413431.60808960,0
2025-08-11 08:00:00,121537.14000000,121823.00000000,120286.40000000,120561.54000000,4216.26732000,1754913599999,510604967.33673560,566188,2009.30795000,243363090.73219670,0
2025-08-11 12:00:00,120561.53000000,120667.54000000,119382.91000000,120314.40000000,5236.26223000,1754927999999,628472627.86360910,907593,2755.26055000,330700606.76292750,0
2025-08-11 16:00:00,120314.40000000,120794.05000000,118604.17000000,119089.30000000,2812.92272000,1754942399999,336787744.58204000,546834,1178.39313000,141139661.18345410,0
2025-08-11 20:00:00,119089.30000000,119172.63000000,118050.11000000,118686.00000000,2322.80155000,1754956799999,275602312.01341220,416117,1136.23823000,134836150.95783210,0
2025-08-12 00:00:00,118686.00000000,119275.46000000,118593.39000000,118857.70000000,1894.63528000,1754971199999,225356508.46322640,299409,991.91785000,117983741.14562760,0
2025-08-12 04:00:00,118857.70000000,119158.06000000,118424.86000000,118986.72000000,3135.38397000,1754985599999,372768949.64902420,286057,1943.73871000,231145984.33742430,0
2025-08-12 08:00:00,118986.73000000,119058.43000000,118207.47000000,118522.22000000,2346.37900000,1754999999999,278386557.94518650,313590,1302.79783000,154614971.11551760,0
2025-08-12 12:00:00,118522.22000000,119960.00000000,118285.00000000,119933.00000000,4914.05441000,1755014399999,585444041.27978050,916587,2630.84115000,313496129.45013710,0
2025-08-12 16:00:00,119933.00000000,120192.10000000,119172.62000000,119665.27000000,2309.07117000,1755028799999,276328760.25884310,537021,1187.53513000,142136568.06655550,0
2025-08-12 20:00:00,119665.27000000,120324.43000000,119485.84000000,120134.08000000,2120.58510000,1755043199999,254477655.98919700,385177,1208.22895000,144990604.08090950,0
2025-08-13 00:00:00,120134.09000000,120192.10000000,119094.28000000,119482.01000000,2361.00135000,1755057599999,282270802.47443370,373931,993.87621000,118817933.77903870,0
2025-08-13 04:00:00,119482.01000000,119820.18000000,118920.92000000,119580.40000000,2324.10298000,1755071999999,277456148.01295650,346612,1164.99875000,139112413.80885710,0
2025-08-13 08:00:00,119580.40000000,120732.94000000,119446.22000000,120570.41000000,3213.18528000,1755086399999,386212646.90826060,414155,1742.78544000,209457283.68930130,0
2025-08-13 12:00:00,120570.41000000,122200.00000000,120106.02000000,120920.62000000,7228.67197000,1755100799999,876073760.93010120,1223418,3448.06635000,417943044.85693230,0
2025-08-13 16:00:00,120920.61000000,122839.47000000,120920.61000000,122744.21000000,4167.90157000,1755115199999,508080168.05941110,716576,2589.17326000,315617346.50495580,0
2025-08-13 20:00:00,122744.22000000,123667.79000000,122298.20000000,123306.43000000,3915.20787000,1755129599999,481487822.00229430,638125,1992.36824000,245097965.40922940,0
2025-08-14 00:00:00,123306.44000000,124474.00000000,123250.50000000,123337.14000000,3481.67631600,1755143999999,430716617.87809690,617531,1608.17731600,198973024.48032700,0
2025-08-14 04:00:00,123337.14000000,123428.60000000,121313.86000000,121725.31000000,3755.65744000,1755158399999,458788510.16118820,539320,1768.22072000,215899266.56434690,0
2025-08-14 08:00:00,121725.31000000,122045.90000000,120694.00000000,120949.67000000,3456.28874000,1755172799999,419594475.26750270,441000,1710.19796000,207713575.62730400,0
2025-08-14 12:00:00,120949.66000000,121183.06000000,117632.00000000,118257.25000000,11617.06761000,1755187199999,1381540969.81337900,1687597,5493.20366000,653319261.60213050,0
2025-08-14 16:00:00,118257.26000000,118535.00000000,117180.00000000,117945.92000000,3545.40524000,1755201599999,417837878.03212400,703952,1709.97434000,201572968.09206640,0
2025-08-14 20:00:00,117945.92000000,118516.81000000,117302.33000000,118295.09000000,2124.85224000,1755215999999,250649939.95623300,361049,1112.30448000,131241488.50355880,0
2025-08-15 00:00:00,118295.09000000,119077.71000000,118032.32000000,118968.91000000,1883.55436000,1755230399999,223413129.69180380,427333,862.49336000,102299646.53472930,0
2025-08-15 04:00:00,118968.91000000,119216.82000000,118629.58000000,118956.45000000,1732.90691000,1755244799999,206149632.50697560,314291,769.91399000,91583236.49876010,0
2025-08-15 08:00:00,118956.45000000,119144.50000000,118600.00000000,119006.01000000,1129.82607000,1755259199999,134389731.26065360,277559,554.91425000,66017792.30555360,0
2025-08-15 12:00:00,119006.01000000,119130.77000000,116827.29000000,117275.22000000,5128.89360000,1755273599999,604073837.83902830,1056138,2121.84638000,249971034.61203400,0
2025-08-15 16:00:00,117275.23000000,117882.35000000,116803.99000000,116936.27000000,2393.46089000,1755287999999,280682572.64475020,597487,1156.02326000,135609226.00175510,0
2025-08-15 20:00:00,116936.28000000,117761.88000000,116862.50000000,117342.05000000,1354.69691000,1755302399999,158900425.74188960,222208,676.22584000,79318699.86441460,0
2025-08-16 00:00:00,117342.04000000,117898.99000000,117231.14000000,117429.63000000,1420.52550000,1755316799999,167039941.70739580,275371,694.26476000,81634732.56507140,0
2025-08-16 04:00:00,117429.63000000,117884.00000000,117278.00000000,117596.07000000,925.25596000,1755331199999,108775709.73159160,203205,487.86019000,57355488.27601250,0
2025-08-16 08:00:00,117596.07000000,117703.92000000,117143.98000000,117378.52000000,1206.04130000,1755345599999,141632924.33217130,223925,555.80229000,65262409.11239150,0
2025-08-16 12:00:00,117378.52000000,117825.00000000,117327.63000000,117676.70000000,1191.50027000,1755359999999,140188940.06324620,209982,581.96097000,68475509.59156970,0
2025-08-16 16:00:00,117676.70000000,117817.65000000,117629.94000000,117672.12000000,817.42683000,1755374399999,96233958.53678290,121434,386.26416000,45473516.04058040,0
2025-08-16 20:00:00,117672.13000000,117713.51000000,117219.34000000,117380.66000000,832.93131000,1755388799999,97847917.40117600,145925,289.07628000,33957125.51082960,0
2025-08-17 00:00:00,117380.66000000,117771.37000000,117172.21000000,117684.95000000,770.53091000,1755403199999,90497907.75013060,177443,366.14855000,43006974.08611990,0
2025-08-17 04:00:00,117684.96000000,118230.82000000,117684.95000000,118005.98000000,1109.68335000,1755417599999,130931507.91083150,177443,590.28392000,69648555.70073640,0
2025-08-17 08:00:00,118005.98000000,118484.00000000,117922.00000000,118308.01000000,1007.67549000,1755431999999,119183257.33457440,197461,550.06661000,65051754.07597330,0
2025-08-17 12:00:00,118308.00000000,118575.00000000,118059.12000000,118246.16000000,974.27271000,1755446399999,115208961.89534390,178505,420.11469000,49689616.72569290,0
2025-08-17 16:00:00,118246.15000000,118316.01000000,117321.53000000,117570.07000000,1326.17558000,1755460799999,156204693.65765280,270938,570.31811000,67171534.11733170,0
2025-08-17 20:00:00,117570.07000000,117995.37000000,117371.65000000,117405.01000000,710.30388000,1755475199999,83602869.35527410,175773,307.79925000,36231013.38451120,0
2025-08-18 00:00:00,117405.01000000,117543.75000000,115000.00000000,115319.00000000,5801.42298000,1755489599999,673780931.17651780,973728,2456.39552000,285283810.78122810,0
2025-08-18 04:00:00,115319.00000000,115712.49000000,114878.71000000,115205.98000000,3433.42415000,1755503999999,395866077.87857660,570851,1405.82751000,162118689.09352320,0
2025-08-18 08:00:00,115205.99000000,115402.51000000,114640.14000000,114947.27000000,2793.98984000,1755518399999,321376818.73935550,485363,1159.25007000,133348030.77238320,0
2025-08-18 12:00:00,114947.27000000,116186.97000000,114825.00000000,116145.34000000,2772.17945000,1755532799999,319990073.13056000,650916,1456.17184000,168133589.66489520,0
2025-08-18 16:00:00,116145.34000000,116800.00000000,115818.86000000,116313.99000000,1731.37273000,1755547199999,201448268.70422980,418825,715.63515000,83277668.62901580,0
2025-08-18 20:00:00,116314.00000000,116980.00000000,115980.32000000,116227.05000000,1213.55039000,1755561599999,141351915.84253780,246597,454.42658000,52947190.54770300,0
2025-08-19 00:00:00,116227.05000000,116725.69000000,114787.23000000,114810.00000000,2390.89748000,1755575999999,276523497.66327090,629615,974.28091000,112696255.70555230,0
2025-08-19 04:00:00,114810.01000000,115483.24000000,114366.00000000,114978.14000000,2499.12321000,1755590399999,287170834.57208710,563407,1161.24152000,133455731.77954870,0
2025-08-19 08:00:00,114978.15000000,115650.00000000,114804.00000000,115508.71000000,1471.04277000,1755604799999,169605923.13183090,298029,843.37696000,97223158.10172680,0
2025-08-19 12:00:00,115508.71000000,115875.84000000,113587.68000000,113786.38000000,5294.46316000,1755619199999,605597290.21785770,857149,2543.82655000,291010341.64676160,0
2025-08-19 16:00:00,113786.39000000,113897.58000000,112767.06000000,113132.48000000,3784.35052000,1755633599999,428905575.20465540,591076,2018.11062000,228747669.66903240,0
2025-08-19 20:00:00,113132.49000000,113589.48000000,112732.58000000,112872.94000000,2625.59710000,1755647999999,297207775.06876440,351906,1068.57714000,120960388.69180030,0
2025-08-20 00:00:00,112872.95000000,113636.13000000,112566.01000000,113525.91000000,3116.70576000,1755662399999,352631514.87738570,510162,1164.01315000,131714471.25126240,0
2025-08-20 04:00:00,113525.90000000,113837.93000000,113432.00000000,113490.13000000,1367.41482000,1755676799999,155379967.26592940,226386,683.43432000,77663127.05745590,0
2025-08-20 08:00:00,113490.14000000,114016.77000000,113060.08000000,113666.68000000,2352.50644000,1755691199999,267518086.25844220,377977,1066.60404000,121301550.14080420,0
2025-08-20 12:00:00,113666.69000000,114326.35000000,112380.00000000,113353.94000000,4605.43198000,1755705599999,522278044.57226530,980643,2123.07459000,240877531.68571480,0
2025-08-20 16:00:00,113353.94000000,114444.00000000,113264.01000000,114276.66000000,2624.00614000,1755719999999,298829017.13062470,634049,1342.66385000,152899931.09307650,0
2025-08-20 20:00:00,114276.66000000,114615.38000000,114000.00000000,114271.24000000,1570.27680000,1755734399999,179512936.02012630,269153,829.79580000,94874358.98754810,0
2025-08-21 00:00:00,114271.23000000,114821.76000000,113906.01000000,113954.62000000,1626.72781000,1755748799999,185841315.90159620,376353,808.20883000,92356069.79020040,0
2025-08-21 04:00:00,113954.62000000,114033.84000000,113582.43000000,113896.03000000,1612.36321000,1755763199999,183481882.07337650,278315,870.46157000,99045269.10060130,0
2025-08-21 08:00:00,113896.03000000,113990.00000000,113000.00000000,113148.66000000,1509.65106000,1755777599999,171287136.95961630,338663,634.87235000,72052473.70516610,0
2025-08-21 12:00:00,113148.65000000,113995.11000000,112608.64000000,112792.08000000,2521.11028000,1755791999999,285394179.23457840,562395,1189.66013000,134689675.90509470,0
2025-08-21 16:00:00,112792.08000000,112969.47000000,112015.67000000,112193.71000000,2468.80417000,1755806399999,277549685.11226940,499262,1258.41931000,141481694.24451910,0
2025-08-21 20:00:00,112193.71000000,112870.94000000,112067.46000000,112500.00000000,1101.03582000,1755820799999,123819589.33412610,302392,584.85788000,65775158.70891120,0
2025-08-22 00:00:00,112500.00000000,113525.00000000,112335.60000000,112929.24000000,1610.19525000,1755835199999,182026286.43214790,367861,995.49538000,112552643.57663110,0
2025-08-22 04:00:00,112929.24000000,113394.76000000,112708.81000000,113094.83000000,1656.25720000,1755849599999,187332321.37900830,331580,887.04271000,100334516.09173060,0
2025-08-22 08:00:00,113094.83000000,113319.30000000,112177.27000000,112320.00000000,1932.43574000,1755863999999,217921342.75416910,317304,924.65796000,104288496.33898460,0
2025-08-22 12:00:00,112320.01000000,117296.12000000,111684.79000000,116370.75000000,11505.26127000,1755878399999,1319396835.13821840,1584774,6041.80772000,693092581.05100730,0
2025-08-22 16:00:00,116370.75000000,117429.05000000,116116.00000000,116655.79000000,4307.94644000,1755892799999,502648352.26454390,577064,2128.81326000,248441571.90658640,0
2025-08-22 20:00:00,116655.79000000,117174.43000000,116550.96000000,116935.99000000,2115.99447000,1755907199999,247299984.30969890,259935,865.78008000,101197902.90772930,0
2025-08-23 00:00:00,116936.00000000,117030.00000000,115458.20000000,115568.77000000,2647.58419000,1755921599999,307518062.91591250,507557,1007.23464000,117041716.91650450,0
2025-08-23 04:00:00,115568.77000000,116034.53000000,115551.20000000,115799.47000000,2258.18362000,1755935999999,261617133.78858280,247598,1110.53791000,128658846.83235600,0
2025-08-23 08:00:00,115799.46000000,115861.80000000,115223.43000000,115310.13000000,1313.89391000,1755950399999,151932657.12032250,171068,625.01231000,72288422.77567940,0
2025-08-23 12:00:00,115310.13000000,115486.97000000,114560.00000000,114812.87000000,3027.56166000,1755964799999,348062480.90316210,373481,1303.05919000,149801287.58571390,0
2025-08-23 16:00:00,114812.88000000,115190.74000000,114684.11000000,115133.91000000,1105.55067000,1755979199999,127121304.50689660,151735,446.56857000,51348035.30536820,0
2025-08-23 20:00:00,115133.92000000,115454.12000000,115001.88000000,115438.05000000,976.58792000,1755993599999,112573788.77948210,108130,590.93752000,68135583.71582130,0
2025-08-24 00:00:00,115438.06000000,115666.68000000,114934.21000000,115036.00000000,1995.92433000,1756007999999,230109582.59534010,291862,1007.06495000,116114555.08681210,0
2025-08-24 04:00:00,115036.01000000,115283.21000000,114846.14000000,114888.19000000,1715.68730000,1756022399999,197387179.73029000,205688,587.93262000,67632167.10410240,0
2025-08-24 08:00:00,114888.19000000,115060.99000000,114600.00000000,114730.22000000,2223.47925000,1756036799999,255263363.45455190,267625,995.18062000,114257369.62055180,0
2025-08-24 12:00:00,114730.22000000,114869.41000000,114350.57000000,114400.00000000,2662.01905000,1756051199999,305089212.15292840,339333,1116.24094000,127945653.39436890,0
2025-08-24 16:00:00,114400.01000000,114917.10000000,110680.00000000,112600.00000000,8322.01988000,1756065599999,943283691.76260140,791837,3650.90078000,413888935.50766550,0
2025-08-24 20:00:00,112600.00000000,113692.97000000,111632.85000000,113493.59000000,4256.85481000,1756079999999,480151576.49346460,677561,1967.74719000,222016520.62081160,0
2025-08-25 00:00:00,113493.59000000,113667.28000000,112159.00000000,112916.84000000,2384.97290000,1756094399999,269655699.25748960,665721,1121.82787000,126832729.81323790,0
2025-08-25 04:00:00,112916.84000000,113059.52000000,111284.05000000,111511.55000000,4054.02521000,1756108799999,454597068.91029520,667424,1925.81482000,215964679.10904130,0
2025-08-25 08:00:00,111511.56000000,111850.13000000,110929.48000000,111214.97000000,4028.25788000,1756123199999,448564942.27145510,624668,1929.68354000,214949901.61912730,0
2025-08-25 12:00:00,111214.97000000,112580.00000000,110588.00000000,112200.64000000,4593.32060000,1756137599999,513032034.67396390,914685,2398.82756000,267986773.11341450,0
2025-08-25 16:00:00,112200.65000000,112937.26000000,110655.01000000,110716.13000000,3109.40411000,1756151999999,348208706.36696460,685712,1261.82967000,141419773.48185360,0
2025-08-25 20:00:00,110716.13000000,111092.54000000,109274.10000000,110111.98000000,7012.81309000,1756166399999,771512202.15085460,1137508,2749.59824000,302509128.20750530,0
2025-08-26 00:00:00,110111.98000000,110111.98000000,108666.66000000,109879.56000000,4155.39206000,1756180799999,455011698.22493690,1097720,1983.06646000,217185031.08963400,0
2025-08-26 04:00:00,109879.57000000,110547.31000000,109765.93000000,110303.20000000,1910.05232000,1756195199999,210359826.37700550,624551,1025.54731000,112960716.09120120,0
2025-08-26 08:00:00,110303.20000000,110455.13000000,109570.34000000,109876.52000000,1852.10166000,1756209599999,203892967.45228500,344139,870.12354000,95800304.58410740,0
2025-08-26 12:00:00,109876.53000000,110818.60000000,109393.93000000,109666.33000000,4559.68511000,1756223999999,501940355.73113050,1065558,2450.01989000,269746462.00346270,0
2025-08-26 16:00:00,109666.34000000,111162.59000000,109450.00000000,111116.03000000,3548.51055000,1756238399999,391349262.89399800,569890,2212.50107000,244219208.03903890,0
2025-08-26 20:00:00,111116.03000000,112371.00000000,110918.26000000,111763.22000000,2426.69707000,1756252799999,270883236.82058330,375616,1322.17330000,147556771.78951970,0
2025-08-27 00:00:00,111763.22000000,111825.16000000,110918.26000000,111418.15000000,2172.27313000,1756267199999,241949639.30677750,410582,925.30522000,103068605.98792800,0
2025-08-27 04:00:00,111418.15000000,111737.26000000,110622.50000000,110725.18000000,1809.80294000,1756281599999,201194156.60015460,370060,762.79756000,84846421.76324390,0
2025-08-27 08:00:00,110725.19000000,111374.45000000,110345.42000000,111322.07000000,1594.26753000,1756295999999,176776430.32148620,317061,785.60547000,87145518.07569220,0
2025-08-27 12:00:00,111322.07000000,112625.00000000,111019.02000000,112000.00000000,3310.10060000,1756310399999,369950416.97553700,824967,1672.05486000,186863860.89385300,0
2025-08-27 16:00:00,111999.99000000,112600.00000000,111541.23000000,112080.69000000,1902.42552000,1756324799999,213222697.39975690,506775,907.01397000,101668324.69289520,0
2025-08-27 20:00:00,112080.68000000,112452.05000000,110921.79000000,111262.01000000,2603.73903000,1756339199999,290681586.58711960,682051,1209.06842000,134993612.76386730,0
2025-08-28 00:00:00,111262.01000000,112042.04000000,110862.42000000,112000.01000000,1203.77782000,1756353599999,134253218.26864630,375072,597.52028000,66649542.65631200,0
2025-08-28 04:00:00,112000.00000000,113360.00000000,111945.07000000,113114.11000000,2481.91862000,1756367999999,280232965.37310330,395525,1238.58901000,139818288.77542760,0
2025-08-28 08:00:00,113114.11000000,113351.51000000,112826.22000000,112909.18000000,1419.04336000,1756382399999,160395511.26407400,164734,540.02909000,61048034.11729170,0
2025-08-28 12:00:00,112909.18000000,113485.90000000,112391.56000000,112678.53000000,3088.93350000,1756396799999,348792906.07042900,597709,1381.73513000,156076823.95085140,0
2025-08-28 16:00:00,112678.53000000,113186.56000000,111901.35000000,111901.36000000,1813.29699000,1756411199999,203973679.42619300,360972,798.74966000,89870954.53001890,0
2025-08-28 20:00:00,111901.36000000,112575.98000000,111872.06000000,112566.90000000,1097.30715000,1756425599999,123140201.54287620,172768,582.84192000,65402359.65391320,0
2025-08-29 00:00:00,112566.90000000,112638.64000000,111302.27000000,111704.23000000,2123.00621000,1756439999999,237282218.20052350,405287,965.39965000,107902817.37234550,0
2025-08-29 04:00:00,111704.24000000,111850.56000000,109899.99000000,110019.38000000,4260.97180000,1756454399999,472460597.88746470,499168,1929.05760000,213853323.43897240,0
2025-08-29 08:00:00,110019.38000000,110270.30000000,109414.18000000,110098.81000000,2848.31026000,1756468799999,313002938.91835020,448903,1604.11242000,176286557.33932710,0
2025-08-29 12:00:00,110098.81000000,111517.07000000,108103.00000000,108386.23000000,7729.28040000,1756483199999,845034516.96281830,1246052,3797.67907000,415295549.56517970,0
2025-08-29 16:00:00,108386.23000000,108832.00000000,107934.24000000,108212.01000000,2605.64538000,1756497599999,282494047.12716180,591209,1064.08261000,115386931.30598950,0
2025-08-29 20:00:00,108212.01000000,108549.99000000,107463.90000000,108377.40000000,3013.09640000,1756511999999,325218173.48121120,416340,1256.02509000,135596334.08264290,0
2025-08-30 00:00:00,108377.40000000,108436.21000000,107350.10000000,108436.20000000,3244.13736000,1756526399999,350563966.56231610,430111,1572.81933000,169958646.69980130,0
2025-08-30 04:00:00,108436.21000000,108697.28000000,108120.00000000,108524.26000000,3052.32523000,1756540799999,330960187.67573420,285923,1928.41443000,209129100.05219530,0
2025-08-30 08:00:00,108524.26000000,108777.43000000,108400.00000000,108680.01000000,1416.95390000,1756555199999,153824302.46667540,167658,803.45769000,87222342.94688020,0
2025-08-30 12:00:00,108680.01000000,108926.15000000,108190.52000000,108869.98000000,1540.53972000,1756569599999,167213327.05550190,272361,744.34436000,80816639.28406480,0
2025-08-30 16:00:00,108869.98000000,108900.00000000,108625.46000000,108828.33000000,677.58629000,1756583999999,73708948.90090160,133138,358.75258000,39025143.87433790,0
2025-08-30 20:00:00,108828.32000000,108838.27000000,108468.77000000,108816.33000000,776.84909000,1756598399999,84396040.07762310,121849,389.38944000,42305921.98612150,0
2025-08-31 00:00:00,108816.33000000,109480.02000000,108801.35000000,109223.84000000,1756.83146000,1756612799999,191851864.51821470,262048,907.25205000,99101944.62700990,0
2025-08-31 04:00:00,109223.84000000,109231.41000000,108523.49000000,108708.26000000,1177.25929000,1756627199999,128038261.11718590,168415,433.77972000,47170551.15249270,0
2025-08-31 08:00:00,108708.25000000,109100.00000000,108303.21000000,108389.76000000,1590.89462000,1756641599999,172733411.24566250,234357,619.64134000,67289247.58149260,0
2025-08-31 12:00:00,108389.77000000,108858.43000000,108191.29000000,108818.69000000,2441.88905000,1756655999999,264753055.11295950,277584,1270.38908000,137781179.95396140,0
2025-08-31 16:00:00,108818.69000000,109237.51000000,108555.00000000,108930.00000000,1232.50315000,1756670399999,134226505.07892460,189011,701.32991000,76368930.44484660,0
2025-08-31 20:00:00,108930.00000000,109230.00000000,108076.93000000,108246.35000000,1290.13839000,1756684799999,140203797.27838460,235218,641.21848000,69695034.40938510,0
2025-09-01 00:00:00,108246.36000000,108482.98000000,107393.00000000,107660.01000000,3206.34097000,1756699199999,345784012.64506980,678736,1375.11859000,148293046.64138160,0
2025-09-01 04:00:00,107660.00000000,109432.99000000,107255.00000000,109432.99000000,2904.17280000,1756713599999,314052268.67128990,493783,1561.84645000,169036237.61859190,0
2025-09-01 08:00:00,109432.99000000,109912.40000000,108186.41000000,108782.88000000,3111.29125000,1756727999999,339723577.21505800,498993,1419.73877000,155028031.51873520,0
2025-09-01 12:00:00,108782.89000000,109520.00000000,108566.00000000,108784.33000000,2266.34513000,1756742399999,247152798.24657160,411529,1002.90732000,109391704.18917580,0
2025-09-01 16:00:00,108784.33000000,109329.65000000,108391.30000000,109217.64000000,1553.15049000,1756756799999,169171627.41311090,266402,729.82289000,79485942.09904600,0
2025-09-01 20:00:00,109217.65000000,109442.95000000,107459.49000000,109237.42000000,3012.30155000,1756771199999,326632354.59003500,379941,1443.55699000,156495986.91750290,0
2025-09-02 00:00:00,109237.43000000,110623.97000000,108883.80000000,110322.18000000,3166.02008000,1756785599999,347302857.09203740,400395,1758.40749000,192932933.82073590,0
2025-09-02 04:00:00,110322.19000000,110610.50000000,110000.00000000,110233.92000000,1952.71608000,1756799999999,215347311.92848680,328089,994.93733000,109733095.59170230,0
2025-09-02 08:00:00,110233.91000000,110711.10000000,109563.87000000,109733.34000000,2462.01591000,1756814399999,271307194.73283180,361037,1048.27551000,115579298.95149500,0
2025-09-02 12:00:00,109733.33000000,111771.52000000,108393.39000000,110829.17000000,6768.89317000,1756828799999,747343925.58072980,880798,3315.12492000,366060490.73815770,0
2025-09-02 16:00:00,110829.16000000,111119.58000000,110200.00000000,110806.00000000,2585.23037000,1756843199999,286198581.18941530,430929,1163.37175000,128803940.00837420,0
2025-09-02 20:00:00,110806.01000000,111538.17000000,110716.77000000,111240.01000000,1575.41195000,1756857599999,175181581.37813730,195080,808.60027000,89923046.42633440,0
2025-09-03 00:00:00,111240.01000000,111782.21000000,110892.14000000,111054.01000000,2263.61693000,1756871999999,251962277.51238080,400128,1035.13985000,115264434.13091300,0
2025-09-03 04:00:00,111054.00000000,111151.99000000,110528.71000000,111099.88000000,1539.69973000,1756886399999,170595738.50876580,260732,572.85090000,63480328.84472480,0
2025-09-03 08:00:00,111099.87000000,111708.00000000,110889.29000000,111437.77000000,1514.83708000,1756900799999,168636555.41170260,286651,811.07758000,90303943.38083840,0
2025-09-03 12:00:00,111437.77000000,112500.00000000,111031.61000000,112222.74000000,3550.00487000,1756915199999,396916280.07101570,746472,1807.53585000,202109934.96599240,0
2025-09-03 16:00:00,112222.73000000,112575.27000000,111686.24000000,112193.74000000,1957.30873000,1756929599999,219492588.71274140,351115,913.79838000,102476028.15755290,0
2025-09-03 20:00:00,112193.74000000,112250.00000000,111613.98000000,111705.71000000,948.25350000,1756943999999,106159177.12705820,169151,398.89206000,44659007.02749640,0
2025-09-04 00:00:00,111705.72000000,112180.00000000,111136.00000000,111148.97000000,1484.75903000,1756958399999,165748620.00623790,303729,652.02619000,72804148.40546280,0
2025-09-04 04:00:00,111148.97000000,111318.84000000,110279.68000000,110463.36000000,2293.72804000,1756972799999,253892672.88128080,341359,895.54519000,99123553.26362450,0
2025-09-04 08:00:00,110463.36000000,111154.93000000,110415.72000000,110810.00000000,1251.00126000,1756987199999,138632770.05667890,246423,668.87931000,74125292.96236330,0
2025-09-04 12:00:00,110810.00000000,111123.99000000,109329.12000000,109510.31000000,3057.95062000,1757001599999,336674953.01896190,635685,1500.41170000,165173050.41215980,0
2025-09-04 16:00:00,109510.32000000,110218.39000000,109363.26000000,109799.99000000,2124.63495000,1757015999999,233220356.07925450,376615,1370.88022000,150452129.13521630,0
2025-09-04 20:00:00,109800.00000000,111765.31000000,109755.59000000,110730.87000000,1991.06146000,1757030399999,220861953.48967060,326444,983.03890000,109003011.64688340,0
2025-09-05 00:00:00,110730.87000000,111482.09000000,110435.75000000,111311.77000000,1665.57580000,1757044799999,184903566.38100620,310264,896.56239000,99523095.37650180,0
2025-09-05 04:00:00,111311.78000000,112999.00000000,111144.51000000,112954.32000000,3481.17531000,1757059199999,390189332.51001230,410628,1791.39517000,200892965.23502570,0
2025-09-05 08:00:00,112954.32000000,112985.00000000,112131.02000000,112354.00000000,1956.82884000,1757073599999,220089308.29147490,280041,945.71148000,106345395.03086400,0
2025-09-05 12:00:00,112354.00000000,113384.62000000,110286.91000000,110716.82000000,9805.88987000,1757087999999,1098894219.30964330,1310302,5024.28213000,563019857.17222220,0
2025-09-05 16:00:00,110716.82000000,111627.51000000,110206.96000000,111614.54000000,2167.09419000,1757102399999,240396957.97819890,350335,1005.04190000,111487864.14964540,0
2025-09-05 20:00:00,111614.54000000,111700.00000000,110375.60000000,110659.99000000,2510.84487000,1757116799999,278658816.15298940,308849,1124.81820000,124797084.26294190,0
2025-09-06 00:00:00,110660.00000000,111307.70000000,110552.56000000,111082.22000000,800.18218000,1757131199999,88738263.42799800,140100,353.50927000,39209399.27270470,0
2025-09-06 04:00:00,111082.23000000,111082.23000000,110687.69000000,110825.60000000,687.98406000,1757145599999,76249293.02100220,94842,247.55686000,27432976.90144220,0
2025-09-06 08:00:00,110825.59000000,110968.00000000,110675.58000000,110781.02000000,621.90211000,1757159999999,68882709.44001820,93699,313.76931000,34752578.20476860,0
2025-09-06 12:00:00,110781.03000000,110999.83000000,110358.11000000,110384.15000000,886.00942000,1757174399999,98108968.71789900,142658,460.89526000,51042181.36652530,0
2025-09-06 16:00:00,110384.16000000,110402.00000000,109977.00000000,110038.41000000,1391.66059000,1757188799999,153326892.03409560,233868,605.91642000,66759272.27371200,0
2025-09-06 20:00:00,110038.42000000,110282.82000000,110034.44000000,110187.97000000,612.56061000,1757203199999,67479809.90245690,90034,327.18585000,36041018.92685820,0
2025-09-07 00:00:00,110187.98000000,110733.12000000,110180.00000000,110629.15000000,948.63792000,1757217599999,104787931.40718370,116828,389.49018000,43022071.94874020,0
2025-09-07 04:00:00,110629.15000000,110911.42000000,110463.10000000,110753.42000000,872.74711000,1757231999999,96571750.76981000,108685,381.50211000,42229956.33231190,0
2025-09-07 08:00:00,110753.41000000,111377.19000000,110720.01000000,111292.13000000,1214.41306000,1757246399999,134950562.86242730,190930,552.37185000,61369941.35678530,0
2025-09-07 12:00:00,111292.12000000,111412.00000000,111042.60000000,111329.99000000,837.52385000,1757260799999,93137851.40595570,142417,344.09796000,38265361.05512750,0
2025-09-07 16:00:00,111329.99000000,111371.35000000,110861.20000000,111259.99000000,940.48526000,1757275199999,104481951.63920650,147101,469.78447000,52170540.84610150,0
2025-09-07 20:00:00,111259.99000000,111600.00000000,111001.45000000,111137.34000000,867.49224000,1757289599999,96517902.07428570,169000,433.60542000,48246052.00139590,0
2025-09-08 00:00:00,111137.35000000,111372.00000000,110621.78000000,111052.11000000,1701.47085000,1757303999999,188935229.57061340,308906,836.79910000,92904009.12259770,0
2025-09-08 04:00:00,111052.11000000,111609.04000000,110899.69000000,111280.39000000,1330.12513000,1757318399999,147913206.12595220,184140,701.81909000,78044546.82714720,0
2025-09-08 08:00:00,111280.40000000,112186.98000000,111252.90000000,112052.43000000,2723.68786000,1757332799999,304673937.23712620,309105,1317.82578000,147374478.79212260,0
2025-09-08 12:00:00,112052.43000000,112924.37000000,111877.64000000,112631.75000000,3018.22348000,1757347199999,339071513.52155890,466756,1572.71776000,176693309.59464820,0
2025-09-08 16:00:00,112631.74000000,112670.06000000,111978.67000000,112097.31000000,1681.81458000,1757361599999,188910893.98617280,316939,615.64599000,69157804.79041590,0
2025-09-08 20:00:00,112097.31000000,112512.71000000,111896.00000000,112065.23000000,1127.08021000,1757375999999,126399082.02353680,158752,486.85197000,54599126.23069910,0
2025-09-09 00:00:00,112065.23000000,112104.41000000,111111.00000000,111708.00000000,2091.77038000,1757390399999,233281366.99759270,364708,1119.70716000,124850202.96638540,0
2025-09-09 04:00:00,111708.01000000,113293.29000000,111624.12000000,112991.11000000,2906.59440000,1757404799999,327413687.28500880,352029,1393.69534000,156948740.48939340,0
2025-09-09 08:00:00,112991.11000000,113176.51000000,112403.91000000,112433.59000000,1848.92022000,1757419199999,208676364.39617630,210918,778.05933000,87830424.61282960,0
2025-09-09 12:00:00,112433.59000000,112950.00000000,110766.66000000,110880.76000000,4662.13241000,1757433599999,521744273.15140730,742791,2061.34504000,230751567.39885640,0
2025-09-09 16:00:00,110880.76000000,111388.04000000,110788.00000000,111301.53000000,2121.49527000,1757447999999,235604707.70760970,252884,1219.72460000,135439035.79615950,0
2025-09-09 20:00:00,111301.53000000,111745.69000000,111090.07000000,111546.39000000,1748.36980000,1757462399999,194745598.36857120,219912,1024.84891000,114153204.91394410,0
2025-09-10 00:00:00,111546.38000000,111586.26000000,110917.45000000,111545.88000000,1667.04272000,1757476799999,185465386.61559640,285335,805.56444000,89625575.41568200,0
2025-09-10 04:00:00,111545.88000000,112602.35000000,111372.42000000,112553.65000000,2477.25860000,1757491199999,277249952.52496740,275054,1291.20908000,144582430.69017270,0
2025-09-10 08:00:00,112553.65000000,112859.80000000,112097.20000000,112299.99000000,2579.59736000,1757505599999,290014477.68668190,286707,1008.77698000,113415730.16324630,0
2025-09-10 12:00:00,112300.00000000,114313.13000000,112299.99000000,113853.99000000,6630.72074000,1757519999999,752976102.98552950,774516,3390.81038000,384880932.48969830,0
2025-09-10 16:00:00,113853.99000000,114074.46000000,113155.03000000,113574.52000000,2628.46871000,1757534399999,298513456.48038900,357649,953.94643000,108328664.73569500,0
2025-09-10 20:00:00,113574.53000000,114025.78000000,113528.01000000,113960.00000000,1534.33010000,1757548799999,174615373.92914730,203273,824.33267000,93813363.98783810,0
2025-09-11 00:00:00,113960.00000000,114434.23000000,113669.82000000,114400.01000000,1596.62879000,1757563199999,182015809.94844740,263136,961.52159000,109618338.08634040,0
2025-09-11 04:00:00,114400.01000000,114459.65000000,113957.20000000,114083.58000000,1954.14285000,1757577599999,223126882.04170470,250844,925.38594000,105675000.56733420,0
2025-09-11 08:00:00,114083.58000000,114200.00000000,113776.00000000,113999.99000000,1512.60333000,1757591999999,172426276.75729320,230229,687.23071000,78339092.89556980,0
2025-09-11 12:00:00,113999.99000000,114715.02000000,113430.00000000,114180.31000000,5143.69337000,1757606399999,586732694.63006630,862926,2412.18460000,275257309.96635390,0
2025-09-11 16:00:00,114180.32000000,114605.54000000,114102.00000000,114419.99000000,1437.71411000,1757620799999,164436578.72479370,279325,662.48431000,75761951.15958420,0
2025-09-11 20:00:00,114420.00000000,115488.09000000,114246.04000000,115482.69000000,2031.94874000,1757635199999,233502902.85423570,279899,1095.49278000,125943730.01533880,0
2025-09-12 00:00:00,115482.69000000,116331.81000000,115045.45000000,115194.14000000,3703.00155000,1757649599999,428356309.20896320,563995,1926.14769000,222855145.58434580,0
2025-09-12 04:00:00,115194.14000000,115656.87000000,115086.70000000,115086.70000000,1630.41759000,1757663999999,188078296.73253520,252459,713.19737000,82280586.33433440,0
2025-09-12 08:00:00,115086.70000000,115273.12000000,114888.01000000,114913.45000000,1958.78975000,1757678399999,225295701.80976550,242507,1059.45555000,121850301.85111830,0
2025-09-12 12:00:00,114913.45000000,115500.95000000,114740.99000000,115121.18000000,2042.13901000,1757692799999,235016851.08326300,545024,1043.10430000,120057659.02116840,0
2025-09-12 16:00:00,115121.18000000,116665.63000000,115030.30000000,116632.51000000,3863.84437000,1757707199999,448507362.63907920,485400,2325.63773000,269971516.79455820,0
2025-09-12 20:00:00,116632.51000000,116632.51000000,115752.68000000,116029.42000000,2125.91492000,1757721599999,246867748.02825740,392106,928.03012000,107760180.27141450,0
2025-09-13 00:00:00,116029.41000000,116298.78000000,115576.26000000,115957.00000000,2254.31226000,1757735999999,261424386.40744380,283017,797.29772000,92472022.51640340,0
2025-09-13 04:00:00,115957.00000000,115957.01000000,115657.81000000,115778.71000000,1062.20470000,1757750399999,122972028.19498550,141293,452.32207000,52362368.88514660,0
2025-09-13 08:00:00,115778.72000000,116166.71000000,115767.33000000,115974.11000000,1228.90503000,1757764799999,142484356.35699640,143877,653.86468000,75813012.04637850,0
2025-09-13 12:00:00,115974.11000000,116060.00000000,115603.98000000,115768.68000000,1373.33567000,1757779199999,159057213.32081700,243380,622.10718000,72047224.87732550,0
2025-09-13 16:00:00,115768.68000000,115817.37000000,115127.27000000,115797.12000000,1589.96184000,1757793599999,183620137.42837770,291478,742.20207000,85724072.03629970,0
2025-09-13 20:00:00,115797.12000000,115991.29000000,115797.11000000,115918.29000000,760.68444000,1757807999999,88166098.94114070,120590,322.29987000,37354329.07779900,0
2025-09-14 00:00:00,115918.29000000,116109.00000000,115651.99000000,115679.98000000,879.64203000,1757822399999,101912530.94192830,182719,448.54268000,51966994.55571050,0
2025-09-14 04:00:00,115679.99000000,115936.00000000,115449.59000000,115805.39000000,914.78349000,1757836799999,105892525.68561350,131190,504.47234000,58398068.43394520,0
2025-09-14 08:00:00,115805.39000000,116165.19000000,115748.78000000,115794.91000000,840.40714000,1757851199999,97461407.15320890,148132,364.91910000,42315741.29929630,0
2025-09-14 12:00:00,115794.92000000,115878.49000000,115141.80000000,115224.01000000,2036.51269000,1757865599999,235055297.99864420,365569,1029.19419000,118798605.60387380,0
2025-09-14 16:00:00,115224.01000000,115657.50000000,115193.90000000,115634.99000000,869.12927000,1757879999999,100365108.81303440,166241,529.68951000,61162930.28544920,0
2025-09-14 20:00:00,115634.99000000,116087.35000000,115135.00000000,115268.01000000,1167.12735000,1757894399999,135075494.37616980,243367,530.08995000,61334719.12526710,0
2025-09-15 00:00:00,115268.01000000,115594.90000000,114825.00000000,115445.45000000,1291.49944000,1757908799999,148755333.59167810,309719,645.87650000,74396767.24585490,0
2025-09-15 04:00:00,115445.46000000,116757.99000000,115400.00000000,115806.62000000,2645.45158000,1757923199999,307301863.21300750,460919,1400.41903000,162689713.37340390,0
2025-09-15 08:00:00,115806.62000000,115806.62000000,114625.87000000,115070.00000000,3497.27876000,1757937599999,402341170.19463320,597624,1627.73693000,187272169.64518180,0
2025-09-15 12:00:00,115070.01000000,115099.00000000,114384.00000000,114842.90000000,2995.41636000,1757951999999,343782363.52896000,770538,1546.13431000,177457203.01098530,0
2025-09-15 16:00:00,114842.90000000,115570.00000000,114600.00000000,115307.78000000,1872.69025000,1757966399999,215446534.44747110,524766,1032.15362000,118739803.15764560,0
2025-09-15 20:00:00,115307.78000000,115605.07000000,115200.07000000,115349.71000000,910.17510000,1757980799999,105020970.24776540,194423,369.04321000,42582929.25195340,0
2025-09-16 00:00:00,115349.71000000,115520.00000000,114945.01000000,115307.25000000,864.47636000,1757995199999,99591672.05962510,245700,315.94643000,36392856.36049060,0
2025-09-16 04:00:00,115307.26000000,116009.62000000,114930.00000000,115840.00000000,1899.99942000,1758009599999,219806608.63743820,299283,925.54470000,107072896.84875460,0
2025-09-16 08:00:00,115839.99000000,115981.17000000,115206.15000000,115287.83000000,1345.53241000,1758023999999,155508383.82022350,239032,642.66269000,74263269.63666950,0
2025-09-16 12:00:00,115287.84000000,115905.89000000,114737.11000000,115905.88000000,2622.65829000,1758038399999,302186446.59042710,530203,1256.64052000,144829750.86593250,0
2025-09-16 16:00:00,115905.88000000,116870.76000000,115608.28000000,116800.12000000,2955.38019000,1758052799999,343968787.58147110,534667,1561.23821000,181675574.32735700,0
2025-09-16 20:00:00,116800.13000000,116964.27000000,116584.45000000,116788.96000000,1238.86273000,1758067199999,144717388.82774170,198173,590.15110000,68948220.95271430,0
2025-09-17 00:00:00,116788.96000000,117077.16000000,116371.81000000,116372.04000000,1657.75299000,1758081599999,193491339.81008770,290146,815.63490000,95235176.22922890,0
2025-09-17 04:00:00,116372.05000000,117286.73000000,116160.22000000,117162.48000000,2485.03317000,1758095999999,290584490.39789000,331949,1244.97129000,145570415.80491210,0
2025-09-17 08:00:00,117162.48000000,117189.86000000,116253.27000000,116258.13000000,1655.08810000,1758110399999,193052633.85378710,275626,616.39614000,71876604.82226690,0
2025-09-17 12:00:00,116258.12000000,116516.93000000,115432.00000000,115875.32000000,2848.33061000,1758124799999,330110290.72195140,580758,1431.82591000,165929205.94850880,0
2025-09-17 16:00:00,115875.33000000,116333.33000000,114720.81000000,115652.02000000,5738.81221000,1758139199999,663313189.17896010,1271634,2797.54671000,323392837.82956480,0
2025-09-17 20:00:00,115652.02000000,116990.68000000,115307.33000000,116447.59000000,2369.22832000,1758153599999,275531760.65906940,477305,1068.62695000,124277870.19859750,0
2025-09-18 00:00:00,116447.60000000,117896.00000000,116092.76000000,117581.66000000,3081.68078000,1758167999999,360962395.08196600,545534,1552.10912000,181734851.19817400,0
2025-09-18 04:00:00,117581.67000000,117750.00000000,116888.02000000,117086.01000000,1789.62789000,1758182399999,209885864.13961750,336315,688.09658000,80699444.82398450,0
2025-09-18 08:00:00,117086.01000000,117413.04000000,117010.59000000,117063.40000000,1165.75229000,1758196799999,136644267.16767080,265319,615.10674000,72102169.69079360,0
2025-09-18 12:00:00,117063.41000000,117843.83000000,116977.59000000,117583.56000000,2416.33194000,1758211199999,283846467.09226430,482957,1302.94828000,153061674.61871160,0
2025-09-18 16:00:00,117583.56000000,117900.00000000,117196.33000000,117450.21000000,1828.62350000,1758225599999,215116042.78037830,374290,981.62432000,115472670.55768360,0
2025-09-18 20:00:00,117450.21000000,117657.17000000,116612.03000000,117073.53000000,1375.21725000,1758239999999,161058311.22461250,248239,577.46034000,67629742.04538040,0
2025-09-19 00:00:00,117073.53000000,117459.99000000,116871.61000000,116977.58000000,1326.38784000,1758254399999,155402024.03295700,312981,533.62089000,62517867.86585390,0
2025-09-19 04:00:00,116977.58000000,117100.00000000,116633.86000000,116909.97000000,1538.09106000,1758268799999,179715411.02232820,281722,576.66272000,67382362.12074040,0
2025-09-19 08:00:00,116909.98000000,117090.36000000,116300.00000000,116394.72000000,1243.82831000,1758283199999,145090230.80511020,210628,486.01225000,56690954.63572180,0
2025-09-19 12:00:00,116394.72000000,116529.08000000,115464.19000000,115884.03000000,2657.87565000,1758297599999,308378000.22729850,466145,1293.13634000,150024130.86997050,0
2025-09-19 16:00:00,115884.03000000,116136.00000000,115112.58000000,115125.12000000,1413.65495000,1758311999999,163452273.25479540,290425,676.66257000,78251783.94873560,0
2025-09-19 20:00:00,115125.13000000,115657.28000000,115100.00000000,115632.38000000,812.25284000,1758326399999,93754462.11074960,170570,454.72006000,52478883.63765770,0
2025-09-20 00:00:00,115632.39000000,115730.41000000,115408.47000000,115445.00000000,717.06298000,1758340799999,82888500.38146520,124296,346.11885000,40008333.14995570,0
2025-09-20 04:00:00,115445.00000000,115985.20000000,115409.08000000,115968.56000000,759.46126000,1758355199999,87855071.45374150,110606,467.47497000,54074433.54654270,0
2025-09-20 08:00:00,115968.56000000,115968.57000000,115664.11000000,115894.06000000,793.04586000,1758369599999,91828050.91084840,136003,360.32496000,41724695.46654950,0
2025-09-20 12:00:00,115894.05000000,116121.81000000,115804.47000000,115986.69000000,836.91424000,1758383999999,97054572.13504620,133819,365.84809000,42427792.07254300,0
2025-09-20 16:00:00,115986.70000000,116079.46000000,115698.08000000,115702.00000000,898.20806000,1758398399999,104049061.31061800,121605,392.98161000,45522079.38976900,0
2025-09-20 20:00:00,115702.00000000,115944.70000000,115603.42000000,115685.63000000,670.23512000,1758412799999,77589017.04997010,114122,343.41635000,39754136.21789890,0
2025-09-21 00:00:00,115685.63000000,115732.94000000,115441.83000000,115669.41000000,919.05922000,1758427199999,106244847.86826770,138632,382.21256000,44187619.19627150,0
2025-09-21 04:00:00,115669.42000000,115815.98000000,115487.56000000,115815.97000000,806.93980000,1758441599999,93317224.35886330,135618,396.77304000,45885341.45019600,0
2025-09-21 08:00:00,115815.98000000,115819.06000000,115329.03000000,115603.45000000,786.85295000,1758455999999,90947602.10522750,168670,343.18454000,39664581.11508440,0
2025-09-21 12:00:00,115603.45000000,115747.23000000,115473.19000000,115531.61000000,671.32040000,1758470399999,77628802.41639730,148679,286.47799000,33124406.79987650,0
2025-09-21 16:00:00,115531.62000000,115665.52000000,115209.02000000,115480.05000000,781.11646000,1758484799999,90162089.93084310,192628,363.97115000,42014901.11311980,0
2025-09-21 20:00:00,115480.05000000,115545.43000000,115188.00000000,115232.29000000,546.23336000,1758499199999,62999184.47081070,161738,244.10561000,28154689.07244490,0
2025-09-22 00:00:00,115232.29000000,115379.25000000,114150.00000000,114649.89000000,3078.59053000,1758513599999,352684754.11777710,736906,1425.26822000,163246716.89603170,0
2025-09-22 04:00:00,114649.89000000,114649.90000000,111800.00000000,112519.99000000,7290.80289000,1758527999999,823530281.51200680,728222,3253.38510000,367502330.86163850,0
2025-09-22 08:00:00,112520.00000000,112976.02000000,112173.52000000,112876.97000000,3052.23045000,1758542399999,343444834.82094120,432429,1529.16275000,172070503.33346660,0
2025-09-22 12:00:00,112876.97000000,113432.76000000,112380.00000000,112815.50000000,3313.50245000,1758556799999,374108351.03113050,540240,1462.92194000,165183779.00933880,0
2025-09-22 16:00:00,112815.50000000,112888.00000000,111936.40000000,112122.90000000,2731.51753000,1758571199999,307062428.91799760,394676,1008.47504000,113372531.37514730,0
2025-09-22 20:00:00,112122.90000000,112977.41000000,111975.28000000,112650.99000000,1315.06971000,1758585599999,148041861.29902190,213403,633.14472000,71308405.42256470,0
2025-09-23 00:00:00,112650.99000000,112833.09000000,111478.00000000,112339.99000000,2398.09582000,1758599999999,269043870.04109740,423585,1029.92621000,115566420.27788150,0
2025-09-23 04:00:00,112339.99000000,113114.01000000,111876.15000000,113090.13000000,2504.81638000,1758614399999,282369160.46170410,475088,1192.47496000,134434490.33527400,0
2025-09-23 08:00:00,113090.13000000,113281.50000000,112683.33000000,112975.99000000,1814.57634000,1758628799999,205068866.18582340,305733,821.37518000,92832278.57402130,0
2025-09-23 12:00:00,112975.99000000,113290.50000000,112496.61000000,112882.19000000,1948.83266000,1758643199999,219993237.52754170,451279,823.53111000,92978126.21790460,0
2025-09-23 16:00:00,112882.20000000,112958.58000000,111540.20000000,111655.29000000,2394.18192000,1758657599999,268491504.71853940,575584,1073.49522000,120384847.72395070,0
2025-09-23 20:00:00,111655.29000000,112220.54000000,111458.73000000,111998.80000000,1240.81718000,1758671999999,138903161.33899710,224460,602.55822000,67469495.59100070,0
2025-09-24 00:00:00,111998.80000000,112500.00000000,111683.09000000,111683.09000000,2848.03309000,1758686399999,319231715.78306920,450413,1269.95521000,142335429.33395300,0
2025-09-24 04:00:00,111683.10000000,112779.37000000,111042.66000000,112583.54000000,2905.68984000,1758700799999,325878156.69843920,422986,1541.70360000,172928360.70714090,0
2025-09-24 08:00:00,112583.54000000,113162.17000000,112405.62000000,113029.46000000,1567.72874000,1758715199999,176833681.46212980,250830,860.06127000,97021284.84561540,0
2025-09-24 12:00:00,113029.45000000,113890.00000000,112808.00000000,113346.41000000,2535.05067000,1758729599999,287303312.80478710,552852,1318.87422000,149507527.40252870,0
2025-09-24 16:00:00,113346.40000000,113940.00000000,113163.21000000,113420.01000000,1318.69585000,1758743999999,149795073.91134420,322583,604.02160000,68627497.35902840,0
2025-09-24 20:00:00,113420.00000000,113647.58000000,113204.71000000,113307.00000000,1194.06148000,1758758399999,135428687.84281250,230173,506.07897000,57406181.57221060,0
2025-09-25 00:00:00,113307.01000000,113510.23000000,112214.74000000,112546.21000000,3049.61418000,1758772799999,344005575.81568140,658203,1427.22747000,160957165.18388540,0
2025-09-25 04:00:00,112546.22000000,112614.43000000,111450.42000000,111766.72000000,2930.20950000,1758787199999,327663142.00683150,596111,1372.57018000,153492918.47400550,0
2025-09-25 08:00:00,111766.73000000,112246.46000000,111283.63000000,111348.00000000,2287.76235000,1758801599999,255646380.39669940,406141,980.94778000,109635663.45243120,0
2025-09-25 12:00:00,111347.99000000,111729.52000000,110629.99000000,111580.77000000,4734.75828000,1758815999999,527008326.88953170,1120064,2052.45708000,228443277.30341460,0
2025-09-25 16:00:00,111580.77000000,111672.58000000,108631.51000000,109360.00000000,6129.42446000,1758830399999,672975159.27256590,1060870,2585.28818000,283641411.30006550,0
2025-09-25 20:00:00,109360.00000000,109685.72000000,108765.00000000,108994.49000000,2099.38080000,1758844799999,229341105.54390470,568564,1092.58868000,119357100.05464250,0
2025-09-26 00:00:00,108994.49000000,109798.84000000,108809.24000000,109580.01000000,2323.19574000,1758859199999,254245438.68470750,534083,1052.66880000,115195891.11143690,0
2025-09-26 04:00:00,109580.00000000,109625.94000000,108913.00000000,109320.02000000,3055.89804000,1758873599999,333796210.85090300,475637,1727.78782000,188665223.80385670,0
2025-09-26 08:00:00,109320.02000000,109690.98000000,108620.07000000,109133.50000000,2675.46214000,1758887999999,291980121.86979700,532784,991.18565000,108189935.86158570,0
2025-09-26 12:00:00,109133.50000000,109779.73000000,108764.76000000,109027.78000000,3241.92440000,1758902399999,354169754.92829400,961751,1645.14827000,179782119.84430670,0
2025-09-26 16:00:00,109027.79000000,110300.00000000,109027.78000000,109172.20000000,2093.42859000,1758916799999,229566570.70964500,543828,1090.71555000,119610460.27671280,0
2025-09-26 20:00:00,109172.21000000,109687.69000000,109087.57000000,109643.46000000,853.10700000,1758931199999,93340818.89591310,209072,470.78424000,51511811.85450120,0
2025-09-27 00:00:00,109643.46000000,109743.91000000,109324.42000000,109553.77000000,1041.65919000,1758945599999,114071463.21404600,170335,510.68488000,55917374.07404540,0
2025-09-27 04:00:00,109553.77000000,109742.27000000,109332.02000000,109411.20000000,908.84116000,1758959999999,99561610.80098340,118897,406.08444000,44487440.48758670,0
2025-09-27 08:00:00,109411.19000000,109477.69000000,109064.40000000,109310.21000000,1356.29029000,1758974399999,148229649.56176290,194483,596.20681000,65164372.50049190,0
2025-09-27 12:00:00,109310.22000000,109477.59000000,109193.00000000,109402.24000000,1151.38343000,1758988799999,125875777.06509470,178012,511.03924000,55871636.53244890,0
2025-09-27 16:00:00,109402.25000000,109440.00000000,109243.89000000,109424.20000000,590.81859000,1759003199999,64619444.69863240,145696,234.92135000,25691898.22871310,0
2025-09-27 20:00:00,109424.21000000,109699.98000000,109362.72000000,109635.85000000,452.79377000,1759017599999,49589643.65655710,112171,264.32214000,28947779.17090940,0
2025-09-28 00:00:00,109635.85000000,109787.75000000,109325.05000000,109436.00000000,822.14827000,1759031999999,90044713.87016250,223878,412.28027000,45150225.50851850,0
2025-09-28 04:00:00,109436.00000000,109537.80000000,109260.00000000,109513.06000000,569.05076000,1759046399999,62257046.29739510,92356,294.31340000,32198424.27673750,0
2025-09-28 08:00:00,109513.06000000,109585.39000000,109250.00000000,109369.02000000,862.93461000,1759060799999,94420289.04633350,183426,420.99379000,46061702.51652680,0
2025-09-28 12:00:00,109369.02000000,110037.93000000,109189.99000000,110037.93000000,1349.20291000,1759075199999,147898941.38906380,288876,555.96741000,60956478.86828100,0
2025-09-28 16:00:00,110037.92000000,110393.63000000,110008.54000000,110337.60000000,1215.77694000,1759089599999,134010225.16023950,241509,612.71660000,67540466.26410240,0
2025-09-28 20:00:00,110337.61000000,112350.00000000,110294.78000000,112163.95000000,2723.21811000,1759103999999,303623728.55714090,454821,1485.60459000,165588459.73518380,0
2025-09-29 00:00:00,112163.96000000,112310.00000000,111588.07000000,111857.51000000,2297.47362000,1759118399999,257214538.02497690,442060,1048.98960000,117456642.63784110,0
2025-09-29 04:00:00,111857.51000000,111904.34000000,111560.65000000,111865.95000000,1831.36016000,1759132799999,204592458.62763950,299499,1004.26408000,112180456.46137010,0
2025-09-29 08:00:00,111865.96000000,112421.99000000,111865.95000000,112100.00000000,2126.24195000,1759147199999,238342829.85522600,324984,1077.07667000,120736060.17852760,0
2025-09-29 12:00:00,112100.00000000,114231.56000000,111901.26000000,113815.57000000,5064.79852000,1759161599999,573716293.18183780,789340,2663.77606000,301574004.71322660,0
2025-09-29 16:00:00,113815.57000000,114390.93000000,113449.74000000,114265.55000000,2716.40525000,1759175999999,309483410.94878900,354517,1227.93720000,139934824.24231550,0
2025-09-29 20:00:00,114265.56000000,114400.00000000,114020.00000000,114311.96000000,1504.84055000,1759190399999,171898105.23266680,232253,814.64407000,93052999.33547210,0
2025-09-30 00:00:00,114311.97000000,114792.00000000,114040.35000000,114376.39000000,2494.38118000,1759204799999,285442214.86781880,444227,1122.69104000,128499719.71322000,0
2025-09-30 04:00:00,114376.39000000,114376.40000000,113585.00000000,113699.23000000,2326.82117000,1759219199999,265116049.17012070,334134,947.88151000,107991936.52511960,0
2025-09-30 08:00:00,113699.24000000,113741.37000000,112656.27000000,113055.01000000,2869.29172000,1759233599999,324570286.34938870,462307,1534.32514000,173519351.10107890,0
2025-09-30 12:00:00,113055.00000000,113677.23000000,112866.11000000,113106.16000000,2840.28661000,1759247999999,321540741.98797550,878794,1300.30916000,147218631.20985640,0
2025-09-30 16:00:00,113106.15000000,114563.46000000,112800.00000000,114359.99000000,2535.88761000,1759262399999,288029255.11497640,512164,1287.09650000,146251134.04037590,0
2025-09-30 20:00:00,114359.99000000,114754.87000000,113765.42000000,114048.93000000,1977.48804000,1759276799999,226014719.63981540,386705,993.41819000,113563688.68053070,0
2025-10-01 00:00:00,114048.94000000,114551.76000000,113966.67000000,114176.92000000,2042.57116000,1759291199999,233499606.04922240,365189,973.35718000,111273026.30331280,0
2025-10-01 04:00:00,114176.93000000,114740.00000000,114151.00000000,114539.02000000,1996.43364000,1759305599999,228584340.51596940,453781,805.82104000,92262770.03152040,0
2025-10-01 08:00:00,114539.02000000,116795.85000000,114484.43000000,116789.58000000,5217.93036000,1759319999999,604751911.29038270,730334,2969.42682000,343980662.63906420,0
2025-10-01 12:00:00,116789.57000000,117649.99000000,116363.38000000,117423.73000000,4518.34600000,1759334399999,528495971.58234100,849968,2190.22932000,256223578.84746030,0
2025-10-01 16:00:00,117423.73000000,118199.00000000,116724.56000000,117439.53000000,3814.32316000,1759348799999,448255889.93332880,583662,1823.08956000,214253035.20857870,0
2025-10-01 20:00:00,117439.53000000,118649.10000000,117163.25000000,118594.99000000,2446.79084000,1759363199999,288509261.89468920,447409,1309.11700000,154429584.37658100,0
2025-10-02 00:00:00,118594.99000000,119456.92000000,118368.05000000,118733.99000000,4187.34775000,1759377599999,497627797.11437860,736652,2192.53340000,260588560.74015300,0
2025-10-02 04:00:00,118733.99000000,118930.29000000,118279.31000000,118489.76000000,1772.36438000,1759391999999,210107178.01584700,347710,665.88412000,78943010.65534770,0
2025-10-02 08:00:00,118489.76000000,118926.49000000,118354.61000000,118765.73000000,1460.00845000,1759406399999,173263672.07406360,264264,747.60980000,88726117.37654980,0
2025-10-02 12:00:00,118765.72000000,119910.79000000,118516.39000000,119910.78000000,5099.16626000,1759420799999,608427409.90587330,967574,2836.67768000,338496859.04429270,0
2025-10-02 16:00:00,119910.78000000,121022.07000000,119359.63000000,120836.49000000,4869.11141000,1759435199999,585412473.74573860,780175,2457.56897000,295486797.20501880,0
2025-10-02 20:00:00,120836.49000000,120914.00000000,120072.46000000,120529.35000000,2282.83678000,1759449599999,275022596.48867940,375698,852.80451000,102745078.96844550,0
2025-10-03 00:00:00,120529.35000000,120550.90000000,119820.00000000,120225.89000000,2268.65523000,1759463999999,272710904.27956340,425555,853.57434000,102601163.44525290,0
2025-10-03 04:00:00,120225.88000000,120324.53000000,119610.59000000,119640.21000000,2293.91523000,1759478399999,274941005.21233860,319426,763.91801000,91596948.73996820,0
2025-10-03 08:00:00,119640.22000000,120515.89000000,119248.30000000,120334.50000000,3467.40526000,1759492799999,416272468.78557710,428903,1447.39533000,173798057.30156550,0
2025-10-03 12:00:00,120334.51000000,122366.00000000,119881.24000000,122258.05000000,4929.42106000,1759507199999,596531230.46443710,1074937,2734.65596000,331036842.48699540,0
2025-10-03 16:00:00,122258.04000000,123894.99000000,121466.25000000,122660.99000000,9447.66952000,1759521599999,1159833334.65435830,1647932,4768.99657000,585662876.94861530,0
2025-10-03 20:00:00,122661.00000000,122734.92000000,121999.33000000,122232.00000000,1529.26170000,1759535999999,187092133.28504430,350067,720.08334000,88096718.69122410,0
2025-10-04 00:00:00,122232.21000000,122325.60000000,121684.97000000,122243.99000000,1730.57720000,1759550399999,211099963.95431260,424870,816.50953000,99613426.53432030,0
2025-10-04 04:00:00,122243.99000000,122800.00000000,122219.30000000,122324.08000000,1516.17531000,1759564799999,185707032.54270780,298681,710.92006000,87079947.34376070,0
2025-10-04 08:00:00,122324.08000000,122539.83000000,121962.81000000,121973.26000000,1268.73633000,1759579199999,155133843.53270200,219801,623.33043000,76223673.62505060,0
2025-10-04 12:00:00,121973.26000000,122509.52000000,121698.88000000,121791.31000000,1464.05666000,1759593599999,178686185.50319400,361807,623.71437000,76136650.14428400,0
2025-10-04 16:00:00,121791.31000000,121964.95000000,121510.00000000,121959.25000000,1443.23464000,1759607999999,175708446.32154880,245128,615.43498000,74935077.83484410,0
2025-10-04 20:00:00,121959.25000000,122410.00000000,121871.01000000,122391.00000000,785.38664000,1759622399999,95937431.49018200,153303,377.89398000,46165657.64140220,0
2025-10-05 00:00:00,122390.99000000,124362.28000000,122136.00000000,123776.22000000,4212.02615000,1759636799999,520334194.48993320,691499,2464.54974000,304379319.50981660,0
2025-10-05 04:00:00,123776.23000000,125708.42000000,123734.00000000,124713.63000000,7342.54920300,1759651199999,918195583.57300200,999184,4023.05115300,503093246.96551080,0
2025-10-05 08:00:00,124713.63000000,124838.37000000,122520.24000000,123464.64000000,4455.30964000,1759665599999,550076667.52752170,798480,2105.16480000,259759835.85968740,0
2025-10-05 12:00:00,123464.64000000,123464.65000000,122675.00000000,122803.17000000,2233.09004000,1759679999999,274872969.06457120,362179,1132.83436000,139463431.11552050,0
2025-10-05 16:00:00,122803.17000000,123464.00000000,122301.63000000,122591.79000000,2386.16050000,1759694399999,293327214.60724370,500385,1262.23472000,155197705.07311310,0
2025-10-05 20:00:00,122591.80000000,123548.83000000,122473.62000000,123482.31000000,1413.96202000,1759708799999,174010841.67729220,338943,792.83763000,97584862.38734790,0
2025-10-06 00:00:00,123482.32000000,124358.46000000,123084.00000000,123839.09000000,3025.28443000,1759723199999,374435028.79986240,822567,1514.54440000,187472078.53372990,0
2025-10-06 04:00:00,123839.09000000,124165.56000000,123280.49000000,123390.47000000,2210.62835000,1759737599999,273410254.40127530,473306,912.42819000,112855684.84648900,0
2025-10-06 08:00:00,123390.47000000,124531.66000000,123390.46000000,124215.00000000,2768.21181000,1759751999999,343203564.65059130,423106,1659.13306000,205727617.78519450,0
2025-10-06 12:00:00,124215.00000000,125408.29000000,124178.00000000,125000.00000000,4567.69480000,1759766399999,570039253.68215230,1183562,2348.48905000,293097929.81617900,0
2025-10-06 16:00:00,125000.00000000,126199.63000000,124800.00000000,125410.81000000,4722.17235300,1759780799999,592646648.27343420,853093,2580.04856300,323906136.90161590,0
2025-10-06 20:00:00,125410.80000000,125534.00000000,124511.15000000,124658.54000000,2200.63705000,1759795199999,275094202.45800280,450533,948.36489000,118565681.83451000,0
2025-10-07 00:00:00,124658.54000000,125082.27000000,124101.26000000,124329.74000000,1773.60979000,1759809599999,220920573.76823910,491779,864.88818000,107758799.10802200,0
2025-10-07 04:00:00,124329.74000000,124654.47000000,123567.60000000,123667.99000000,2455.22590000,1759823999999,304622336.04908810,470777,978.62711000,121447489.71830410,0
2025-10-07 08:00:00,123668.00000000,124509.60000000,123322.90000000,124453.38000000,2444.73415000,1759838399999,303046034.76347480,452817,1222.21828000,151582526.91055010,0
2025-10-07 12:00:00,124453.37000000,125126.00000000,121172.89000000,121846.01000000,7360.01455000,1759852799999,905286859.80157790,1464124,3253.15942000,400336339.53722110,0
2025-10-07 16:00:00,121846.01000000,122084.14000000,120574.94000000,121637.17000000,5726.89600000,1759867199999,695188027.58233990,1000405,2550.82405000,309673616.05836590,0
2025-10-07 20:00:00,121637.18000000,122292.62000000,121258.08000000,121332.95000000,1873.51346000,1759881599999,228341967.90582880,510883,829.63395000,101148970.36644260,0
2025-10-08 00:00:00,121332.96000000,122229.66000000,121200.00000000,121374.75000000,2406.76826000,1759895999999,293072607.11187850,691439,1164.40966000,141825662.06698160,0
2025-10-08 04:00:00,121374.76000000,121910.24000000,121066.14000000,121597.06000000,2670.85944000,1759910399999,324564761.87183740,585514,1288.46007000,156576311.28406210,0
2025-10-08 08:00:00,121597.05000000,123200.00000000,121524.01000000,122884.14000000,3408.74044000,1759924799999,417698564.08653910,681423,2059.58628000,252263865.08248720,0
2025-10-08 12:00:00,122884.14000000,123350.00000000,121649.68000000,122189.72000000,3373.36830000,1759939199999,413472933.84703670,1039222,1761.36381000,215957082.10997720,0
2025-10-08 16:00:00,122189.72000000,124197.25000000,122110.08000000,123450.00000000,3795.53021000,1759953599999,468725361.06308990,896830,2110.11538000,260570178.91050690,0
2025-10-08 20:00:00,123450.01000000,123737.00000000,122794.40000000,123306.00000000,1357.35135000,1759967999999,167308614.46123530,290569,655.12702000,80783165.24084460,0
2025-10-09 00:00:00,123306.01000000,123348.32000000,121475.98000000,122038.01000000,2319.17839000,1759982399999,283578287.06055600,548381,1061.61448000,129742045.29798820,0
2025-10-09 04:00:00,122038.01000000,122264.00000000,121724.71000000,121906.10000000,1451.14790000,1759996799999,177032613.48002480,351374,678.82991000,82810764.94710660,0
2025-10-09 08:00:00,121906.09000000,122833.02000000,121145.49000000,122737.57000000,2689.44106000,1760011199999,327913491.37966740,614086,1321.39836000,161086013.21581150,0
2025-10-09 12:00:00,122737.56000000,123762.94000000,120673.99000000,121147.14000000,6566.06200000,1760025599999,802158864.04645970,1257871,3132.48226000,382886650.71182700,0
2025-10-09 16:00:00,121147.15000000,121481.90000000,119651.47000000,120951.72000000,6174.05969000,1760039999999,744428050.47005680,1020022,2595.55881000,312958583.58452960,0
2025-10-09 20:00:00,120951.72000000,121900.00000000,120838.00000000,121662.40000000,2359.47103000,1760054399999,286326781.12996840,439433,1354.26982000,164398775.80697600,0
2025-10-10 00:00:00,121662.41000000,121874.13000000,120900.00000000,121026.01000000,2094.68145000,1760068799999,254275035.70168650,516650,955.65412000,116026684.80004380,0
2025-10-10 04:00:00,121026.00000000,121754.34000000,120855.41000000,120932.05000000,2566.54979000,1760083199999,311351111.01304550,596873,1052.11332000,127707284.61349640,0
2025-10-10 08:00:00,120932.05000000,121777.07000000,120916.44000000,121554.55000000,1553.83694000,1760097599999,188695320.93428830,445775,835.88684000,101510363.65615800,0
2025-10-10 12:00:00,121554.55000000,122550.00000000,118500.00000000,119018.98000000,7767.59253000,1760111999999,934592515.31947690,1732958,3669.89821000,441938383.39794500,0
2025-10-10 16:00:00,119018.99000000,119456.28000000,115952.47000000,116661.50000000,8454.54427000,1760126399999,994807629.57088090,2022673,3793.97209000,446619279.93523020,0
2025-10-10 20:00:00,116661.50000000,117214.64000000,102000.00000000,112774.50000000,41734.73429000,1760140799999,4666029292.50177920,6089593,20194.61839000,2259496456.44313430,0
2025-10-11 00:00:00,112774.49000000,113322.39000000,111019.43000000,112300.01000000,11533.52669000,1760155199999,1293681040.67509890,2026502,5110.80551000,573335130.39242580,0
2025-10-11 04:00:00,112300.00000000,112991.16000000,110090.29000000,110384.61000000,7142.76272000,1760169599999,797960337.70062370,1228503,3044.40272000,340310800.09882880,0
2025-10-11 08:00:00,110384.60000000,112359.67000000,110162.23000000,112280.00000000,5929.13992000,1760183999999,661351285.92256900,1017523,2692.80191000,300419021.08388840,0
2025-10-11 12:00:00,112280.01000000,112500.00000000,111793.20000000,111793.20000000,3681.24351000,1760198399999,412916020.17511150,650037,1364.49025000,153067514.69771550,0
2025-10-11 16:00:00,111793.21000000,112185.53000000,110865.82000000,111178.31000000,3138.91159000,1760212799999,350434516.21946350,678020,1392.25845000,155445077.55367720,0
2025-10-11 20:00:00,111178.30000000,111368.29000000,109561.59000000,110644.40000000,4022.93209000,1760227199999,444726272.53826970,1061344,1771.18912000,195852055.74041650,0
2025-10-12 00:00:00,110644.40000000,111368.14000000,109565.06000000,110676.00000000,4785.58424000,1760241599999,527734464.99480780,1108600,2476.96052000,273173790.56971350,0
2025-10-12 04:00:00,110676.00000000,112125.51000000,110617.10000000,111525.20000000,2731.29761000,1760255999999,304716749.81612510,607932,1477.25750000,164825649.67710120,0
2025-10-12 08:00:00,111525.19000000,112133.33000000,111139.87000000,111848.36000000,2810.82095000,1760270399999,313927758.07705480,603209,1642.22975000,183428181.66277760,0
2025-10-12 12:00:00,111848.35000000,113745.84000000,111177.75000000,113198.20000000,9020.41664000,1760284799999,1014104335.29719340,1362515,4653.69522000,523225849.13482730,0
2025-10-12 16:00:00,113198.20000000,114700.00000000,113198.20000000,114342.28000000,6635.34892000,1760299199999,756389128.24520870,1144133,3685.75078000,420151541.27759350,0
2025-10-12 20:00:00,114342.28000000,115770.00000000,114217.75000000,114958.80000000,6271.83436000,1760313599999,721674092.30976600,1222186,2979.55156000,342871466.85523780,0
2025-10-13 00:00:00,114958.81000000,115963.81000000,114619.45000000,114821.12000000,4123.60858000,1760327999999,475323620.27149950,1164854,2174.32736000,250632301.02132630,0
2025-10-13 04:00:00,114821.13000000,115554.83000000,114398.24000000,115399.67000000,3437.01313000,1760342399999,394916947.33842730,736105,1463.28676000,168265163.29489260,0
2025-10-13 08:00:00,115399.66000000,115438.17000000,113616.50000000,114180.00000000,4560.86246000,1760356799999,523095735.56426370,873810,1919.26850000,220015762.35308800,0
2025-10-13 12:00:00,114180.00000000,115530.00000000,113800.01000000,114312.10000000,5538.12887000,1760371199999,634545221.89615510,1607879,2528.50751000,289748367.09501470,0
2025-10-13 16:00:00,114312.09000000,115891.30000000,114215.79000000,115792.84000000,3368.92301000,1760385599999,387384812.75319190,929742,1926.78270000,221567028.23752510,0
2025-10-13 20:00:00,115792.84000000,115868.00000000,115005.44000000,115166.00000000,1528.70428000,1760399999999,176565323.16221170,426962,698.72440000,80721961.84061980,0
2025-10-14 00:00:00,115166.00000000,115409.96000000,113279.76000000,113500.00000000,3456.84461000,1760414399999,394674575.75338980,805132,1323.21364000,150943873.64252020,0
2025-10-14 04:00:00,113500.00000000,113691.00000000,111355.01000000,111724.41000000,6286.29915000,1760428799999,707088652.31309020,1394120,2719.93617000,305898644.00992760,0
2025-10-14 08:00:00,111724.41000000,112140.00000000,110012.24000000,111313.98000000,5281.83478000,1760443199999,587216179.59909420,1285881,2512.77526000,279377550.88687940,0
2025-10-14 12:00:00,111313.98000000,112943.82000000,109866.00000000,112900.43000000,7186.98731000,1760457599999,799750593.43009110,1807844,3813.50177000,424684587.78846380,0
2025-10-14 16:00:00,112900.44000000,113544.53000000,111692.31000000,112613.70000000,7436.01163000,1760471999999,838223618.24299450,1608065,3642.46928000,410719177.73103840,0
2025-10-14 20:00:00,112613.69000000,113577.00000000,112230.46000000,113028.14000000,2222.35226000,1760486399999,251187159.46983890,524600,932.29585000,105387558.57555130,0
2025-10-15 00:00:00,113028.13000000,113612.35000000,111825.93000000,112024.29000000,3526.54912000,1760500799999,397532853.03578300,952530,1322.04541000,149048214.45436080,0
2025-10-15 04:00:00,112024.30000000,112680.00000000,111746.76000000,112584.50000000,3442.20374000,1760515199999,386508741.52025990,684213,1626.18854000,182636474.79341180,0
2025-10-15 08:00:00,112584.49000000,113520.88000000,111693.26000000,111905.73000000,3699.08334000,1760529599999,416606520.08440720,682792,1814.49868000,204405905.07585880,0
2025-10-15 12:00:00,111905.72000000,112238.41000000,110400.00000000,110798.01000000,6590.50038000,1760543999999,733692945.28886140,1400159,3070.62390000,341849663.57600090,0
2025-10-15 16:00:00,110798.01000000,111557.70000000,110164.00000000,111271.73000000,3317.74779000,1760558399999,367768608.86049960,900352,1590.42532000,176349438.25173040,0
2025-10-15 20:00:00,111271.73000000,111556.27000000,110500.00000000,110763.28000000,2410.40374000,1760572799999,267529972.56295750,623095,1075.53646000,119389098.76941120,0
2025-10-16 00:00:00,110763.28000000,111867.17000000,110361.00000000,111329.48000000,2715.42468000,1760587199999,301615168.74998910,687631,1221.15877000,135759727.12809650,0
2025-10-16 04:00:00,111329.48000000,111773.70000000,110553.19000000,110584.20000000,3097.14260000,1760601599999,344138789.93560110,607552,1467.52379000,163043206.55192590,0
2025-10-16 08:00:00,110584.21000000,111728.70000000,109635.15000000,111404.72000000,5282.11808000,1760615999999,585711124.99510880,846206,2170.84547000,240725496.97367200,0
2025-10-16 12:00:00,111404.73000000,111982.45000000,108361.69000000,108549.21000000,8252.81169000,1760630399999,908795953.14954920,1477274,3577.93392000,394363524.07099250,0
2025-10-16 16:00:00,108549.21000000,109254.00000000,107577.57000000,108197.66000000,8255.26892000,1760644799999,893885761.44353560,1758203,3666.66106000,397060507.69159610,0
2025-10-16 20:00:00,108197.67000000,108500.00000000,107427.00000000,108194.28000000,2254.40655000,1760659199999,243449696.48813560,750228,1022.82818000,110464412.71009410,0
2025-10-17 00:00:00,108194.27000000,109240.00000000,107934.40000000,109176.74000000,2417.89309000,1760673599999,262915949.64678930,657181,1309.43949000,142426417.46825860,0
2025-10-17 04:00:00,109176.74000000,109236.01000000,105542.09000000,105633.75000000,8020.07533000,1760687999999,857923296.86673990,1248905,3466.17504000,370683205.32271730,0
2025-10-17 08:00:00,105633.75000000,106651.22000000,103528.23000000,105683.72000000,13908.33322000,1760702399999,1461210664.78745070,2109169,6475.98178000,680680009.37603140,0
2025-10-17 12:00:00,105683.71000000,106497.87000000,104533.21000000,106461.49000000,7466.28699000,1760716799999,788091001.45007580,1816571,3730.44112000,393790619.43373600,0
