Date,open,high,low,close,volume,quote_asset_volume,num_trades,taker_buy_base_asset_volume,taker_buy_quote_asset_volume
2025-07-26 08:00:00,117304.47,118217.45,117304.46,117776.11,1549.30958,182516444.8435796,153476,858.09409,101082519.2500032
2025-07-26 12:00:00,117776.1,118220.0,117772.13,118130.1,1303.59734,153859195.9572898,155222,596.95661,70460231.211729
2025-07-26 16:00:00,118130.1,118297.35,117941.96,118232.11,1051.39337,124173515.1999287,110349,556.03714,65676327.5409961
2025-07-26 20:00:00,118232.11,118276.66,117883.86,117919.99,858.64895,101349587.450951,108749,343.44877,40541358.6481987
2025-07-27 00:00:00,117919.99,118358.18,117825.5,118182.83,1007.50696,119027557.0859303,112389,575.64347,68009812.95415
2025-07-27 04:00:00,118182.83,118438.83,118066.74,118095.95,808.21213,95561585.8691134,104278,390.89967,46221367.1260286
2025-07-27 08:00:00,118095.95,118292.86,117859.98,118072.71,835.9696,98708410.1613655,120595,388.89313,45917656.8230555
2025-07-27 12:00:00,118072.71,118588.0,117890.0,118585.74,1586.05165,187626934.0333028,182821,894.22688,105793419.6216972
2025-07-27 16:00:00,118585.75,119540.01,118585.75,118960.0,3418.37234,407360766.6908695,354026,2213.46507,263777127.9271977
2025-07-27 20:00:00,118960.01,119766.65,118713.74,119415.55,1672.19651,199598288.32021672,220971,775.17536,92542176.7985987
2025-07-28 00:00:00,119415.56,119800.0,118960.5,119287.99,1824.53168,217797781.98470393,289119,835.00751,99693864.725613
2025-07-28 04:00:00,119287.99,119701.07,118774.31,118900.0,2360.0622,281402696.3843602,233844,1325.92556,158105257.645123
2025-07-28 08:00:00,118900.01,119102.69,118475.47,118827.49,2060.1822,244734013.2613242,212608,1199.17319,142442771.8153839
2025-07-28 12:00:00,118827.49,119093.68,117895.73,118174.9,3792.61028,449216545.14388686,519386,1973.63361,233868099.6459184
2025-07-28 16:00:00,118174.89,118376.61,117427.5,118068.73,2575.55527,303595815.915483,339420,1162.08076,137000465.18141
2025-07-28 20:00:00,118068.73,118350.01,117500.09,118062.32,1348.80591,159135383.2067598,230400,729.09711,86017895.2099605
2025-07-29 00:00:00,118062.32,118800.0,117450.0,118764.85,2242.87768,264931696.5073892,338133,1064.89944,125786428.9193172
2025-07-29 04:00:00,118764.85,119273.36,118416.66,118882.37,2579.99271,306618607.4829511,246815,1366.61947,162425984.9377551
2025-07-29 08:00:00,118882.37,119051.0,118160.87,118592.38,1962.95351,232866007.20018232,254130,1149.33314,136328523.1673552
2025-07-29 12:00:00,118592.38,119080.81,117272.0,117400.01,4173.95638,493253408.4897956,537143,2136.27132,252608273.2577904
2025-07-29 16:00:00,117400.02,118057.05,116950.75,117525.29,2441.06334,286940381.0064748,348254,1310.73632,154102943.1250035
2025-07-29 20:00:00,117525.28,118000.0,117094.96,117950.76,1737.09083,204071982.99885327,232219,961.07767,112910646.667366
2025-07-30 00:00:00,117950.75,118250.0,117412.53,118161.87,1226.38506,144627350.1925008,204212,577.29595,68094460.432638
2025-07-30 04:00:00,118161.86,118412.11,117667.33,118123.01,1232.08963,145539686.0383905,163007,584.57123,69050731.0353375
2025-07-30 08:00:00,118123.0,118481.81,117358.84,117579.99,2228.01795,263126870.0067514,269076,1355.22594,160120274.3501797
2025-07-30 12:00:00,117579.99,118792.0,117358.84,118000.01,3794.91612,447809337.5560383,531501,1801.39831,212515821.491374
2025-07-30 16:00:00,118000.01,118037.18,115796.23,116916.73,5721.15052,669195849.8357475,634913,2682.71622,313703390.3340268
2025-07-30 20:00:00,116916.73,117908.4,116880.64,117840.3,1384.17703,162397784.5935574,194660,802.40669,94148212.5900966
2025-07-31 00:00:00,117840.29,118600.0,117781.87,118466.14,2307.57332,273029834.8762592,229192,1101.81254,130368526.6029783
2025-07-31 04:00:00,118466.15,118922.45,118287.63,118665.97,1907.96734,226269774.1707044,169906,993.07835,117797073.4401582
2025-07-31 08:00:00,118665.98,118770.07,118278.91,118371.25,1290.20631,152936940.9035217,133783,621.2893,73645567.1169699
2025-07-31 12:00:00,118371.25,118702.1,117807.35,118306.18,3457.28095,408607161.8415131,436764,1809.5793,213890978.3244458
2025-07-31 16:00:00,118306.18,118879.14,116763.43,116785.79,4228.22018,497971783.6137045,468442,2111.35785,248807747.2666413
2025-07-31 20:00:00,116785.78,116990.04,115500.0,115764.08,3818.7592,444054521.29653966,421445,1676.39882,195009469.31734887
2025-08-01 00:00:00,115764.07,116052.0,114313.13,115648.03,5440.32571,627188117.3229619,650051,2522.97319,290948735.0104086
2025-08-01 04:00:00,115648.03,115916.43,114633.18,115081.77,2952.50734,340199535.7987066,411115,1345.40877,154984984.8384286
2025-08-01 08:00:00,115081.76,115340.0,114116.0,115305.65,3338.52917,383326052.9600484,463102,1553.96108,178459723.0896099
2025-08-01 12:00:00,115305.64,116019.3,113988.47,115357.82,5325.96286,613558143.1486454,1084066,2524.8382,291034014.4216778
2025-08-01 16:00:00,115357.82,115695.52,113221.93,113328.68,4135.47502,472437940.42125183,924319,1966.1562,224637144.4657731
2025-08-01 20:00:00,113328.67,114094.08,112722.58,113297.93,3294.30196,373558787.49975586,628176,1573.88376,178528816.2353568
2025-08-02 00:00:00,113297.92,113921.94,113198.63,113909.86,1422.97261,161699096.2008179,346530,710.60713,80745020.2657174
2025-08-02 04:00:00,113909.87,114063.49,113469.43,113982.49,1674.39001,190562803.0443968,227553,838.67346,95432539.1181906
2025-08-02 08:00:00,113982.49,114040.29,113425.58,113787.12,1135.36227,129100147.2977649,222031,456.36308,51889678.5298969
2025-08-02 12:00:00,113787.11,113787.12,112802.31,112840.71,1922.72871,217838216.012316,320277,761.89323,86333566.2430068
2025-08-02 16:00:00,112840.7,113420.0,112003.0,112229.42,3414.70659,384611629.97070754,639368,1372.4614,154627663.1063482
2025-08-02 20:00:00,112229.42,113058.82,112069.86,112546.35,1937.17409,218070844.80071887,409955,920.01005,103557915.8085714
2025-08-03 00:00:00,112546.35,113740.69,111920.0,113604.2,2106.5441,237947445.47649273,418118,954.66072,107943735.7920451
2025-08-03 04:00:00,113604.2,113720.16,113341.06,113700.0,764.27697,86778251.9467757,130998,368.11441,41801748.6128717
2025-08-03 08:00:00,113700.0,114260.31,113551.0,113862.18,1260.20877,143489089.1139783,156276,725.50976,82603501.5851633
2025-08-03 12:00:00,113862.19,114098.45,113579.69,113959.06,1131.56686,128830422.6483646,251886,558.89691,63627834.5452013
2025-08-03 16:00:00,113959.06,114799.97,113775.55,114313.19,1254.96509,143410319.1586365,246789,702.85838,80315428.0246205
2025-08-03 20:00:00,114313.19,114612.24,114066.56,114208.8,880.19867,100634505.8100063,215214,428.14313,48953972.7356285
2025-08-04 00:00:00,114208.81,115000.0,114107.6,114570.61,1525.00586,174778603.675855,304162,749.69907,85930718.2721314
2025-08-04 04:00:00,114570.61,114778.5,114148.58,114652.97,1221.27307,139739546.2641208,197361,526.28258,60226436.9812663
2025-08-04 08:00:00,114652.98,114750.0,114217.97,114493.09,1188.64494,136090921.963128,247694,515.96378,59076360.9297897
2025-08-04 12:00:00,114493.09,115466.0,114121.0,114826.0,2885.46126,331541729.6781156,530974,1497.28882,172049625.1553743
2025-08-04 16:00:00,114826.01,115720.0,114732.65,114777.62,1843.11618,212273932.3241284,412414,942.51512,108540416.7469034
2025-08-04 20:00:00,114777.62,115340.0,114616.33,115055.03,1004.17785,115514140.157623,261625,483.54414,55619716.7239096
2025-08-05 00:00:00,115055.03,115127.81,114256.85,114256.85,1398.92395,160455069.0429971,287638,652.16816,74827506.7652564
2025-08-05 04:00:00,114256.85,114500.66,113725.72,113969.7,2125.54323,242804599.54892072,261124,882.25638,100789177.3251681
2025-08-05 08:00:00,113969.7,115096.73,113928.87,114827.07,1593.56232,182617724.5458636,317175,877.52425,100547792.8868563
2025-08-05 12:00:00,114827.07,114893.13,112650.0,112934.0,4590.4684,520992544.53318065,1006379,2107.07878,239124723.51650152
2025-08-05 16:00:00,112934.0,113763.27,112815.68,113616.52,1434.52074,162586192.6582227,478510,673.47754,76323722.191653
2025-08-05 20:00:00,113616.51,114228.88,113304.0,114129.75,899.77214,102405616.8174319,230226,430.16243,48957851.4156331
2025-08-06 00:00:00,114129.75,114139.38,113400.0,113509.97,1061.53764,120724616.0697804,286080,408.49037,46459434.2788091
2025-08-06 04:00:00,113509.98,114417.02,113355.13,114227.91,1437.03071,163790419.8922004,302903,717.83329,81849402.0211846
2025-08-06 08:00:00,114227.9,114404.23,113727.57,114226.69,1280.29764,146061959.1246219,269803,657.13818,74963935.3691036
2025-08-06 12:00:00,114226.68,115515.09,113579.9,115413.87,3509.68013,402461313.76963264,704802,1966.03693,225500696.2051932
2025-08-06 16:00:00,115413.87,115716.0,114942.18,115259.99,1727.95909,199297200.14588153,308639,796.77912,91906515.3339394
2025-08-06 20:00:00,115260.0,115260.0,114793.01,114992.27,744.64797,85693223.8568016,154273,325.96959,37513224.4688421
2025-08-07 00:00:00,114992.27,115185.58,114404.22,114546.03,1192.91433,136893563.3905805,198112,576.15563,66121446.950625
2025-08-07 04:00:00,114546.03,114876.79,114259.0,114787.99,1290.96115,147895974.1728116,209354,642.22974,73587812.715447
2025-08-07 08:00:00,114787.99,116828.93,114787.98,116519.53,3698.10885,428983588.28952736,492704,2172.12244,251905570.6636638
2025-08-07 12:00:00,116519.54,116791.11,116035.84,116689.81,2746.73177,319832114.29082847,546103,1392.81119,162191741.7667713
2025-08-07 16:00:00,116689.8,117520.0,115632.31,117461.98,2735.62556,319105083.7385784,558042,1355.20075,158156893.9755317
2025-08-07 20:00:00,117461.99,117621.0,117012.0,117472.01,1804.22097,211743973.9546006,310356,870.21778,102125404.3725932
2025-08-08 00:00:00,117472.02,117630.0,116694.28,116737.35,2393.91974,280094573.21877486,511625,1027.18014,120182644.9818505
2025-08-08 04:00:00,116737.34,116973.3,116401.0,116817.19,1456.27491,169950858.203494,224401,651.58146,76032292.3316351
2025-08-08 08:00:00,116817.2,116914.6,116317.08,116891.51,1108.98011,129319112.1239561,268792,500.07248,58317543.8496795
2025-08-08 12:00:00,116891.51,117271.73,115878.71,116207.69,2540.81848,296106840.90685475,544209,1165.72876,135864534.5182819
2025-08-08 16:00:00,116207.7,116900.0,116006.14,116453.41,1690.79713,196921937.46157408,394422,897.94096,104583069.3822223
2025-08-08 20:00:00,116453.41,116980.0,116319.06,116674.74,854.52241,99806456.8096009,151855,342.40194,39990513.4050809
2025-08-09 00:00:00,116674.74,116750.0,116299.13,116384.01,971.89236,113203432.9672954,135431,363.74375,42373446.3646261
2025-08-09 04:00:00,116384.01,116980.0,116339.45,116756.01,2021.01259,235841895.5656486,278492,1064.09266,124184023.888448
2025-08-09 08:00:00,116756.0,117944.05,116756.0,117110.0,2353.3714,276230205.1416179,354468,1301.13377,152715702.3648177
2025-08-09 12:00:00,117110.0,117238.04,116700.01,116892.47,1382.66437,161718872.4567921,247175,725.1511,84820284.1157838
2025-08-09 16:00:00,116892.48,116947.16,116500.0,116535.69,1202.78039,140321045.5533564,167656,648.16143,75620589.8545725
2025-08-09 20:00:00,116535.68,117021.16,116359.89,116462.25,1582.41033,184522150.0176618,207729,767.57145,89514254.5287465
2025-08-10 00:00:00,116462.25,118500.0,116460.63,118500.0,3892.68324,458141314.9579617,470884,2375.20894,279581483.7681373
2025-08-10 04:00:00,118500.0,118741.77,117466.34,117808.3,2444.0838,288972231.8447777,431454,1147.37239,135694183.5668151
2025-08-10 08:00:00,117808.29,118500.0,117608.01,118330.58,1506.32503,178057964.9020502,346119,810.23724,95770671.9127698
2025-08-10 12:00:00,118330.58,119113.94,118232.0,118815.0,2809.2276,333423155.3863983,437945,1512.40831,179523977.4278102
2025-08-10 16:00:00,118815.0,118944.24,118433.8,118663.08,995.85812,118153752.2499177,213690,508.95628,60381942.8129901
2025-08-10 20:00:00,118663.09,119311.11,118074.99,119294.01,2674.59294,317450328.5307652,416973,1669.25197,198130214.23279953
2025-08-11 00:00:00,119294.27,122164.07,118972.59,121728.99,7626.19257,921251175.8150797,1013671,4168.58541,503187520.3985768
2025-08-11 04:00:00,121729.0,122335.16,121466.08,121537.15,4279.8879,521892702.9301928,571340,1995.64419,243413431.6080896
2025-08-11 08:00:00,121537.14,121823.0,120286.4,120561.54,4216.26732,510604967.3367356,566188,2009.30795,243363090.73219672
2025-08-11 12:00:00,120561.53,120667.54,119382.91,120314.4,5236.26223,628472627.8636091,907593,2755.26055,330700606.76292753
2025-08-11 16:00:00,120314.4,120794.05,118604.17,119089.3,2812.92272,336787744.58204,546834,1178.39313,141139661.1834541
2025-08-11 20:00:00,119089.3,119172.63,118050.11,118686.0,2322.80155,275602312.0134122,416117,1136.23823,134836150.9578321
2025-08-12 00:00:00,118686.0,119275.46,118593.39,118857.7,1894.63528,225356508.4632264,299409,991.91785,117983741.1456276
2025-08-12 04:00:00,118857.7,119158.06,118424.86,118986.72,3135.38397,372768949.6490242,286057,1943.73871,231145984.3374243
2025-08-12 08:00:00,118986.73,119058.43,118207.47,118522.22,2346.379,278386557.9451865,313590,1302.79783,154614971.1155176
2025-08-12 12:00:00,118522.22,119960.0,118285.0,119933.0,4914.05441,585444041.2797805,916587,2630.84115,313496129.45013714
2025-08-12 16:00:00,119933.0,120192.1,119172.62,119665.27,2309.07117,276328760.2588431,537021,1187.53513,142136568.0665555
2025-08-12 20:00:00,119665.27,120324.43,119485.84,120134.08,2120.5851,254477655.989197,385177,1208.22895,144990604.0809095
2025-08-13 00:00:00,120134.09,120192.1,119094.28,119482.01,2361.00135,282270802.47443366,373931,993.87621,118817933.7790387
2025-08-13 04:00:00,119482.01,119820.18,118920.92,119580.4,2324.10298,277456148.0129565,346612,1164.99875,139112413.8088571
2025-08-13 08:00:00,119580.4,120732.94,119446.22,120570.41,3213.18528,386212646.90826064,414155,1742.78544,209457283.68930128
2025-08-13 12:00:00,120570.41,122200.0,120106.02,120920.62,7228.67197,876073760.9301012,1223418,3448.06635,417943044.85693234
2025-08-13 16:00:00,120920.61,122839.47,120920.61,122744.21,4167.90157,508080168.0594111,716576,2589.17326,315617346.5049558
2025-08-13 20:00:00,122744.22,123667.79,122298.2,123306.43,3915.20787,481487822.0022943,638125,1992.36824,245097965.4092294
2025-08-14 00:00:00,123306.44,124474.0,123250.5,123337.14,3481.676316,430716617.8780969,617531,1608.177316,198973024.480327
2025-08-14 04:00:00,123337.14,123428.6,121313.86,121725.31,3755.65744,458788510.1611882,539320,1768.22072,215899266.56434688
2025-08-14 08:00:00,121725.31,122045.9,120694.0,120949.67,3456.28874,419594475.2675027,441000,1710.19796,207713575.627304
2025-08-14 12:00:00,120949.66,121183.06,117632.0,118257.25,11617.06761,1381540969.813379,1687597,5493.20366,653319261.6021305
2025-08-14 16:00:00,118257.26,118535.0,117180.0,117945.92,3545.40524,417837878.032124,703952,1709.97434,201572968.0920664
2025-08-14 20:00:00,117945.92,118516.81,117302.33,118295.09,2124.85224,250649939.956233,361049,1112.30448,131241488.5035588
2025-08-15 00:00:00,118295.09,119077.71,118032.32,118968.91,1883.55436,223413129.6918038,427333,862.49336,102299646.5347293
2025-08-15 04:00:00,118968.91,119216.82,118629.58,118956.45,1732.90691,206149632.5069756,314291,769.91399,91583236.4987601
2025-08-15 08:00:00,118956.45,119144.5,118600.0,119006.01,1129.82607,134389731.2606536,277559,554.91425,66017792.3055536
2025-08-15 12:00:00,119006.01,119130.77,116827.29,117275.22,5128.8936,604073837.8390284,1056138,2121.84638,249971034.612034
2025-08-15 16:00:00,117275.23,117882.35,116803.99,116936.27,2393.46089,280682572.6447502,597487,1156.02326,135609226.0017551
2025-08-15 20:00:00,116936.28,117761.88,116862.5,117342.05,1354.69691,158900425.7418896,222208,676.22584,79318699.8644146
2025-08-16 00:00:00,117342.04,117898.99,117231.14,117429.63,1420.5255,167039941.7073958,275371,694.26476,81634732.5650714
2025-08-16 04:00:00,117429.63,117884.0,117278.0,117596.07,925.25596,108775709.7315916,203205,487.86019,57355488.2760125
2025-08-16 08:00:00,117596.07,117703.92,117143.98,117378.52,1206.0413,141632924.3321713,223925,555.80229,65262409.1123915
2025-08-16 12:00:00,117378.52,117825.0,117327.63,117676.7,1191.50027,140188940.0632462,209982,581.96097,68475509.5915697
2025-08-16 16:00:00,117676.7,117817.65,117629.94,117672.12,817.42683,96233958.5367829,121434,386.26416,45473516.0405804
2025-08-16 20:00:00,117672.13,117713.51,117219.34,117380.66,832.93131,97847917.401176,145925,289.07628,33957125.5108296
2025-08-17 00:00:00,117380.66,117771.37,117172.21,117684.95,770.53091,90497907.7501306,177443,366.14855,43006974.0861199
2025-08-17 04:00:00,117684.96,118230.82,117684.95,118005.98,1109.68335,130931507.9108315,177443,590.28392,69648555.7007364
2025-08-17 08:00:00,118005.98,118484.0,117922.0,118308.01,1007.67549,119183257.3345744,197461,550.06661,65051754.0759733
2025-08-17 12:00:00,118308.0,118575.0,118059.12,118246.16,974.27271,115208961.8953439,178505,420.11469,49689616.7256929
2025-08-17 16:00:00,118246.15,118316.01,117321.53,117570.07,1326.17558,156204693.6576528,270938,570.31811,67171534.1173317
2025-08-17 20:00:00,117570.07,117995.37,117371.65,117405.01,710.30388,83602869.3552741,175773,307.79925,36231013.3845112
2025-08-18 00:00:00,117405.01,117543.75,115000.0,115319.0,5801.42298,673780931.1765177,973728,2456.39552,285283810.78122807
2025-08-18 04:00:00,115319.0,115712.49,114878.71,115205.98,3433.42415,395866077.87857664,570851,1405.82751,162118689.0935232
2025-08-18 08:00:00,115205.99,115402.51,114640.14,114947.27,2793.98984,321376818.7393555,485363,1159.25007,133348030.7723832
2025-08-18 12:00:00,114947.27,116186.97,114825.0,116145.34,2772.17945,319990073.13056,650916,1456.17184,168133589.6648952
2025-08-18 16:00:00,116145.34,116800.0,115818.86,116313.99,1731.37273,201448268.7042298,418825,715.63515,83277668.6290158
2025-08-18 20:00:00,116314.0,116980.0,115980.32,116227.05,1213.55039,141351915.8425378,246597,454.42658,52947190.547703
2025-08-19 00:00:00,116227.05,116725.69,114787.23,114810.0,2390.89748,276523497.6632709,629615,974.28091,112696255.7055523
2025-08-19 04:00:00,114810.01,115483.24,114366.0,114978.14,2499.12321,287170834.5720871,563407,1161.24152,133455731.7795487
2025-08-19 08:00:00,114978.15,115650.0,114804.0,115508.71,1471.04277,169605923.1318309,298029,843.37696,97223158.1017268
2025-08-19 12:00:00,115508.71,115875.84,113587.68,113786.38,5294.46316,605597290.2178577,857149,2543.82655,291010341.6467616
2025-08-19 16:00:00,113786.39,113897.58,112767.06,113132.48,3784.35052,428905575.20465535,591076,2018.11062,228747669.6690324
2025-08-19 20:00:00,113132.49,113589.48,112732.58,112872.94,2625.5971,297207775.0687644,351906,1068.57714,120960388.6918003
2025-08-20 00:00:00,112872.95,113636.13,112566.01,113525.91,3116.70576,352631514.8773857,510162,1164.01315,131714471.2512624
2025-08-20 04:00:00,113525.9,113837.93,113432.0,113490.13,1367.41482,155379967.2659294,226386,683.43432,77663127.0574559
2025-08-20 08:00:00,113490.14,114016.77,113060.08,113666.68,2352.50644,267518086.2584422,377977,1066.60404,121301550.1408042
2025-08-20 12:00:00,113666.69,114326.35,112380.0,113353.94,4605.43198,522278044.57226527,980643,2123.07459,240877531.6857148
2025-08-20 16:00:00,113353.94,114444.0,113264.01,114276.66,2624.00614,298829017.1306247,634049,1342.66385,152899931.0930765
2025-08-20 20:00:00,114276.66,114615.38,114000.0,114271.24,1570.2768,179512936.0201263,269153,829.7958,94874358.9875481
2025-08-21 00:00:00,114271.23,114821.76,113906.01,113954.62,1626.72781,185841315.9015962,376353,808.20883,92356069.7902004
2025-08-21 04:00:00,113954.62,114033.84,113582.43,113896.03,1612.36321,183481882.07337648,278315,870.46157,99045269.1006013
2025-08-21 08:00:00,113896.03,113990.0,113000.0,113148.66,1509.65106,171287136.9596163,338663,634.87235,72052473.7051661
2025-08-21 12:00:00,113148.65,113995.11,112608.64,112792.08,2521.11028,285394179.2345784,562395,1189.66013,134689675.9050947
2025-08-21 16:00:00,112792.08,112969.47,112015.67,112193.71,2468.80417,277549685.1122694,499262,1258.41931,141481694.2445191
2025-08-21 20:00:00,112193.71,112870.94,112067.46,112500.0,1101.03582,123819589.3341261,302392,584.85788,65775158.7089112
2025-08-22 00:00:00,112500.0,113525.0,112335.6,112929.24,1610.19525,182026286.43214792,367861,995.49538,112552643.5766311
2025-08-22 04:00:00,112929.24,113394.76,112708.81,113094.83,1656.2572,187332321.37900832,331580,887.04271,100334516.0917306
2025-08-22 08:00:00,113094.83,113319.3,112177.27,112320.0,1932.43574,217921342.7541691,317304,924.65796,104288496.3389846
2025-08-22 12:00:00,112320.01,117296.12,111684.79,116370.75,11505.26127,1319396835.1382184,1584774,6041.80772,693092581.0510073
2025-08-22 16:00:00,116370.75,117429.05,116116.0,116655.79,4307.94644,502648352.2645439,577064,2128.81326,248441571.9065864
2025-08-22 20:00:00,116655.79,117174.43,116550.96,116935.99,2115.99447,247299984.30969888,259935,865.78008,101197902.9077293
2025-08-23 00:00:00,116936.0,117030.0,115458.2,115568.77,2647.58419,307518062.9159125,507557,1007.23464,117041716.9165045
2025-08-23 04:00:00,115568.77,116034.53,115551.2,115799.47,2258.18362,261617133.7885828,247598,1110.53791,128658846.832356
2025-08-23 08:00:00,115799.46,115861.8,115223.43,115310.13,1313.89391,151932657.1203225,171068,625.01231,72288422.7756794
2025-08-23 12:00:00,115310.13,115486.97,114560.0,114812.87,3027.56166,348062480.90316206,373481,1303.05919,149801287.5857139
2025-08-23 16:00:00,114812.88,115190.74,114684.11,115133.91,1105.55067,127121304.5068966,151735,446.56857,51348035.3053682
2025-08-23 20:00:00,115133.92,115454.12,115001.88,115438.05,976.58792,112573788.7794821,108130,590.93752,68135583.7158213
2025-08-24 00:00:00,115438.06,115666.68,114934.21,115036.0,1995.92433,230109582.59534007,291862,1007.06495,116114555.0868121
2025-08-24 04:00:00,115036.01,115283.21,114846.14,114888.19,1715.6873,197387179.73029,205688,587.93262,67632167.1041024
2025-08-24 08:00:00,114888.19,115060.99,114600.0,114730.22,2223.47925,255263363.4545519,267625,995.18062,114257369.6205518
2025-08-24 12:00:00,114730.22,114869.41,114350.57,114400.0,2662.01905,305089212.1529284,339333,1116.24094,127945653.3943689
2025-08-24 16:00:00,114400.01,114917.1,110680.0,112600.0,8322.01988,943283691.7626015,791837,3650.90078,413888935.5076655
2025-08-24 20:00:00,112600.0,113692.97,111632.85,113493.59,4256.85481,480151576.49346465,677561,1967.74719,222016520.6208116
2025-08-25 00:00:00,113493.59,113667.28,112159.0,112916.84,2384.9729,269655699.2574896,665721,1121.82787,126832729.8132379
2025-08-25 04:00:00,112916.84,113059.52,111284.05,111511.55,4054.02521,454597068.9102952,667424,1925.81482,215964679.10904127
2025-08-25 08:00:00,111511.56,111850.13,110929.48,111214.97,4028.25788,448564942.2714551,624668,1929.68354,214949901.61912727
2025-08-25 12:00:00,111214.97,112580.0,110588.0,112200.64,4593.3206,513032034.6739639,914685,2398.82756,267986773.11341447
2025-08-25 16:00:00,112200.65,112937.26,110655.01,110716.13,3109.40411,348208706.3669646,685712,1261.82967,141419773.4818536
2025-08-25 20:00:00,110716.13,111092.54,109274.1,110111.98,7012.81309,771512202.1508546,1137508,2749.59824,302509128.2075053
2025-08-26 00:00:00,110111.98,110111.98,108666.66,109879.56,4155.39206,455011698.2249369,1097720,1983.06646,217185031.089634
2025-08-26 04:00:00,109879.57,110547.31,109765.93,110303.2,1910.05232,210359826.37700552,624551,1025.54731,112960716.0912012
2025-08-26 08:00:00,110303.2,110455.13,109570.34,109876.52,1852.10166,203892967.452285,344139,870.12354,95800304.5841074
2025-08-26 12:00:00,109876.53,110818.6,109393.93,109666.33,4559.68511,501940355.7311305,1065558,2450.01989,269746462.00346273
2025-08-26 16:00:00,109666.34,111162.59,109450.0,111116.03,3548.51055,391349262.893998,569890,2212.50107,244219208.03903887
2025-08-26 20:00:00,111116.03,112371.0,110918.26,111763.22,2426.69707,270883236.8205833,375616,1322.1733,147556771.7895197
2025-08-27 00:00:00,111763.22,111825.16,110918.26,111418.15,2172.27313,241949639.3067775,410582,925.30522,103068605.987928
2025-08-27 04:00:00,111418.15,111737.26,110622.5,110725.18,1809.80294,201194156.6001546,370060,762.79756,84846421.7632439
2025-08-27 08:00:00,110725.19,111374.45,110345.42,111322.07,1594.26753,176776430.3214862,317061,785.60547,87145518.0756922
2025-08-27 12:00:00,111322.07,112625.0,111019.02,112000.0,3310.1006,369950416.97553694,824967,1672.05486,186863860.893853
2025-08-27 16:00:00,111999.99,112600.0,111541.23,112080.69,1902.42552,213222697.39975688,506775,907.01397,101668324.6928952
2025-08-27 20:00:00,112080.68,112452.05,110921.79,111262.01,2603.73903,290681586.5871196,682051,1209.06842,134993612.7638673
2025-08-28 00:00:00,111262.01,112042.04,110862.42,112000.01,1203.77782,134253218.2686463,375072,597.52028,66649542.656312
2025-08-28 04:00:00,112000.0,113360.0,111945.07,113114.11,2481.91862,280232965.37310326,395525,1238.58901,139818288.7754276
2025-08-28 08:00:00,113114.11,113351.51,112826.22,112909.18,1419.04336,160395511.264074,164734,540.02909,61048034.1172917
2025-08-28 12:00:00,112909.18,113485.9,112391.56,112678.53,3088.9335,348792906.070429,597709,1381.73513,156076823.9508514
2025-08-28 16:00:00,112678.53,113186.56,111901.35,111901.36,1813.29699,203973679.426193,360972,798.74966,89870954.5300189
2025-08-28 20:00:00,111901.36,112575.98,111872.06,112566.9,1097.30715,123140201.5428762,172768,582.84192,65402359.6539132
2025-08-29 00:00:00,112566.9,112638.64,111302.27,111704.23,2123.00621,237282218.20052353,405287,965.39965,107902817.3723455
2025-08-29 04:00:00,111704.24,111850.56,109899.99,110019.38,4260.9718,472460597.8874647,499168,1929.0576,213853323.4389724
2025-08-29 08:00:00,110019.38,110270.3,109414.18,110098.81,2848.31026,313002938.9183502,448903,1604.11242,176286557.3393271
2025-08-29 12:00:00,110098.81,111517.07,108103.0,108386.23,7729.2804,845034516.9628183,1246052,3797.67907,415295549.5651797
2025-08-29 16:00:00,108386.23,108832.0,107934.24,108212.01,2605.64538,282494047.1271618,591209,1064.08261,115386931.3059895
2025-08-29 20:00:00,108212.01,108549.99,107463.9,108377.4,3013.0964,325218173.4812112,416340,1256.02509,135596334.0826429
2025-08-30 00:00:00,108377.4,108436.21,107350.1,108436.2,3244.13736,350563966.56231606,430111,1572.81933,169958646.6998013
2025-08-30 04:00:00,108436.21,108697.28,108120.0,108524.26,3052.32523,330960187.6757342,285923,1928.41443,209129100.05219528
2025-08-30 08:00:00,108524.26,108777.43,108400.0,108680.01,1416.9539,153824302.4666754,167658,803.45769,87222342.9468802
2025-08-30 12:00:00,108680.01,108926.15,108190.52,108869.98,1540.53972,167213327.0555019,272361,744.34436,80816639.2840648
2025-08-30 16:00:00,108869.98,108900.0,108625.46,108828.33,677.58629,73708948.9009016,133138,358.75258,39025143.8743379
2025-08-30 20:00:00,108828.32,108838.27,108468.77,108816.33,776.84909,84396040.0776231,121849,389.38944,42305921.9861215
2025-08-31 00:00:00,108816.33,109480.02,108801.35,109223.84,1756.83146,191851864.51821473,262048,907.25205,99101944.6270099
2025-08-31 04:00:00,109223.84,109231.41,108523.49,108708.26,1177.25929,128038261.1171859,168415,433.77972,47170551.1524927
2025-08-31 08:00:00,108708.25,109100.0,108303.21,108389.76,1590.89462,172733411.2456625,234357,619.64134,67289247.5814926
2025-08-31 12:00:00,108389.77,108858.43,108191.29,108818.69,2441.88905,264753055.11295953,277584,1270.38908,137781179.9539614
2025-08-31 16:00:00,108818.69,109237.51,108555.0,108930.0,1232.50315,134226505.0789246,189011,701.32991,76368930.4448466
2025-08-31 20:00:00,108930.0,109230.0,108076.93,108246.35,1290.13839,140203797.2783846,235218,641.21848,69695034.4093851
2025-09-01 00:00:00,108246.36,108482.98,107393.0,107660.01,3206.34097,345784012.6450698,678736,1375.11859,148293046.6413816
2025-09-01 04:00:00,107660.0,109432.99,107255.0,109432.99,2904.1728,314052268.6712899,493783,1561.84645,169036237.6185919
2025-09-01 08:00:00,109432.99,109912.4,108186.41,108782.88,3111.29125,339723577.215058,498993,1419.73877,155028031.5187352
2025-09-01 12:00:00,108782.89,109520.0,108566.0,108784.33,2266.34513,247152798.2465716,411529,1002.90732,109391704.1891758
2025-09-01 16:00:00,108784.33,109329.65,108391.3,109217.64,1553.15049,169171627.4131109,266402,729.82289,79485942.099046
2025-09-01 20:00:00,109217.65,109442.95,107459.49,109237.42,3012.30155,326632354.590035,379941,1443.55699,156495986.9175029
2025-09-02 00:00:00,109237.43,110623.97,108883.8,110322.18,3166.02008,347302857.0920374,400395,1758.40749,192932933.82073593
2025-09-02 04:00:00,110322.19,110610.5,110000.0,110233.92,1952.71608,215347311.9284868,328089,994.93733,109733095.5917023
2025-09-02 08:00:00,110233.91,110711.1,109563.87,109733.34,2462.01591,271307194.7328318,361037,1048.27551,115579298.951495
2025-09-02 12:00:00,109733.33,111771.52,108393.39,110829.17,6768.89317,747343925.5807297,880798,3315.12492,366060490.7381577
2025-09-02 16:00:00,110829.16,111119.58,110200.0,110806.0,2585.23037,286198581.1894153,430929,1163.37175,128803940.0083742
2025-09-02 20:00:00,110806.01,111538.17,110716.77,111240.01,1575.41195,175181581.3781373,195080,808.60027,89923046.4263344
2025-09-03 00:00:00,111240.01,111782.21,110892.14,111054.01,2263.61693,251962277.5123808,400128,1035.13985,115264434.130913
2025-09-03 04:00:00,111054.0,111151.99,110528.71,111099.88,1539.69973,170595738.5087658,260732,572.8509,63480328.8447248
2025-09-03 08:00:00,111099.87,111708.0,110889.29,111437.77,1514.83708,168636555.4117026,286651,811.07758,90303943.3808384
2025-09-03 12:00:00,111437.77,112500.0,111031.61,112222.74,3550.00487,396916280.07101566,746472,1807.53585,202109934.9659924
2025-09-03 16:00:00,112222.73,112575.27,111686.24,112193.74,1957.30873,219492588.7127414,351115,913.79838,102476028.1575529
2025-09-03 20:00:00,112193.74,112250.0,111613.98,111705.71,948.2535,106159177.1270582,169151,398.89206,44659007.0274964
2025-09-04 00:00:00,111705.72,112180.0,111136.0,111148.97,1484.75903,165748620.0062379,303729,652.02619,72804148.4054628
2025-09-04 04:00:00,111148.97,111318.84,110279.68,110463.36,2293.72804,253892672.8812808,341359,895.54519,99123553.2636245
2025-09-04 08:00:00,110463.36,111154.93,110415.72,110810.0,1251.00126,138632770.0566789,246423,668.87931,74125292.9623633
2025-09-04 12:00:00,110810.0,111123.99,109329.12,109510.31,3057.95062,336674953.0189619,635685,1500.4117,165173050.4121598
2025-09-04 16:00:00,109510.32,110218.39,109363.26,109799.99,2124.63495,233220356.07925448,376615,1370.88022,150452129.1352163
2025-09-04 20:00:00,109800.0,111765.31,109755.59,110730.87,1991.06146,220861953.4896706,326444,983.0389,109003011.6468834
2025-09-05 00:00:00,110730.87,111482.09,110435.75,111311.77,1665.5758,184903566.3810062,310264,896.56239,99523095.3765018
2025-09-05 04:00:00,111311.78,112999.0,111144.51,112954.32,3481.17531,390189332.5100123,410628,1791.39517,200892965.23502567
2025-09-05 08:00:00,112954.32,112985.0,112131.02,112354.0,1956.82884,220089308.29147488,280041,945.71148,106345395.030864
2025-09-05 12:00:00,112354.0,113384.62,110286.91,110716.82,9805.88987,1098894219.3096433,1310302,5024.28213,563019857.1722223
2025-09-05 16:00:00,110716.82,111627.51,110206.96,111614.54,2167.09419,240396957.9781989,350335,1005.0419,111487864.1496454
2025-09-05 20:00:00,111614.54,111700.0,110375.6,110659.99,2510.84487,278658816.1529894,308849,1124.8182,124797084.2629419
2025-09-06 00:00:00,110660.0,111307.7,110552.56,111082.22,800.18218,88738263.427998,140100,353.50927,39209399.2727047
2025-09-06 04:00:00,111082.23,111082.23,110687.69,110825.6,687.98406,76249293.0210022,94842,247.55686,27432976.9014422
2025-09-06 08:00:00,110825.59,110968.0,110675.58,110781.02,621.90211,68882709.4400182,93699,313.76931,34752578.2047686
2025-09-06 12:00:00,110781.03,110999.83,110358.11,110384.15,886.00942,98108968.717899,142658,460.89526,51042181.3665253
2025-09-06 16:00:00,110384.16,110402.0,109977.0,110038.41,1391.66059,153326892.0340956,233868,605.91642,66759272.273712
2025-09-06 20:00:00,110038.42,110282.82,110034.44,110187.97,612.56061,67479809.9024569,90034,327.18585,36041018.9268582
2025-09-07 00:00:00,110187.98,110733.12,110180.0,110629.15,948.63792,104787931.4071837,116828,389.49018,43022071.9487402
2025-09-07 04:00:00,110629.15,110911.42,110463.1,110753.42,872.74711,96571750.76981,108685,381.50211,42229956.3323119
2025-09-07 08:00:00,110753.41,111377.19,110720.01,111292.13,1214.41306,134950562.8624273,190930,552.37185,61369941.3567853
2025-09-07 12:00:00,111292.12,111412.0,111042.6,111329.99,837.52385,93137851.4059557,142417,344.09796,38265361.0551275
2025-09-07 16:00:00,111329.99,111371.35,110861.2,111259.99,940.48526,104481951.6392065,147101,469.78447,52170540.8461015
2025-09-07 20:00:00,111259.99,111600.0,111001.45,111137.34,867.49224,96517902.0742857,169000,433.60542,48246052.0013959
2025-09-08 00:00:00,111137.35,111372.0,110621.78,111052.11,1701.47085,188935229.5706134,308906,836.7991,92904009.1225977
2025-09-08 04:00:00,111052.11,111609.04,110899.69,111280.39,1330.12513,147913206.1259522,184140,701.81909,78044546.8271472
2025-09-08 08:00:00,111280.4,112186.98,111252.9,112052.43,2723.68786,304673937.2371262,309105,1317.82578,147374478.7921226
2025-09-08 12:00:00,112052.43,112924.37,111877.64,112631.75,3018.22348,339071513.5215589,466756,1572.71776,176693309.5946482
2025-09-08 16:00:00,112631.74,112670.06,111978.67,112097.31,1681.81458,188910893.9861728,316939,615.64599,69157804.7904159
2025-09-08 20:00:00,112097.31,112512.71,111896.0,112065.23,1127.08021,126399082.0235368,158752,486.85197,54599126.2306991
2025-09-09 00:00:00,112065.23,112104.41,111111.0,111708.0,2091.77038,233281366.99759272,364708,1119.70716,124850202.9663854
2025-09-09 04:00:00,111708.01,113293.29,111624.12,112991.11,2906.5944,327413687.2850088,352029,1393.69534,156948740.4893934
2025-09-09 08:00:00,112991.11,113176.51,112403.91,112433.59,1848.92022,208676364.3961763,210918,778.05933,87830424.6128296
2025-09-09 12:00:00,112433.59,112950.0,110766.66,110880.76,4662.13241,521744273.1514073,742791,2061.34504,230751567.3988564
2025-09-09 16:00:00,110880.76,111388.04,110788.0,111301.53,2121.49527,235604707.70760968,252884,1219.7246,135439035.7961595
2025-09-09 20:00:00,111301.53,111745.69,111090.07,111546.39,1748.3698,194745598.3685712,219912,1024.84891,114153204.9139441
2025-09-10 00:00:00,111546.38,111586.26,110917.45,111545.88,1667.04272,185465386.6155964,285335,805.56444,89625575.415682
2025-09-10 04:00:00,111545.88,112602.35,111372.42,112553.65,2477.2586,277249952.5249674,275054,1291.20908,144582430.6901727
2025-09-10 08:00:00,112553.65,112859.8,112097.2,112299.99,2579.59736,290014477.6866819,286707,1008.77698,113415730.1632463
2025-09-10 12:00:00,112300.0,114313.13,112299.99,113853.99,6630.72074,752976102.9855294,774516,3390.81038,384880932.4896983
2025-09-10 16:00:00,113853.99,114074.46,113155.03,113574.52,2628.46871,298513456.480389,357649,953.94643,108328664.735695
2025-09-10 20:00:00,113574.53,114025.78,113528.01,113960.0,1534.3301,174615373.9291473,203273,824.33267,93813363.9878381
2025-09-11 00:00:00,113960.0,114434.23,113669.82,114400.01,1596.62879,182015809.9484474,263136,961.52159,109618338.0863404
2025-09-11 04:00:00,114400.01,114459.65,113957.2,114083.58,1954.14285,223126882.0417047,250844,925.38594,105675000.5673342
2025-09-11 08:00:00,114083.58,114200.0,113776.0,113999.99,1512.60333,172426276.7572932,230229,687.23071,78339092.8955698
2025-09-11 12:00:00,113999.99,114715.02,113430.0,114180.31,5143.69337,586732694.6300663,862926,2412.1846,275257309.9663539
2025-09-11 16:00:00,114180.32,114605.54,114102.0,114419.99,1437.71411,164436578.7247937,279325,662.48431,75761951.1595842
2025-09-11 20:00:00,114420.0,115488.09,114246.04,115482.69,2031.94874,233502902.85423568,279899,1095.49278,125943730.0153388
2025-09-12 00:00:00,115482.69,116331.81,115045.45,115194.14,3703.00155,428356309.2089632,563995,1926.14769,222855145.5843458
2025-09-12 04:00:00,115194.14,115656.87,115086.7,115086.7,1630.41759,188078296.7325352,252459,713.19737,82280586.3343344
2025-09-12 08:00:00,115086.7,115273.12,114888.01,114913.45,1958.78975,225295701.80976552,242507,1059.45555,121850301.8511183
2025-09-12 12:00:00,114913.45,115500.95,114740.99,115121.18,2042.13901,235016851.083263,545024,1043.1043,120057659.0211684
2025-09-12 16:00:00,115121.18,116665.63,115030.3,116632.51,3863.84437,448507362.6390792,485400,2325.63773,269971516.7945582
2025-09-12 20:00:00,116632.51,116632.51,115752.68,116029.42,2125.91492,246867748.0282574,392106,928.03012,107760180.2714145
2025-09-13 00:00:00,116029.41,116298.78,115576.26,115957.0,2254.31226,261424386.4074438,283017,797.29772,92472022.5164034
2025-09-13 04:00:00,115957.0,115957.01,115657.81,115778.71,1062.2047,122972028.1949855,141293,452.32207,52362368.8851466
2025-09-13 08:00:00,115778.72,116166.71,115767.33,115974.11,1228.90503,142484356.3569964,143877,653.86468,75813012.0463785
2025-09-13 12:00:00,115974.11,116060.0,115603.98,115768.68,1373.33567,159057213.320817,243380,622.10718,72047224.8773255
2025-09-13 16:00:00,115768.68,115817.37,115127.27,115797.12,1589.96184,183620137.4283777,291478,742.20207,85724072.0362997
2025-09-13 20:00:00,115797.12,115991.29,115797.11,115918.29,760.68444,88166098.9411407,120590,322.29987,37354329.077799
2025-09-14 00:00:00,115918.29,116109.0,115651.99,115679.98,879.64203,101912530.9419283,182719,448.54268,51966994.5557105
2025-09-14 04:00:00,115679.99,115936.0,115449.59,115805.39,914.78349,105892525.6856135,131190,504.47234,58398068.4339452
2025-09-14 08:00:00,115805.39,116165.19,115748.78,115794.91,840.40714,97461407.1532089,148132,364.9191,42315741.2992963
2025-09-14 12:00:00,115794.92,115878.49,115141.8,115224.01,2036.51269,235055297.9986442,365569,1029.19419,118798605.6038738
2025-09-14 16:00:00,115224.01,115657.5,115193.9,115634.99,869.12927,100365108.8130344,166241,529.68951,61162930.2854492
2025-09-14 20:00:00,115634.99,116087.35,115135.0,115268.01,1167.12735,135075494.3761698,243367,530.08995,61334719.1252671
2025-09-15 00:00:00,115268.01,115594.9,114825.0,115445.45,1291.49944,148755333.5916781,309719,645.8765,74396767.2458549
2025-09-15 04:00:00,115445.46,116757.99,115400.0,115806.62,2645.45158,307301863.2130075,460919,1400.41903,162689713.3734039
2025-09-15 08:00:00,115806.62,115806.62,114625.87,115070.0,3497.27876,402341170.1946332,597624,1627.73693,187272169.6451818
2025-09-15 12:00:00,115070.01,115099.0,114384.0,114842.9,2995.41636,343782363.52896,770538,1546.13431,177457203.0109853
2025-09-15 16:00:00,114842.9,115570.0,114600.0,115307.78,1872.69025,215446534.4474711,524766,1032.15362,118739803.1576456
2025-09-15 20:00:00,115307.78,115605.07,115200.07,115349.71,910.1751,105020970.2477654,194423,369.04321,42582929.2519534
2025-09-16 00:00:00,115349.71,115520.0,114945.01,115307.25,864.47636,99591672.0596251,245700,315.94643,36392856.3604906
2025-09-16 04:00:00,115307.26,116009.62,114930.0,115840.0,1899.99942,219806608.6374382,299283,925.5447,107072896.8487546
2025-09-16 08:00:00,115839.99,115981.17,115206.15,115287.83,1345.53241,155508383.8202235,239032,642.66269,74263269.6366695
2025-09-16 12:00:00,115287.84,115905.89,114737.11,115905.88,2622.65829,302186446.5904271,530203,1256.64052,144829750.8659325
2025-09-16 16:00:00,115905.88,116870.76,115608.28,116800.12,2955.38019,343968787.58147115,534667,1561.23821,181675574.327357
2025-09-16 20:00:00,116800.13,116964.27,116584.45,116788.96,1238.86273,144717388.8277417,198173,590.1511,68948220.9527143
2025-09-17 00:00:00,116788.96,117077.16,116371.81,116372.04,1657.75299,193491339.81008768,290146,815.6349,95235176.2292289
2025-09-17 04:00:00,116372.05,117286.73,116160.22,117162.48,2485.03317,290584490.39789,331949,1244.97129,145570415.8049121
2025-09-17 08:00:00,117162.48,117189.86,116253.27,116258.13,1655.0881,193052633.85378712,275626,616.39614,71876604.8222669
2025-09-17 12:00:00,116258.12,116516.93,115432.0,115875.32,2848.33061,330110290.7219514,580758,1431.82591,165929205.9485088
2025-09-17 16:00:00,115875.33,116333.33,114720.81,115652.02,5738.81221,663313189.1789601,1271634,2797.54671,323392837.8295648
2025-09-17 20:00:00,115652.02,116990.68,115307.33,116447.59,2369.22832,275531760.6590694,477305,1068.62695,124277870.1985975
2025-09-18 00:00:00,116447.6,117896.0,116092.76,117581.66,3081.68078,360962395.081966,545534,1552.10912,181734851.198174
2025-09-18 04:00:00,117581.67,117750.0,116888.02,117086.01,1789.62789,209885864.13961753,336315,688.09658,80699444.8239845
2025-09-18 08:00:00,117086.01,117413.04,117010.59,117063.4,1165.75229,136644267.1676708,265319,615.10674,72102169.6907936
2025-09-18 12:00:00,117063.41,117843.83,116977.59,117583.56,2416.33194,283846467.0922643,482957,1302.94828,153061674.6187116
2025-09-18 16:00:00,117583.56,117900.0,117196.33,117450.21,1828.6235,215116042.7803783,374290,981.62432,115472670.5576836
2025-09-18 20:00:00,117450.21,117657.17,116612.03,117073.53,1375.21725,161058311.2246125,248239,577.46034,67629742.0453804
2025-09-19 00:00:00,117073.53,117459.99,116871.61,116977.58,1326.38784,155402024.032957,312981,533.62089,62517867.8658539
2025-09-19 04:00:00,116977.58,117100.0,116633.86,116909.97,1538.09106,179715411.0223282,281722,576.66272,67382362.1207404
2025-09-19 08:00:00,116909.98,117090.36,116300.0,116394.72,1243.82831,145090230.8051102,210628,486.01225,56690954.6357218
2025-09-19 12:00:00,116394.72,116529.08,115464.19,115884.03,2657.87565,308378000.2272985,466145,1293.13634,150024130.8699705
2025-09-19 16:00:00,115884.03,116136.0,115112.58,115125.12,1413.65495,163452273.2547954,290425,676.66257,78251783.9487356
2025-09-19 20:00:00,115125.13,115657.28,115100.0,115632.38,812.25284,93754462.1107496,170570,454.72006,52478883.6376577
2025-09-20 00:00:00,115632.39,115730.41,115408.47,115445.0,717.06298,82888500.3814652,124296,346.11885,40008333.1499557
2025-09-20 04:00:00,115445.0,115985.2,115409.08,115968.56,759.46126,87855071.4537415,110606,467.47497,54074433.5465427
2025-09-20 08:00:00,115968.56,115968.57,115664.11,115894.06,793.04586,91828050.9108484,136003,360.32496,41724695.4665495
2025-09-20 12:00:00,115894.05,116121.81,115804.47,115986.69,836.91424,97054572.1350462,133819,365.84809,42427792.072543
2025-09-20 16:00:00,115986.7,116079.46,115698.08,115702.0,898.20806,104049061.310618,121605,392.98161,45522079.389769
2025-09-20 20:00:00,115702.0,115944.7,115603.42,115685.63,670.23512,77589017.0499701,114122,343.41635,39754136.2178989
2025-09-21 00:00:00,115685.63,115732.94,115441.83,115669.41,919.05922,106244847.8682677,138632,382.21256,44187619.1962715
2025-09-21 04:00:00,115669.42,115815.98,115487.56,115815.97,806.9398,93317224.3588633,135618,396.77304,45885341.450196
2025-09-21 08:00:00,115815.98,115819.06,115329.03,115603.45,786.85295,90947602.1052275,168670,343.18454,39664581.1150844
2025-09-21 12:00:00,115603.45,115747.23,115473.19,115531.61,671.3204,77628802.4163973,148679,286.47799,33124406.7998765
2025-09-21 16:00:00,115531.62,115665.52,115209.02,115480.05,781.11646,90162089.9308431,192628,363.97115,42014901.1131198
2025-09-21 20:00:00,115480.05,115545.43,115188.0,115232.29,546.23336,62999184.4708107,161738,244.10561,28154689.0724449
2025-09-22 00:00:00,115232.29,115379.25,114150.0,114649.89,3078.59053,352684754.1177771,736906,1425.26822,163246716.8960317
2025-09-22 04:00:00,114649.89,114649.9,111800.0,112519.99,7290.80289,823530281.5120068,728222,3253.3851,367502330.8616385
2025-09-22 08:00:00,112520.0,112976.02,112173.52,112876.97,3052.23045,343444834.8209412,432429,1529.16275,172070503.3334666
2025-09-22 12:00:00,112876.97,113432.76,112380.0,112815.5,3313.50245,374108351.0311305,540240,1462.92194,165183779.0093388
2025-09-22 16:00:00,112815.5,112888.0,111936.4,112122.9,2731.51753,307062428.9179976,394676,1008.47504,113372531.3751473
2025-09-22 20:00:00,112122.9,112977.41,111975.28,112650.99,1315.06971,148041861.2990219,213403,633.14472,71308405.4225647
2025-09-23 00:00:00,112650.99,112833.09,111478.0,112339.99,2398.09582,269043870.0410974,423585,1029.92621,115566420.2778815
2025-09-23 04:00:00,112339.99,113114.01,111876.15,113090.13,2504.81638,282369160.4617041,475088,1192.47496,134434490.335274
2025-09-23 08:00:00,113090.13,113281.5,112683.33,112975.99,1814.57634,205068866.1858234,305733,821.37518,92832278.5740213
2025-09-23 12:00:00,112975.99,113290.5,112496.61,112882.19,1948.83266,219993237.52754167,451279,823.53111,92978126.2179046
2025-09-23 16:00:00,112882.2,112958.58,111540.2,111655.29,2394.18192,268491504.7185394,575584,1073.49522,120384847.7239507
2025-09-23 20:00:00,111655.29,112220.54,111458.73,111998.8,1240.81718,138903161.3389971,224460,602.55822,67469495.5910007
2025-09-24 00:00:00,111998.8,112500.0,111683.09,111683.09,2848.03309,319231715.7830692,450413,1269.95521,142335429.333953
2025-09-24 04:00:00,111683.1,112779.37,111042.66,112583.54,2905.68984,325878156.6984392,422986,1541.7036,172928360.7071409
2025-09-24 08:00:00,112583.54,113162.17,112405.62,113029.46,1567.72874,176833681.4621298,250830,860.06127,97021284.8456154
2025-09-24 12:00:00,113029.45,113890.0,112808.0,113346.41,2535.05067,287303312.8047871,552852,1318.87422,149507527.4025287
2025-09-24 16:00:00,113346.4,113940.0,113163.21,113420.01,1318.69585,149795073.9113442,322583,604.0216,68627497.3590284
2025-09-24 20:00:00,113420.0,113647.58,113204.71,113307.0,1194.06148,135428687.8428125,230173,506.07897,57406181.5722106
2025-09-25 00:00:00,113307.01,113510.23,112214.74,112546.21,3049.61418,344005575.8156814,658203,1427.22747,160957165.1838854
2025-09-25 04:00:00,112546.22,112614.43,111450.42,111766.72,2930.2095,327663142.0068315,596111,1372.57018,153492918.4740055
2025-09-25 08:00:00,111766.73,112246.46,111283.63,111348.0,2287.76235,255646380.3966994,406141,980.94778,109635663.4524312
2025-09-25 12:00:00,111347.99,111729.52,110629.99,111580.77,4734.75828,527008326.8895317,1120064,2052.45708,228443277.3034146
2025-09-25 16:00:00,111580.77,111672.58,108631.51,109360.0,6129.42446,672975159.272566,1060870,2585.28818,283641411.3000655
2025-09-25 20:00:00,109360.0,109685.72,108765.0,108994.49,2099.3808,229341105.54390472,568564,1092.58868,119357100.0546425
2025-09-26 00:00:00,108994.49,109798.84,108809.24,109580.01,2323.19574,254245438.68470752,534083,1052.6688,115195891.1114369
2025-09-26 04:00:00,109580.0,109625.94,108913.0,109320.02,3055.89804,333796210.850903,475637,1727.78782,188665223.80385673
2025-09-26 08:00:00,109320.02,109690.98,108620.07,109133.5,2675.46214,291980121.869797,532784,991.18565,108189935.8615857
2025-09-26 12:00:00,109133.5,109779.73,108764.76,109027.78,3241.9244,354169754.928294,961751,1645.14827,179782119.8443067
2025-09-26 16:00:00,109027.79,110300.0,109027.78,109172.2,2093.42859,229566570.709645,543828,1090.71555,119610460.2767128
2025-09-26 20:00:00,109172.21,109687.69,109087.57,109643.46,853.107,93340818.8959131,209072,470.78424,51511811.8545012
2025-09-27 00:00:00,109643.46,109743.91,109324.42,109553.77,1041.65919,114071463.214046,170335,510.68488,55917374.0740454
2025-09-27 04:00:00,109553.77,109742.27,109332.02,109411.2,908.84116,99561610.8009834,118897,406.08444,44487440.4875867
2025-09-27 08:00:00,109411.19,109477.69,109064.4,109310.21,1356.29029,148229649.5617629,194483,596.20681,65164372.5004919
2025-09-27 12:00:00,109310.22,109477.59,109193.0,109402.24,1151.38343,125875777.0650947,178012,511.03924,55871636.5324489
2025-09-27 16:00:00,109402.25,109440.0,109243.89,109424.2,590.81859,64619444.6986324,145696,234.92135,25691898.2287131
2025-09-27 20:00:00,109424.21,109699.98,109362.72,109635.85,452.79377,49589643.6565571,112171,264.32214,28947779.1709094
2025-09-28 00:00:00,109635.85,109787.75,109325.05,109436.0,822.14827,90044713.8701625,223878,412.28027,45150225.5085185
2025-09-28 04:00:00,109436.0,109537.8,109260.0,109513.06,569.05076,62257046.2973951,92356,294.3134,32198424.2767375
2025-09-28 08:00:00,109513.06,109585.39,109250.0,109369.02,862.93461,94420289.0463335,183426,420.99379,46061702.5165268
2025-09-28 12:00:00,109369.02,110037.93,109189.99,110037.93,1349.20291,147898941.3890638,288876,555.96741,60956478.868281
2025-09-28 16:00:00,110037.92,110393.63,110008.54,110337.6,1215.77694,134010225.1602395,241509,612.7166,67540466.2641024
2025-09-28 20:00:00,110337.61,112350.0,110294.78,112163.95,2723.21811,303623728.5571409,454821,1485.60459,165588459.7351838
2025-09-29 00:00:00,112163.96,112310.0,111588.07,111857.51,2297.47362,257214538.02497688,442060,1048.9896,117456642.6378411
2025-09-29 04:00:00,111857.51,111904.34,111560.65,111865.95,1831.36016,204592458.62763953,299499,1004.26408,112180456.4613701
2025-09-29 08:00:00,111865.96,112421.99,111865.95,112100.0,2126.24195,238342829.855226,324984,1077.07667,120736060.1785276
2025-09-29 12:00:00,112100.0,114231.56,111901.26,113815.57,5064.79852,573716293.1818378,789340,2663.77606,301574004.7132266
2025-09-29 16:00:00,113815.57,114390.93,113449.74,114265.55,2716.40525,309483410.948789,354517,1227.9372,139934824.2423155
2025-09-29 20:00:00,114265.56,114400.0,114020.0,114311.96,1504.84055,171898105.2326668,232253,814.64407,93052999.3354721
2025-09-30 00:00:00,114311.97,114792.0,114040.35,114376.39,2494.38118,285442214.8678188,444227,1122.69104,128499719.71322
2025-09-30 04:00:00,114376.39,114376.4,113585.0,113699.23,2326.82117,265116049.17012072,334134,947.88151,107991936.5251196
2025-09-30 08:00:00,113699.24,113741.37,112656.27,113055.01,2869.29172,324570286.3493887,462307,1534.32514,173519351.1010789
2025-09-30 12:00:00,113055.0,113677.23,112866.11,113106.16,2840.28661,321540741.98797554,878794,1300.30916,147218631.2098564
2025-09-30 16:00:00,113106.15,114563.46,112800.0,114359.99,2535.88761,288029255.1149764,512164,1287.0965,146251134.0403759
2025-09-30 20:00:00,114359.99,114754.87,113765.42,114048.93,1977.48804,226014719.6398154,386705,993.41819,113563688.6805307
2025-10-01 00:00:00,114048.94,114551.76,113966.67,114176.92,2042.57116,233499606.0492224,365189,973.35718,111273026.3033128
2025-10-01 04:00:00,114176.93,114740.0,114151.0,114539.02,1996.43364,228584340.5159694,453781,805.82104,92262770.0315204
2025-10-01 08:00:00,114539.02,116795.85,114484.43,116789.58,5217.93036,604751911.2903827,730334,2969.42682,343980662.6390642
2025-10-01 12:00:00,116789.57,117649.99,116363.38,117423.73,4518.346,528495971.58234096,849968,2190.22932,256223578.84746033
2025-10-01 16:00:00,117423.73,118199.0,116724.56,117439.53,3814.32316,448255889.9333288,583662,1823.08956,214253035.2085787
2025-10-01 20:00:00,117439.53,118649.1,117163.25,118594.99,2446.79084,288509261.8946892,447409,1309.117,154429584.376581
2025-10-02 00:00:00,118594.99,119456.92,118368.05,118733.99,4187.34775,497627797.1143786,736652,2192.5334,260588560.740153
2025-10-02 04:00:00,118733.99,118930.29,118279.31,118489.76,1772.36438,210107178.015847,347710,665.88412,78943010.6553477
2025-10-02 08:00:00,118489.76,118926.49,118354.61,118765.73,1460.00845,173263672.0740636,264264,747.6098,88726117.3765498
2025-10-02 12:00:00,118765.72,119910.79,118516.39,119910.78,5099.16626,608427409.9058733,967574,2836.67768,338496859.04429275
2025-10-02 16:00:00,119910.78,121022.07,119359.63,120836.49,4869.11141,585412473.7457385,780175,2457.56897,295486797.2050188
2025-10-02 20:00:00,120836.49,120914.0,120072.46,120529.35,2282.83678,275022596.4886794,375698,852.80451,102745078.9684455
2025-10-03 00:00:00,120529.35,120550.9,119820.0,120225.89,2268.65523,272710904.2795634,425555,853.57434,102601163.4452529
2025-10-03 04:00:00,120225.88,120324.53,119610.59,119640.21,2293.91523,274941005.2123386,319426,763.91801,91596948.7399682
2025-10-03 08:00:00,119640.22,120515.89,119248.3,120334.5,3467.40526,416272468.7855771,428903,1447.39533,173798057.3015655
2025-10-03 12:00:00,120334.51,122366.0,119881.24,122258.05,4929.42106,596531230.4644371,1074937,2734.65596,331036842.4869954
2025-10-03 16:00:00,122258.04,123894.99,121466.25,122660.99,9447.66952,1159833334.6543584,1647932,4768.99657,585662876.9486153
2025-10-03 20:00:00,122661.0,122734.92,121999.33,122232.0,1529.2617,187092133.2850443,350067,720.08334,88096718.6912241
2025-10-04 00:00:00,122232.21,122325.6,121684.97,122243.99,1730.5772,211099963.9543126,424870,816.50953,99613426.5343203
2025-10-04 04:00:00,122243.99,122800.0,122219.3,122324.08,1516.17531,185707032.5427078,298681,710.92006,87079947.3437607
2025-10-04 08:00:00,122324.08,122539.83,121962.81,121973.26,1268.73633,155133843.532702,219801,623.33043,76223673.6250506
2025-10-04 12:00:00,121973.26,122509.52,121698.88,121791.31,1464.05666,178686185.503194,361807,623.71437,76136650.144284
2025-10-04 16:00:00,121791.31,121964.95,121510.0,121959.25,1443.23464,175708446.3215488,245128,615.43498,74935077.8348441
2025-10-04 20:00:00,121959.25,122410.0,121871.01,122391.0,785.38664,95937431.490182,153303,377.89398,46165657.6414022
2025-10-05 00:00:00,122390.99,124362.28,122136.0,123776.22,4212.02615,520334194.4899332,691499,2464.54974,304379319.5098166
2025-10-05 04:00:00,123776.23,125708.42,123734.0,124713.63,7342.549203,918195583.5730019,999184,4023.051153,503093246.9655108
2025-10-05 08:00:00,124713.63,124838.37,122520.24,123464.64,4455.30964,550076667.5275217,798480,2105.1648,259759835.8596874
2025-10-05 12:00:00,123464.64,123464.65,122675.0,122803.17,2233.09004,274872969.0645712,362179,1132.83436,139463431.1155205
2025-10-05 16:00:00,122803.17,123464.0,122301.63,122591.79,2386.1605,293327214.60724366,500385,1262.23472,155197705.0731131
2025-10-05 20:00:00,122591.8,123548.83,122473.62,123482.31,1413.96202,174010841.6772922,338943,792.83763,97584862.3873479
2025-10-06 00:00:00,123482.32,124358.46,123084.0,123839.09,3025.28443,374435028.7998624,822567,1514.5444,187472078.5337299
2025-10-06 04:00:00,123839.09,124165.56,123280.49,123390.47,2210.62835,273410254.4012753,473306,912.42819,112855684.846489
2025-10-06 08:00:00,123390.47,124531.66,123390.46,124215.0,2768.21181,343203564.65059125,423106,1659.13306,205727617.7851945
2025-10-06 12:00:00,124215.0,125408.29,124178.0,125000.0,4567.6948,570039253.6821523,1183562,2348.48905,293097929.816179
2025-10-06 16:00:00,125000.0,126199.63,124800.0,125410.81,4722.172353,592646648.2734343,853093,2580.048563,323906136.9016159
2025-10-06 20:00:00,125410.8,125534.0,124511.15,124658.54,2200.63705,275094202.4580028,450533,948.36489,118565681.83451
2025-10-07 00:00:00,124658.54,125082.27,124101.26,124329.74,1773.60979,220920573.7682391,491779,864.88818,107758799.108022
2025-10-07 04:00:00,124329.74,124654.47,123567.6,123667.99,2455.2259,304622336.04908806,470777,978.62711,121447489.7183041
2025-10-07 08:00:00,123668.0,124509.6,123322.9,124453.38,2444.73415,303046034.7634748,452817,1222.21828,151582526.9105501
2025-10-07 12:00:00,124453.37,125126.0,121172.89,121846.01,7360.01455,905286859.8015779,1464124,3253.15942,400336339.53722113
2025-10-07 16:00:00,121846.01,122084.14,120574.94,121637.17,5726.896,695188027.5823399,1000405,2550.82405,309673616.05836594
2025-10-07 20:00:00,121637.18,122292.62,121258.08,121332.95,1873.51346,228341967.9058288,510883,829.63395,101148970.3664426
2025-10-08 00:00:00,121332.96,122229.66,121200.0,121374.75,2406.76826,293072607.11187845,691439,1164.40966,141825662.0669816
2025-10-08 04:00:00,121374.76,121910.24,121066.14,121597.06,2670.85944,324564761.8718374,585514,1288.46007,156576311.2840621
2025-10-08 08:00:00,121597.05,123200.0,121524.01,122884.14,3408.74044,417698564.08653915,681423,2059.58628,252263865.0824872
2025-10-08 12:00:00,122884.14,123350.0,121649.68,122189.72,3373.3683,413472933.8470367,1039222,1761.36381,215957082.1099772
2025-10-08 16:00:00,122189.72,124197.25,122110.08,123450.0,3795.53021,468725361.0630899,896830,2110.11538,260570178.91050687
2025-10-08 20:00:00,123450.01,123737.0,122794.4,123306.0,1357.35135,167308614.4612353,290569,655.12702,80783165.2408446
2025-10-09 00:00:00,123306.01,123348.32,121475.98,122038.01,2319.17839,283578287.060556,548381,1061.61448,129742045.2979882
2025-10-09 04:00:00,122038.01,122264.0,121724.71,121906.1,1451.1479,177032613.4800248,351374,678.82991,82810764.9471066
2025-10-09 08:00:00,121906.09,122833.02,121145.49,122737.57,2689.44106,327913491.3796674,614086,1321.39836,161086013.2158115
2025-10-09 12:00:00,122737.56,123762.94,120673.99,121147.14,6566.062,802158864.0464597,1257871,3132.48226,382886650.71182704
2025-10-09 16:00:00,121147.15,121481.9,119651.47,120951.72,6174.05969,744428050.4700568,1020022,2595.55881,312958583.5845296
2025-10-09 20:00:00,120951.72,121900.0,120838.0,121662.4,2359.47103,286326781.1299684,439433,1354.26982,164398775.806976
2025-10-10 00:00:00,121662.41,121874.13,120900.0,121026.01,2094.68145,254275035.70168647,516650,955.65412,116026684.8000438
2025-10-10 04:00:00,121026.0,121754.34,120855.41,120932.05,2566.54979,311351111.01304555,596873,1052.11332,127707284.6134964
2025-10-10 08:00:00,120932.05,121777.07,120916.44,121554.55,1553.83694,188695320.93428832,445775,835.88684,101510363.656158
2025-10-10 12:00:00,121554.55,122550.0,118500.0,119018.98,7767.59253,934592515.3194768,1732958,3669.89821,441938383.397945
2025-10-10 16:00:00,119018.99,119456.28,115952.47,116661.5,8454.54427,994807629.5708808,2022673,3793.97209,446619279.93523026
2025-10-10 20:00:00,116661.5,117214.64,102000.0,112774.5,41734.73429,4666029292.50178,6089593,20194.61839,2259496456.4431343
2025-10-11 00:00:00,112774.49,113322.39,111019.43,112300.01,11533.52669,1293681040.675099,2026502,5110.80551,573335130.3924258
2025-10-11 04:00:00,112300.0,112991.16,110090.29,110384.61,7142.76272,797960337.7006236,1228503,3044.40272,340310800.0988288
2025-10-11 08:00:00,110384.6,112359.67,110162.23,112280.0,5929.13992,661351285.9225689,1017523,2692.80191,300419021.0838884
2025-10-11 12:00:00,112280.01,112500.0,111793.2,111793.2,3681.24351,412916020.17511153,650037,1364.49025,153067514.6977155
2025-10-11 16:00:00,111793.21,112185.53,110865.82,111178.31,3138.91159,350434516.2194635,678020,1392.25845,155445077.5536772
2025-10-11 20:00:00,111178.3,111368.29,109561.59,110644.4,4022.93209,444726272.5382697,1061344,1771.18912,195852055.74041647
2025-10-12 00:00:00,110644.4,111368.14,109565.06,110676.0,4785.58424,527734464.99480784,1108600,2476.96052,273173790.56971353
2025-10-12 04:00:00,110676.0,112125.51,110617.1,111525.2,2731.29761,304716749.8161251,607932,1477.2575,164825649.6771012
2025-10-12 08:00:00,111525.19,112133.33,111139.87,111848.36,2810.82095,313927758.0770548,603209,1642.22975,183428181.6627776
2025-10-12 12:00:00,111848.35,113745.84,111177.75,113198.2,9020.41664,1014104335.2971934,1362515,4653.69522,523225849.13482726
2025-10-12 16:00:00,113198.2,114700.0,113198.2,114342.28,6635.34892,756389128.2452086,1144133,3685.75078,420151541.2775935
2025-10-12 20:00:00,114342.28,115770.0,114217.75,114958.8,6271.83436,721674092.309766,1222186,2979.55156,342871466.8552378
2025-10-13 00:00:00,114958.81,115963.81,114619.45,114821.12,4123.60858,475323620.2714995,1164854,2174.32736,250632301.02132633
2025-10-13 04:00:00,114821.13,115554.83,114398.24,115399.67,3437.01313,394916947.3384273,736105,1463.28676,168265163.2948926
2025-10-13 08:00:00,115399.66,115438.17,113616.5,114180.0,4560.86246,523095735.5642637,873810,1919.2685,220015762.353088
2025-10-13 12:00:00,114180.0,115530.0,113800.01,114312.1,5538.12887,634545221.8961551,1607879,2528.50751,289748367.0950147
2025-10-13 16:00:00,114312.09,115891.3,114215.79,115792.84,3368.92301,387384812.75319195,929742,1926.7827,221567028.2375251
2025-10-13 20:00:00,115792.84,115868.0,115005.44,115166.0,1528.70428,176565323.1622117,426962,698.7244,80721961.8406198
2025-10-14 00:00:00,115166.0,115409.96,113279.76,113500.0,3456.84461,394674575.7533898,805132,1323.21364,150943873.6425202
2025-10-14 04:00:00,113500.0,113691.0,111355.01,111724.41,6286.29915,707088652.3130902,1394120,2719.93617,305898644.0099276
2025-10-14 08:00:00,111724.41,112140.0,110012.24,111313.98,5281.83478,587216179.5990943,1285881,2512.77526,279377550.8868794
2025-10-14 12:00:00,111313.98,112943.82,109866.0,112900.43,7186.98731,799750593.430091,1807844,3813.50177,424684587.78846383
2025-10-14 16:00:00,112900.44,113544.53,111692.31,112613.7,7436.01163,838223618.2429945,1608065,3642.46928,410719177.7310384
2025-10-14 20:00:00,112613.69,113577.0,112230.46,113028.14,2222.35226,251187159.4698389,524600,932.29585,105387558.5755513
2025-10-15 00:00:00,113028.13,113612.35,111825.93,112024.29,3526.54912,397532853.03578305,952530,1322.04541,149048214.4543608
2025-10-15 04:00:00,112024.3,112680.0,111746.76,112584.5,3442.20374,386508741.5202599,684213,1626.18854,182636474.7934118
2025-10-15 08:00:00,112584.49,113520.88,111693.26,111905.73,3699.08334,416606520.0844072,682792,1814.49868,204405905.0758588
2025-10-15 12:00:00,111905.72,112238.41,110400.0,110798.01,6590.50038,733692945.2888614,1400159,3070.6239,341849663.57600087
2025-10-15 16:00:00,110798.01,111557.7,110164.0,111271.73,3317.74779,367768608.8604996,900352,1590.42532,176349438.2517304
2025-10-15 20:00:00,111271.73,111556.27,110500.0,110763.28,2410.40374,267529972.56295753,623095,1075.53646,119389098.7694112
2025-10-16 00:00:00,110763.28,111867.17,110361.0,111329.48,2715.42468,301615168.7499891,687631,1221.15877,135759727.1280965
2025-10-16 04:00:00,111329.48,111773.7,110553.19,110584.2,3097.1426,344138789.9356011,607552,1467.52379,163043206.5519259
2025-10-16 08:00:00,110584.21,111728.7,109635.15,111404.72,5282.11808,585711124.9951088,846206,2170.84547,240725496.973672
2025-10-16 12:00:00,111404.73,111982.45,108361.69,108549.21,8252.81169,908795953.1495491,1477274,3577.93392,394363524.07099247
2025-10-16 16:00:00,108549.21,109254.0,107577.57,108197.66,8255.26892,893885761.4435357,1758203,3666.66106,397060507.6915961
2025-10-16 20:00:00,108197.67,108500.0,107427.0,108194.28,2254.40655,243449696.4881356,750228,1022.82818,110464412.7100941
2025-10-17 00:00:00,108194.27,109240.0,107934.4,109176.74,2417.89309,262915949.64678928,657181,1309.43949,142426417.4682586
2025-10-17 04:00:00,109176.74,109236.01,105542.09,105633.75,8020.07533,857923296.8667399,1248905,3466.17504,370683205.3227173
2025-10-17 08:00:00,105633.75,106651.22,103528.23,105683.72,13908.33322,1461210664.7874508,2109169,6475.98178,680680009.3760314
2025-10-17 12:00:00,105683.71,106497.87,104533.21,106461.49,7466.28699,788091001.4500759,1816571,3730.44112,393790619.433736
