buy_t,sell_t,total_trades,win_rate,total_return,avg_return,sharpe,max_dd
-1.75,-3.0,245,0.5224489795918368,0.04509186816960409,0.00018404844150858812,0.4424622479930368,-0.09430090470940078
-1.75,-2.75,245,0.5224489795918368,0.04509186816960409,0.00018404844150858812,0.4424622479930368,-0.09430090470940078
1.0,-2.5,52,0.4807692307692308,0.03169014113018748,0.0006094257909651438,1.3420338924445763,-0.04072455802784736
1.0,-2.25,52,0.4807692307692308,0.03169014113018748,0.0006094257909651438,1.3420338924445763,-0.04072455802784736
1.0,-1.0,49,0.4489795918367347,0.02951492219711575,0.000602345350961546,1.2049787148027955,-0.05104338416403997
-1.75,-2.5,244,0.5204918032786885,0.028071386877376942,0.00011504666753023337,0.2757723230164823,-0.09430090470940045
1.0,-3.0,52,0.5,0.026027183880939646,0.0005005227669411471,1.116980941703402,-0.04941319188409887
1.0,-2.75,52,0.5,0.026027183880939646,0.0005005227669411471,1.116980941703402,-0.04941319188409887
1.0,-1.5,51,0.47058823529411764,0.02501627217251379,0.0004905151406375253,1.0491151103086473,-0.04270153714447167
1.0,-1.25,51,0.45098039215686275,0.017307161219796245,0.00033935610234894596,0.7281807852684806,-0.04270153714447178
1.0,-2.0,51,0.49019607843137253,0.01565304544620822,0.00030692245972957293,0.6743609240207907,-0.04823579337162409
1.0,-1.75,51,0.49019607843137253,0.01565304544620822,0.00030692245972957293,0.6743609240207907,-0.04823579337162409
2.75,-1.5,3,0.6666666666666666,0.014778321647261125,0.004926107215753708,10.972386483900038,0.0
2.75,-1.25,3,0.6666666666666666,0.014778321647261125,0.004926107215753708,10.972386483900038,0.0
2.75,-1.0,3,0.6666666666666666,0.014778321647261125,0.004926107215753708,10.972386483900038,0.0
2.75,-0.75,3,0.6666666666666666,0.014778321647261125,0.004926107215753708,10.972386483900038,0.0
2.75,-0.5,3,0.6666666666666666,0.014778321647261125,0.004926107215753708,10.972386483900038,0.0
-1.75,-2.25,242,0.5165289256198347,0.01302325007738583,5.381508296440426e-05,0.14025624959687713,-0.09430090470940056
2.75,-0.25,3,0.6666666666666666,0.012223745340946147,0.0040745817803153825,10.946903619985626,0.0
2.75,0.0,3,0.6666666666666666,0.012223745340946147,0.0040745817803153825,10.946903619985626,0.0
2.75,0.25,3,0.6666666666666666,0.011537155113698575,0.0038457183712328584,17.86566534904807,0.0
1.0,-0.75,49,0.4489795918367347,0.009150724256177169,0.00018674947461586058,0.3505474724165066,-0.08183880634224983
2.5,0.25,6,0.5,0.0064058374209591505,0.0010676395701598583,3.763832450023012,-0.008066167400880953
2.75,-2.0,3,0.6666666666666666,0.003421406205302859,0.001140468735100953,10.12183534110623,0.0
2.75,-1.75,3,0.6666666666666666,0.003421406205302859,0.001140468735100953,10.12183534110623,0.0
1.5,-0.25,19,0.42105263157894735,0.0031337391997929014,0.00016493364209436322,0.4420152792048413,-0.02002249575188697
2.75,1.75,3,0.6666666666666666,0.002966959108044731,0.0009889863693482437,1.077197937520978,0.0
3.0,-3.0,1,1.0,0.0026416194289224184,0.0026416194289224184,0.0,0.0
3.0,-2.75,1,1.0,0.0026416194289224184,0.0026416194289224184,0.0,0.0
2.75,-3.0,3,0.6666666666666666,0.0019969391947355043,0.0006656463982451681,6.135753096968957,-0.0014917203983890737
2.75,-2.75,3,0.6666666666666666,0.0019969391947355043,0.0006656463982451681,6.135753096968957,-0.0014917203983890737
2.75,1.5,3,0.6666666666666666,0.0019816533283180844,0.0006605511094393614,0.730412096665016,0.0
1.75,-0.25,15,0.4,0.0007338729974671961,4.892486649781307e-05,0.11678672456372637,-0.020429907525112312
-3.0,-2.5,249,0.4738955823293173,0.0006008122027648943,2.412900412710419e-06,0.007136543439740718,-0.09577294615807719
-2.75,-2.5,249,0.4738955823293173,0.0006008122027648943,2.412900412710419e-06,0.007136543439740718,-0.09577294615807719
-2.5,-2.5,248,0.4596774193548387,0.00016880265909588466,6.806558834511478e-07,0.002057255857331881,-0.1327151562522142
2.75,-2.5,3,0.3333333333333333,-0.00011822207059962399,-3.940735686654133e-05,-0.8844547053784853,-0.00011486124089821192
2.75,-2.25,3,0.3333333333333333,-0.00011822207059962399,-3.940735686654133e-05,-0.8844547053784853,-0.00011486124089821192
3.0,-2.5,1,0.0,-0.0008504009939034777,-0.0008504009939034777,0.0,0.0
3.0,-2.25,1,0.0,-0.0008504009939034777,-0.0008504009939034777,0.0,0.0
3.0,-2.0,1,0.0,-0.0008504009939034777,-0.0008504009939034777,0.0,0.0
3.0,-1.75,1,0.0,-0.0008504009939034777,-0.0008504009939034777,0.0,0.0
3.0,-1.5,1,0.0,-0.0008504009939034777,-0.0008504009939034777,0.0,0.0
3.0,-1.25,1,0.0,-0.0008504009939034777,-0.0008504009939034777,0.0,0.0
3.0,-1.0,1,0.0,-0.0008504009939034777,-0.0008504009939034777,0.0,0.0
3.0,-0.75,1,0.0,-0.0008504009939034777,-0.0008504009939034777,0.0,0.0
3.0,-0.5,1,0.0,-0.0008504009939034777,-0.0008504009939034777,0.0,0.0
3.0,-0.25,1,0.0,-0.0008504009939034777,-0.0008504009939034777,0.0,0.0
3.0,0.0,1,0.0,-0.0008504009939034777,-0.0008504009939034777,0.0,0.0
3.0,0.25,1,0.0,-0.0008504009939034777,-0.0008504009939034777,0.0,0.0
-3.0,-2.25,248,0.4717741935483871,-0.0008926357360094749,-3.5993376451994954e-06,-0.010624771998308476,-0.09577294615807719
-2.75,-2.25,248,0.4717741935483871,-0.0008926357360094749,-3.5993376451994954e-06,-0.010624771998308476,-0.09577294615807719
-2.5,-2.25,247,0.4574898785425101,-0.0013246452796784984,-5.362936354973677e-06,-0.01617743537751176,-0.1327151562522142
1.25,-0.25,32,0.46875,-0.0029472121019415883,-9.210037818567463e-05,-0.19881198422771834,-0.04129101078174169
1.5,-2.5,22,0.4090909090909091,-0.003487359156325793,-0.00015851632528753604,-0.522645183617998,-0.020883159842981835
1.5,-2.25,22,0.4090909090909091,-0.003487359156325793,-0.00015851632528753604,-0.522645183617998,-0.020883159842981835
2.75,1.25,3,0.6666666666666666,-0.004566257254706409,-0.0015220857515688031,-1.87295898179615,0.0
2.5,-1.5,6,0.3333333333333333,-0.004729701121434976,-0.0007882835202391627,-1.546998917593357,-0.01564396475770924
2.5,-1.25,6,0.3333333333333333,-0.004729701121434976,-0.0007882835202391627,-1.546998917593357,-0.01564396475770924
2.5,-1.0,6,0.3333333333333333,-0.004729701121434976,-0.0007882835202391627,-1.546998917593357,-0.01564396475770924
2.5,-0.75,6,0.3333333333333333,-0.004729701121434976,-0.0007882835202391627,-1.546998917593357,-0.01564396475770924
2.5,-0.5,6,0.3333333333333333,-0.004729701121434976,-0.0007882835202391627,-1.546998917593357,-0.01564396475770924
2.75,1.0,3,0.6666666666666666,-0.004823681761338109,-0.0016078939204460362,-1.7298857300142143,0.0
1.5,-1.5,21,0.38095238095238093,-0.00483758041759539,-0.00023036097226644713,-0.7076130750314711,-0.020883159842981946
1.75,-2.5,18,0.3888888888888889,-0.007279504956296671,-0.00040441694201648175,-1.2746324398557642,-0.01564396475770924
1.75,-2.25,18,0.3888888888888889,-0.007279504956296671,-0.00040441694201648175,-1.2746324398557642,-0.01564396475770924
2.5,-0.25,6,0.3333333333333333,-0.007284277427749956,-0.0012140462379583259,-2.5940264417985133,-0.01564396475770924
1.75,-1.5,17,0.35294117647058826,-0.008629726217566271,-0.0005076309539744866,-1.4743398842091047,-0.01564396475770924
1.75,-1.25,17,0.35294117647058826,-0.008629726217566271,-0.0005076309539744866,-1.4743398842091047,-0.01564396475770924
1.5,-3.0,22,0.45454545454545453,-0.009150316405573613,-0.00041592347298061876,-1.4931611281708077,-0.027825301147720194
1.5,-2.75,22,0.45454545454545453,-0.009150316405573613,-0.00041592347298061876,-1.4931611281708077,-0.027825301147720194
1.5,-0.5,19,0.3684210526315789,-0.009190142570147417,-0.0004836917142182851,-1.2996395993962473,-0.017549308363589033
2.25,-1.5,10,0.4,-0.009548471047913308,-0.0009548471047913308,-2.346298361334023,-0.01564396475770924
2.25,-1.25,10,0.4,-0.009548471047913308,-0.0009548471047913308,-2.346298361334023,-0.01564396475770924
2.75,0.5,3,0.6666666666666666,-0.009620901521565774,-0.003206967173855258,-3.7602197772232366,0.0
2.75,0.75,3,0.6666666666666666,-0.009620901521565774,-0.003206967173855258,-3.7602197772232366,0.0
2.5,0.0,6,0.3333333333333333,-0.010900400775767642,-0.0018167334626279404,-3.4199308561162365,-0.01926008810572688
1.5,-2.0,21,0.42857142857142855,-0.011405985578414301,-0.000543142170400681,-1.9217377751227538,-0.026621163835355288
1.5,-1.75,21,0.42857142857142855,-0.011405985578414301,-0.000543142170400681,-1.9217377751227538,-0.026621163835355288
1.75,-0.5,15,0.3333333333333333,-0.011590008772473119,-0.0007726672514982079,-1.8544859154578206,-0.017957748329456957
-2.25,-2.5,247,0.46153846153846156,-0.012356270530668954,-5.002538676384192e-05,-0.15145351998260062,-0.13271515625221475
-2.0,-2.5,247,0.46153846153846156,-0.012356270530668954,-5.002538676384192e-05,-0.15145351998260062,-0.13271515625221475
1.5,-1.25,21,0.3333333333333333,-0.012546691370312935,-0.0005974614938244254,-1.8828945060059101,-0.020883159842981946
1.75,-3.0,18,0.4444444444444444,-0.012942462205544496,-0.0007190256780858054,-2.5051256045995443,-0.02205811165569327
1.75,-2.75,18,0.4444444444444444,-0.012942462205544496,-0.0007190256780858054,-2.5051256045995443,-0.02205811165569327
2.0,-0.25,12,0.3333333333333333,-0.01353921719648774,-0.0011282680997073116,-2.647741871941218,-0.030681347078521548
2.5,-3.0,7,0.42857142857142855,-0.013830947390552557,-0.001975849627221794,-5.816510315869193,-0.017305580620470384
2.5,-2.75,7,0.42857142857142855,-0.013830947390552557,-0.001975849627221794,-5.816510315869193,-0.017305580620470384
-2.25,-2.25,246,0.45934959349593496,-0.013849718469443334,-5.62996685749729e-05,-0.170114417689638,-0.13271515625221475
-2.0,-2.25,246,0.45934959349593496,-0.013849718469443334,-5.62996685749729e-05,-0.170114417689638,-0.13271515625221475
2.0,0.25,12,0.3333333333333333,-0.01482864411288798,-0.001235720342740665,-3.3169768868355485,-0.03196216681596764
2.25,-1.0,8,0.375,-0.014851746021605184,-0.001856468252700648,-3.788930320729016,-0.02041225903969157
2.25,-0.75,8,0.375,-0.014851746021605184,-0.001856468252700648,-3.788930320729016,-0.02041225903969157
2.25,-0.5,8,0.375,-0.014851746021605184,-0.001856468252700648,-3.788930320729016,-0.02041225903969157
1.75,-2.0,17,0.4117647058823529,-0.015198131378385184,-0.0008940077281403049,-3.0624990854436933,-0.020846831092158236
1.75,-1.75,17,0.4117647058823529,-0.015198131378385184,-0.0008940077281403049,-3.0624990854436933,-0.020846831092158236
2.5,-2.0,6,0.3333333333333333,-0.016086616563393243,-0.0026811027605655405,-7.590596754151005,-0.016088413563535964
2.5,-1.75,6,0.3333333333333333,-0.016086616563393243,-0.0026811027605655405,-7.590596754151005,-0.016088413563535964
1.75,-1.0,15,0.3333333333333333,-0.016979709414296343,-0.0011319806276197562,-2.886492793714876,-0.017957748329456846
1.75,-0.75,15,0.3333333333333333,-0.016979709414296343,-0.0011319806276197562,-2.886492793714876,-0.017957748329456846
2.25,-0.25,8,0.375,-0.01740632232792016,-0.00217579029099002,-4.758895972496496,-0.022878239334985895
1.25,-2.25,36,0.4166666666666667,-0.017609005819213513,-0.0004891390505337087,-1.515923646444695,-0.0382401021440657
2.0,-2.5,15,0.3333333333333333,-0.018057726501338897,-0.0012038484334225932,-3.8592182414827474,-0.021671233091449693
2.0,-2.25,15,0.3333333333333333,-0.018057726501338897,-0.0012038484334225932,-3.8592182414827474,-0.021671233091449693
1.25,-2.5,36,0.4166666666666667,-0.018456875461520604,-0.000512690985042239,-1.5908471904786827,-0.03905406194922134
2.25,-3.0,11,0.45454545454545453,-0.018649717317030887,-0.0016954288470028079,-5.690541173453446,-0.023987013513876332
2.25,-2.75,11,0.45454545454545453,-0.018649717317030887,-0.0016954288470028079,-5.690541173453446,-0.023987013513876332
2.25,0.25,8,0.375,-0.018695749244320402,-0.0023369686555400502,-6.230131540534203,-0.014768118477856973
3.0,1.25,1,0.0,-0.01925653187175423,-0.01925653187175423,0.0,0.0
3.0,1.5,1,0.0,-0.01925653187175423,-0.01925653187175423,0.0,0.0
3.0,1.75,1,0.0,-0.01925653187175423,-0.01925653187175423,0.0,0.0
2.0,-1.5,14,0.2857142857142857,-0.019407947762608492,-0.0013862819830434637,-4.0309806023857195,-0.02302453005519678
2.0,-1.25,14,0.2857142857142857,-0.019407947762608492,-0.0013862819830434637,-4.0309806023857195,-0.02302453005519678
-3.0,-3.0,249,0.5180722891566265,-0.019440687981864577,-7.807505213600232e-05,-0.17644696421079017,-0.1629077120337581
-3.0,-2.75,249,0.5180722891566265,-0.019440687981864577,-7.807505213600232e-05,-0.17644696421079017,-0.1629077120337581
-2.75,-3.0,249,0.5180722891566265,-0.019440687981864577,-7.807505213600232e-05,-0.17644696421079017,-0.1629077120337581
-2.75,-2.75,249,0.5180722891566265,-0.019440687981864577,-7.807505213600232e-05,-0.17644696421079017,-0.1629077120337581
2.5,-2.5,6,0.16666666666666666,-0.019486143544590308,-0.003247690590765051,-9.916258096210596,-0.019421808458833567
2.5,-2.25,6,0.16666666666666666,-0.019486143544590308,-0.003247690590765051,-9.916258096210596,-0.019421808458833567
-2.5,-3.0,248,0.5,-0.019862933131185607,-8.009247230316777e-05,-0.18302841676757176,-0.16290771203375798
-2.5,-2.75,248,0.5,-0.019862933131185607,-8.009247230316777e-05,-0.18302841676757176,-0.16290771203375798
1.75,0.25,14,0.35714285714285715,-0.02027838129280013,-0.0014484558066285807,-3.7241260789259116,-0.0260299104982612
1.5,-1.0,19,0.3157894736842105,-0.020896674567043007,-0.0010998249772127898,-3.0982351754305517,-0.02374911878005692
1.5,-0.75,19,0.3157894736842105,-0.020896674567043007,-0.0010998249772127898,-3.0982351754305517,-0.02374911878005692
2.25,-2.0,10,0.4,-0.020905386489871572,-0.0020905386489871573,-6.886927220983029,-0.02618161012678455
2.25,-1.75,10,0.4,-0.020905386489871572,-0.0020905386489871573,-6.886927220983029,-0.02618161012678455
3.0,0.5,1,0.0,-0.022008457629167828,-0.022008457629167828,0.0,0.0
3.0,0.75,1,0.0,-0.022008457629167828,-0.022008457629167828,0.0,0.0
3.0,1.0,1,0.0,-0.022008457629167828,-0.022008457629167828,0.0,0.0
0.25,-2.25,128,0.3828125,-0.02342477743874153,-0.0001830060737401682,-0.41193109125444816,-0.09242359195865801
1.25,-1.5,35,0.4,-0.02349666419988766,-0.0006713332628539331,-1.9847188534960294,-0.03870562681081391
2.0,-3.0,15,0.4,-0.02372068375058672,-0.0015813789167057814,-5.8424976589791004,-0.027144160460786382
2.0,-2.75,15,0.4,-0.02372068375058672,-0.0015813789167057814,-5.8424976589791004,-0.027144160460786382
1.25,-3.0,36,0.4444444444444444,-0.02411983271076843,-0.0006699953530769009,-2.1742841855641224,-0.04775782631768177
1.25,-2.75,36,0.4444444444444444,-0.02411983271076843,-0.0006699953530769009,-2.1742841855641224,-0.04775782631768177
0.25,-2.5,128,0.3828125,-0.024272647081048614,-0.0001896300553206923,-0.4269039994212253,-0.09242359195865801
2.25,-2.5,10,0.3,-0.024304913471068636,-0.0024304913471068636,-8.391963598224004,-0.029480810272914604
2.25,-2.25,10,0.3,-0.024304913471068636,-0.0024304913471068636,-8.391963598224004,-0.029480810272914604
2.0,-2.0,14,0.35714285714285715,-0.025976352923427405,-0.0018554537802448147,-6.7887157666125235,-0.02933165812717231
2.0,-1.75,14,0.35714285714285715,-0.025976352923427405,-0.0018554537802448147,-6.7887157666125235,-0.02933165812717231
1.25,-0.75,32,0.40625,-0.02654620855737848,-0.0008295690174180774,-2.2170729627873063,-0.04649870615693974
2.0,-1.0,12,0.25,-0.027757930959338567,-0.0023131609132782138,-5.828957714489222,-0.028235059630845605
2.0,-0.75,12,0.25,-0.027757930959338567,-0.0023131609132782138,-5.828957714489222,-0.028235059630845605
2.0,-0.5,12,0.25,-0.028384948293468812,-0.002365412357789068,-5.94368554837827,-0.028235059630845716
1.75,0.0,15,0.3333333333333333,-0.0293796115527856,-0.0019586407701857067,-4.124784516730669,-0.030512245763016477
0.25,-3.0,128,0.390625,-0.029935604330296434,-0.0002338719088304409,-0.529683528118604,-0.09750071933275006
0.25,-2.75,128,0.390625,-0.029935604330296434,-0.0002338719088304409,-0.529683528118604,-0.09750071933275006
1.25,-2.0,35,0.42857142857142855,-0.030065069360706572,-0.0008590019817344735,-2.7347872746408566,-0.04577079105876536
1.25,-1.75,35,0.42857142857142855,-0.030065069360706572,-0.0008590019817344735,-2.7347872746408566,-0.04577079105876536
2.5,0.75,6,0.5,-0.03104356075778618,-0.005173926792964363,-6.428022016541734,-0.026101221256595974
1.25,-1.25,35,0.37142857142857144,-0.031205775152605204,-0.0008915935757887201,-2.678019322570542,-0.03870562681081369
2.0,0.0,12,0.25,-0.032134882309614775,-0.0026779068591345646,-5.750696754624416,-0.0442524048860482
-2.25,-3.0,247,0.5020242914979757,-0.03238800632095048,-0.00013112553166376713,-0.29969349241233556,-0.16290771203375798
-2.25,-2.75,247,0.5020242914979757,-0.03238800632095048,-0.00013112553166376713,-0.29969349241233556,-0.16290771203375798
-2.0,-3.0,247,0.5020242914979757,-0.03238800632095048,-0.00013112553166376713,-0.29969349241233556,-0.16290771203375798
-2.0,-2.75,247,0.5020242914979757,-0.03238800632095048,-0.00013112553166376713,-0.29969349241233556,-0.16290771203375798
0.25,-2.0,125,0.392,-0.03288621357660639,-0.0002630897086128511,-0.5884764602135676,-0.100926210613698
1.5,0.0,19,0.3157894736842105,-0.03464467946466861,-0.0018234041823509794,-4.327612280971306,-0.035612815267676456
2.25,0.0,8,0.25,-0.03600198744104719,-0.004500248430130899,-9.118667689121699,-0.0264677869032367
0.25,-1.75,125,0.392,-0.03615338579761087,-0.00028922708638088695,-0.6448299553922039,-0.1038864894814382
2.5,1.0,6,0.5,-0.036822790774203466,-0.006137131795700578,-8.042629630837961,-0.026101221256596085
1.25,-1.0,32,0.375,-0.03892565090069815,-0.001216426590646817,-3.3817317936729396,-0.046498706156940184
0.25,2.5,1,0.0,-0.03983957409587075,-0.03983957409587075,0.0,0.0
0.25,2.75,1,0.0,-0.03983957409587075,-0.03983957409587075,0.0,0.0
0.25,3.0,1,0.0,-0.03983957409587075,-0.03983957409587075,0.0,0.0
0.5,2.5,1,0.0,-0.03983957409587075,-0.03983957409587075,0.0,0.0
0.5,2.75,1,0.0,-0.03983957409587075,-0.03983957409587075,0.0,0.0
0.5,3.0,1,0.0,-0.03983957409587075,-0.03983957409587075,0.0,0.0
0.75,2.5,1,0.0,-0.03983957409587075,-0.03983957409587075,0.0,0.0
0.75,2.75,1,0.0,-0.03983957409587075,-0.03983957409587075,0.0,0.0
0.75,3.0,1,0.0,-0.03983957409587075,-0.03983957409587075,0.0,0.0
2.5,0.5,6,0.5,-0.040073265572771126,-0.006678877595461854,-9.258994823836774,-0.026101221256596085
1.5,0.25,18,0.3333333333333333,-0.04060010267162937,-0.002255561259534965,-5.749030889277133,-0.045767381670638096
0.75,-2.5,74,0.3918918918918919,-0.04076972116079878,-0.0005509421778486321,-1.2688710774517074,-0.09906127700229439
0.75,-2.25,74,0.3918918918918919,-0.04076972116079878,-0.0005509421778486321,-1.2688710774517074,-0.09906127700229439
-1.0,2.5,1,0.0,-0.04087433336549318,-0.04087433336549318,0.0,0.0
-1.0,2.75,1,0.0,-0.04087433336549318,-0.04087433336549318,0.0,0.0
-1.0,3.0,1,0.0,-0.04087433336549318,-0.04087433336549318,0.0,0.0
-0.75,2.5,1,0.0,-0.04087433336549318,-0.04087433336549318,0.0,0.0
-0.75,2.75,1,0.0,-0.04087433336549318,-0.04087433336549318,0.0,0.0
-0.75,3.0,1,0.0,-0.04087433336549318,-0.04087433336549318,0.0,0.0
-0.5,2.5,1,0.0,-0.041485407100687134,-0.041485407100687134,0.0,0.0
-0.5,2.75,1,0.0,-0.041485407100687134,-0.041485407100687134,0.0,0.0
-0.5,3.0,1,0.0,-0.041485407100687134,-0.041485407100687134,0.0,0.0
-0.25,2.5,1,0.0,-0.041485407100687134,-0.041485407100687134,0.0,0.0
-0.25,2.75,1,0.0,-0.041485407100687134,-0.041485407100687134,0.0,0.0
-0.25,3.0,1,0.0,-0.041485407100687134,-0.041485407100687134,0.0,0.0
0.0,2.5,1,0.0,-0.041485407100687134,-0.041485407100687134,0.0,0.0
0.0,2.75,1,0.0,-0.041485407100687134,-0.041485407100687134,0.0,0.0
0.0,3.0,1,0.0,-0.041485407100687134,-0.041485407100687134,0.0,0.0
-1.0,2.25,2,0.0,-0.04178739513634812,-0.02089369756817406,-15.49996033523897,-0.039103957783641174
-0.75,2.25,2,0.0,-0.04178739513634812,-0.02089369756817406,-15.49996033523897,-0.039103957783641174
-0.5,2.25,2,0.0,-0.042422800879629005,-0.021211400439814503,-16.015052235407193,-0.039103957783641174
-0.25,2.25,2,0.0,-0.042422800879629005,-0.021211400439814503,-16.015052235407193,-0.039103957783641174
0.0,2.25,2,0.0,-0.042422800879629005,-0.021211400439814503,-16.015052235407193,-0.039103957783641174
1.0,-0.5,46,0.41304347826086957,-0.04336712744315061,-0.0009427636400684916,-1.684236975076571,-0.09801577848542442
1.25,2.25,1,0.0,-0.04378704646592306,-0.04378704646592306,0.0,0.0
1.25,2.5,1,0.0,-0.04378704646592306,-0.04378704646592306,0.0,0.0
1.25,2.75,1,0.0,-0.04378704646592306,-0.04378704646592306,0.0,0.0
1.25,3.0,1,0.0,-0.04378704646592306,-0.04378704646592306,0.0,0.0
1.5,2.25,1,0.0,-0.04378704646592306,-0.04378704646592306,0.0,0.0
1.5,2.5,1,0.0,-0.04378704646592306,-0.04378704646592306,0.0,0.0
1.5,2.75,1,0.0,-0.04378704646592306,-0.04378704646592306,0.0,0.0
1.5,3.0,1,0.0,-0.04378704646592306,-0.04378704646592306,0.0,0.0
1.75,2.25,1,0.0,-0.04378704646592306,-0.04378704646592306,0.0,0.0
1.75,2.5,1,0.0,-0.04378704646592306,-0.04378704646592306,0.0,0.0
1.75,2.75,1,0.0,-0.04378704646592306,-0.04378704646592306,0.0,0.0
1.75,3.0,1,0.0,-0.04378704646592306,-0.04378704646592306,0.0,0.0
1.0,-0.25,45,0.4444444444444444,-0.04537972868527633,-0.001008438415228363,-2.1157038856046158,-0.0904793874285984
1.0,2.25,1,0.0,-0.04576005416571421,-0.04576005416571421,0.0,0.0
1.0,2.5,1,0.0,-0.04576005416571421,-0.04576005416571421,0.0,0.0
1.0,2.75,1,0.0,-0.04576005416571421,-0.04576005416571421,0.0,0.0
1.0,3.0,1,0.0,-0.04576005416571421,-0.04576005416571421,0.0,0.0
1.75,0.75,14,0.42857142857142855,-0.04619201263620271,-0.0032994294740144796,-5.1785758618189375,-0.04601571313145281
0.75,-3.0,74,0.40540540540540543,-0.04643267841004659,-0.0006274686271627918,-1.461767400100481,-0.1041012721061596
0.75,-2.75,74,0.40540540540540543,-0.04643267841004659,-0.0006274686271627918,-1.461767400100481,-0.1041012721061596
2.0,0.75,12,0.4166666666666667,-0.048196654061429596,-0.004016387838452466,-6.430108311896392,-0.058799570839567994
0.25,2.25,2,0.0,-0.04869827077216441,-0.024349135386082205,-14.464146774196747,-0.04709079519782211
0.5,2.25,2,0.0,-0.04869827077216441,-0.024349135386082205,-14.464146774196747,-0.04709079519782211
0.75,2.25,2,0.0,-0.04869827077216441,-0.024349135386082205,-14.464146774196747,-0.04709079519782211
2.25,2.25,1,0.0,-0.04978572015639485,-0.04978572015639485,0.0,0.0
2.25,2.5,1,0.0,-0.04978572015639485,-0.04978572015639485,0.0,0.0
2.25,2.75,1,0.0,-0.04978572015639485,-0.04978572015639485,0.0,0.0
2.25,3.0,1,0.0,-0.04978572015639485,-0.04978572015639485,0.0,0.0
-2.5,-0.25,173,0.5086705202312138,-0.05017935675541921,-0.0002900540852914405,-0.573066273149467,-0.1448129268236572
1.75,1.0,14,0.42857142857142855,-0.05074025142285484,-0.00362430367306106,-5.749089488944575,-0.06054268231166593
1.25,0.25,31,0.45161290322580644,-0.05092359563557682,-0.0016426966334057039,-3.9048188643618036,-0.0676428667791934
2.5,2.25,1,0.0,-0.0510713089591668,-0.0510713089591668,0.0,0.0
2.5,2.5,1,0.0,-0.0510713089591668,-0.0510713089591668,0.0,0.0
2.5,2.75,1,0.0,-0.0510713089591668,-0.0510713089591668,0.0,0.0
2.5,3.0,1,0.0,-0.0510713089591668,-0.0510713089591668,0.0,0.0
2.75,2.25,1,0.0,-0.0510713089591668,-0.0510713089591668,0.0,0.0
2.75,2.5,1,0.0,-0.0510713089591668,-0.0510713089591668,0.0,0.0
2.75,2.75,1,0.0,-0.0510713089591668,-0.0510713089591668,0.0,0.0
2.75,3.0,1,0.0,-0.0510713089591668,-0.0510713089591668,0.0,0.0
3.0,2.25,1,0.0,-0.0510713089591668,-0.0510713089591668,0.0,0.0
3.0,2.5,1,0.0,-0.0510713089591668,-0.0510713089591668,0.0,0.0
3.0,2.75,1,0.0,-0.0510713089591668,-0.0510713089591668,0.0,0.0
3.0,3.0,1,0.0,-0.0510713089591668,-0.0510713089591668,0.0,0.0
2.0,1.0,12,0.4166666666666667,-0.05119804789090635,-0.004266503990908862,-6.817801021831336,-0.07171520077615767
2.0,0.5,12,0.4166666666666667,-0.05131986071229528,-0.00427665505935794,-6.95028147351943,-0.06720190190278319
0.75,-1.5,73,0.3835616438356164,-0.052064789959845266,-0.0007132163008197981,-1.6162176839125446,-0.10922828764805292
-3.0,2.5,1,0.0,-0.05248450986439167,-0.05248450986439167,0.0,0.0
-3.0,2.75,1,0.0,-0.05248450986439167,-0.05248450986439167,0.0,0.0
-3.0,3.0,1,0.0,-0.05248450986439167,-0.05248450986439167,0.0,0.0
-2.75,2.5,1,0.0,-0.05248450986439167,-0.05248450986439167,0.0,0.0
-2.75,2.75,1,0.0,-0.05248450986439167,-0.05248450986439167,0.0,0.0
-2.75,3.0,1,0.0,-0.05248450986439167,-0.05248450986439167,0.0,0.0
-2.5,2.5,1,0.0,-0.05248450986439167,-0.05248450986439167,0.0,0.0
-2.5,2.75,1,0.0,-0.05248450986439167,-0.05248450986439167,0.0,0.0
-2.5,3.0,1,0.0,-0.05248450986439167,-0.05248450986439167,0.0,0.0
-2.25,2.5,1,0.0,-0.05248450986439167,-0.05248450986439167,0.0,0.0
-2.25,2.75,1,0.0,-0.05248450986439167,-0.05248450986439167,0.0,0.0
-2.25,3.0,1,0.0,-0.05248450986439167,-0.05248450986439167,0.0,0.0
-2.0,2.5,1,0.0,-0.05248450986439167,-0.05248450986439167,0.0,0.0
-2.0,2.75,1,0.0,-0.05248450986439167,-0.05248450986439167,0.0,0.0
-2.0,3.0,1,0.0,-0.05248450986439167,-0.05248450986439167,0.0,0.0
-1.75,2.5,1,0.0,-0.05248450986439167,-0.05248450986439167,0.0,0.0
-1.75,2.75,1,0.0,-0.05248450986439167,-0.05248450986439167,0.0,0.0
-1.75,3.0,1,0.0,-0.05248450986439167,-0.05248450986439167,0.0,0.0
-1.5,2.5,1,0.0,-0.05248450986439167,-0.05248450986439167,0.0,0.0
-1.5,2.75,1,0.0,-0.05248450986439167,-0.05248450986439167,0.0,0.0
-1.5,3.0,1,0.0,-0.05248450986439167,-0.05248450986439167,0.0,0.0
-1.25,2.5,1,0.0,-0.05248450986439167,-0.05248450986439167,0.0,0.0
-1.25,2.75,1,0.0,-0.05248450986439167,-0.05248450986439167,0.0,0.0
-1.25,3.0,1,0.0,-0.05248450986439167,-0.05248450986439167,0.0,0.0
2.0,1.5,9,0.4444444444444444,-0.052669002855538403,-0.005852111428393156,-5.165355072954913,-0.08042922935750296
-1.0,2.0,4,0.25,-0.054360697857085076,-0.013590174464271269,-9.718197002516636,-0.059377569666989705
-0.75,2.0,4,0.25,-0.054360697857085076,-0.013590174464271269,-9.718197002516636,-0.059377569666989705
-3.0,-0.25,173,0.5028901734104047,-0.05437632103716994,-0.0003143139944345083,-0.6217855211815373,-0.14481292682365698
-2.75,-0.25,173,0.5028901734104047,-0.05437632103716994,-0.0003143139944345083,-0.6217855211815373,-0.14481292682365698
-2.25,-0.25,172,0.5058139534883721,-0.05494946793914998,-0.0003194736508090115,-0.6302245349290967,-0.1448129268236572
-2.0,-0.25,172,0.5058139534883721,-0.05494946793914998,-0.0003194736508090115,-0.6302245349290967,-0.1448129268236572
-0.5,2.0,4,0.25,-0.05499610360036596,-0.01374902590009149,-9.863062443962724,-0.059377569666989594
1.25,0.0,32,0.40625,-0.055300189830402274,-0.001728130932200071,-4.0256399648042525,-0.06825006053852656
2.25,0.75,8,0.375,-0.05609821295542304,-0.00701227661942788,-9.864557299899145,-0.05076499348538921
1.75,0.5,14,0.42857142857142855,-0.05676959789220743,-0.004054971278014816,-6.812664971578145,-0.06148559906740669
0.75,-2.0,73,0.3972602739726027,-0.056806816844778014,-0.0007781755732161372,-1.7968776777428062,-0.11336269500017326
0.75,-1.75,73,0.3972602739726027,-0.056806816844778014,-0.0007781755732161372,-1.7968776777428062,-0.11336269500017326
0.75,-1.0,70,0.37142857142857144,-0.05845628266593627,-0.0008350897523705181,-1.7486003607506344,-0.11434547831534769
1.75,1.5,11,0.45454545454545453,-0.058565952061320134,-0.005324177460120012,-5.143588556839887,-0.07520522833822874
2.5,1.5,5,0.4,-0.058587127813984834,-0.011717425562796967,-9.790077377673642,-0.04655480176211457
1.25,-0.5,32,0.40625,-0.05877287542867123,-0.001836652357145976,-4.314814848314562,-0.05572968898016073
-3.0,2.25,3,0.0,-0.059199552945801336,-0.019733184315267112,-20.577742261335715,-0.04168246211539284
-2.75,2.25,3,0.0,-0.059199552945801336,-0.019733184315267112,-20.577742261335715,-0.04168246211539284
-2.5,2.25,3,0.0,-0.059199552945801336,-0.019733184315267112,-20.577742261335715,-0.04168246211539284
-2.25,2.25,3,0.0,-0.059199552945801336,-0.019733184315267112,-20.577742261335715,-0.04168246211539284
-2.0,2.25,3,0.0,-0.059199552945801336,-0.019733184315267112,-20.577742261335715,-0.04168246211539284
-1.75,2.25,3,0.0,-0.059199552945801336,-0.019733184315267112,-20.577742261335715,-0.04168246211539284
-1.5,2.25,3,0.0,-0.059199552945801336,-0.019733184315267112,-20.577742261335715,-0.04168246211539284
-1.25,2.25,3,0.0,-0.059199552945801336,-0.019733184315267112,-20.577742261335715,-0.04168246211539284
0.75,-1.25,73,0.3698630136986301,-0.059773900912562815,-0.0008188205604460659,-1.8635705989519837,-0.116054744851525
2.25,1.0,8,0.375,-0.061877442971840335,-0.007734680371480042,-11.521236523497688,-0.06069061651813368
0.25,-1.5,123,0.3821138211382114,-0.06230880442963139,-0.0005065756457693608,-1.0652068863976278,-0.11867940770889496
-0.25,2.0,4,0.0,-0.06322479911342664,-0.01580619977835666,-12.262533448653482,-0.05951547380466993
0.0,2.0,4,0.0,-0.06322479911342664,-0.01580619977835666,-12.262533448653482,-0.05951547380466993
0.0,-2.25,153,0.39215686274509803,-0.06383026398338683,-0.0004171912678652734,-1.0794965805721246,-0.1277627144601009
1.25,2.0,2,0.0,-0.06429900841906933,-0.03214950420953466,-21.67534793455172,-0.05218682433557664
0.0,-2.5,153,0.39215686274509803,-0.06467813362569391,-0.0004227328995143393,-1.0940398506294542,-0.1277627144601009
2.25,0.5,8,0.375,-0.065127917770408,-0.008140989721301,-12.831135921458241,-0.05923905122529438
2.5,2.0,1,0.0,-0.06571886026290082,-0.06571886026290082,0.0,0.0
2.75,2.0,1,0.0,-0.06571886026290082,-0.06571886026290082,0.0,0.0
3.0,2.0,1,0.0,-0.06571886026290082,-0.06571886026290082,0.0,0.0
1.0,2.0,2,0.0,-0.06633737263504172,-0.03316868631752086,-23.56089103348122,-0.05218682433557664
2.5,1.75,5,0.4,-0.0670520492909526,-0.01341040985819052,-9.986896266590007,-0.06108730857830236
2.0,2.25,1,0.0,-0.06708325505934587,-0.06708325505934587,0.0,0.0
2.0,2.5,1,0.0,-0.06708325505934587,-0.06708325505934587,0.0,0.0
2.0,2.75,1,0.0,-0.06708325505934587,-0.06708325505934587,0.0,0.0
2.0,3.0,1,0.0,-0.06708325505934587,-0.06708325505934587,0.0,0.0
0.75,2.0,3,0.0,-0.06931967046723027,-0.023106556822410088,-16.89566034725539,-0.0669019751068688
0.25,2.0,3,0.0,-0.06961822611983248,-0.023206075373277495,-16.861184806593144,-0.06719589557233252
0.5,2.0,3,0.0,-0.06961822611983248,-0.023206075373277495,-16.861184806593144,-0.06719589557233252
0.0,-3.0,153,0.39215686274509803,-0.07033132648059379,-0.0004596818724221816,-1.1963610450826718,-0.13264214913896866
0.0,-2.75,153,0.39215686274509803,-0.07033132648059379,-0.0004596818724221816,-1.1963610450826718,-0.13264214913896866
-3.0,2.0,5,0.2,-0.0717728556665383,-0.014354571133307658,-11.820570814824844,-0.061901671031339256
-2.75,2.0,5,0.2,-0.0717728556665383,-0.014354571133307658,-11.820570814824844,-0.061901671031339256
-2.5,2.0,5,0.2,-0.0717728556665383,-0.014354571133307658,-11.820570814824844,-0.061901671031339256
-2.25,2.0,5,0.2,-0.0717728556665383,-0.014354571133307658,-11.820570814824844,-0.061901671031339256
-2.0,2.0,5,0.2,-0.0717728556665383,-0.014354571133307658,-11.820570814824844,-0.061901671031339256
-1.75,2.0,5,0.2,-0.0717728556665383,-0.014354571133307658,-11.820570814824844,-0.061901671031339256
-1.5,2.0,5,0.2,-0.0717728556665383,-0.014354571133307658,-11.820570814824844,-0.061901671031339256
-1.25,2.0,5,0.2,-0.0717728556665383,-0.014354571133307658,-11.820570814824844,-0.061901671031339256
-1.75,-1.0,218,0.518348623853211,-0.07233303745840153,-0.00033180292412110794,-0.7965799350211752,-0.1658308426104368
2.5,1.25,6,0.5,-0.07826724090660664,-0.013044540151101106,-8.423863376119906,-0.0730924864293403
1.5,2.0,2,0.0,-0.07925875654854847,-0.039629378274274235,-19.45559623297995,-0.06714657246505584
1.75,2.0,2,0.0,-0.07925875654854847,-0.039629378274274235,-19.45559623297995,-0.06714657246505584
0.0,-2.0,150,0.3933333333333333,-0.0803795856624471,-0.000535863904416314,-1.3780923709030668,-0.14205933100626755
-3.0,1.75,22,0.45454545454545453,-0.08040403498071509,-0.0036547288627597767,-2.1997227084317417,-0.12426582432145095
-2.75,1.75,22,0.45454545454545453,-0.08040403498071509,-0.0036547288627597767,-2.1997227084317417,-0.12426582432145095
-2.5,1.75,22,0.45454545454545453,-0.08124851657673153,-0.003693114389851433,-2.2233164580497182,-0.12426582432145106
1.5,0.75,18,0.3888888888888889,-0.08177178602807575,-0.0045428770015597635,-7.532319996387775,-0.0796173848934173
0.0,-1.75,150,0.3933333333333333,-0.08364675788345158,-0.0005576450525563439,-1.4291161059746644,-0.1448841754875314
2.25,2.0,2,0.0,-0.0854561382390746,-0.0427280691195373,-23.63881273282937,-0.06714657246505584
-2.25,1.75,22,0.45454545454545453,-0.08658510931559817,-0.003935686787072644,-2.366075158568918,-0.12426582432145106
-2.0,1.75,22,0.45454545454545453,-0.08658510931559817,-0.003935686787072644,-2.366075158568918,-0.12426582432145106
0.75,-0.75,68,0.38235294117647056,-0.08664845434685983,-0.0012742419756891152,-2.489839351921519,-0.13535808725350784
-1.75,-1.5,236,0.5,-0.0868026611975281,-0.0003678078864302038,-0.974791708307368,-0.119574320924563
-2.5,-0.5,192,0.5104166666666666,-0.08756592032437965,-0.00045607250168947736,-0.8760346763888146,-0.16370289117167514
-1.0,-3.0,223,0.452914798206278,-0.08864336055365057,-0.00039750385898498016,-1.0794678502216226,-0.13981012897137102
-1.0,-2.75,223,0.452914798206278,-0.08864336055365057,-0.00039750385898498016,-1.0794678502216226,-0.13981012897137102
-1.5,-3.0,237,0.5021097046413502,-0.08887680808350049,-0.00037500762904430586,-0.9988446150947248,-0.14190918833334276
-1.5,-2.75,237,0.5021097046413502,-0.08887680808350049,-0.00037500762904430586,-0.9988446150947248,-0.14190918833334276
2.25,1.5,7,0.2857142857142857,-0.08933315285727236,-0.012761878979610338,-12.966144002174326,-0.07209053548839706
-2.5,0.25,124,0.47580645161290325,-0.08970559747724341,-0.0007234322377197049,-1.3103278937863723,-0.1622544012817675
-3.0,-0.5,193,0.5077720207253886,-0.09005663246911985,-0.00046661467600580235,-0.9000295963550597,-0.1637028911716759
-2.75,-0.5,193,0.5077720207253886,-0.09005663246911985,-0.00046661467600580235,-0.9000295963550597,-0.1637028911716759
-2.25,-0.5,192,0.5104166666666666,-0.0906297793710999,-0.0004720301008911453,-0.9081963455150313,-0.16370289117167436
-2.0,-0.5,192,0.5104166666666666,-0.0906297793710999,-0.0004720301008911453,-0.9081963455150313,-0.16370289117167436
-0.5,1.75,21,0.42857142857142855,-0.09107841482397108,-0.004337067372570051,-2.625809749642564,-0.11157176578283357
1.75,1.75,11,0.36363636363636365,-0.09170497858720925,-0.00833681623520084,-9.036907350068812,-0.08429531462622497
2.0,1.75,9,0.3333333333333333,-0.09178150055624107,-0.010197944506249008,-10.28417827868393,-0.08811528516453948
1.5,0.5,18,0.3888888888888889,-0.09234937128408048,-0.00513052062689336,-9.065407306234043,-0.09454238341710408
-1.75,1.75,22,0.45454545454545453,-0.09235475885593944,-0.0041979435843608835,-2.537645166326236,-0.12426582432145095
-2.25,0.25,124,0.47580645161290325,-0.09502716239569003,-0.0007663480838362099,-1.3819754055796272,-0.16225440128176682
-3.0,0.25,125,0.472,-0.09529849708972643,-0.0007623879767178115,-1.3803993319055123,-0.1622544012817665
-2.75,0.25,125,0.472,-0.09529849708972643,-0.0007623879767178115,-1.3803993319055123,-0.1622544012817665
1.75,1.25,13,0.46153846153846156,-0.09599458653520898,-0.0073841989642468445,-6.5286669744867245,-0.10343687995247408
2.0,1.25,11,0.45454545454545453,-0.09645238300326048,-0.008768398454841862,-7.355189767114011,-0.11409927815270438
-0.75,1.75,21,0.42857142857142855,-0.09654673918252708,-0.004597463770596528,-2.7936835640095685,-0.11604723842876552
2.25,1.75,7,0.2857142857142857,-0.09732036176322795,-0.013902908823318278,-12.49594785551089,-0.07984628866781862
1.0,0.0,45,0.4,-0.09775464404924795,-0.002172325423316621,-4.873734343556775,-0.11605525218514734
-1.25,-3.0,231,0.46320346320346323,-0.10013383510927389,-0.0004334798056678523,-1.1376882587590866,-0.16795847420984567
-1.25,-2.75,231,0.46320346320346323,-0.10013383510927389,-0.0004334798056678523,-1.1376882587590866,-0.16795847420984567
0.75,1.75,16,0.4375,-0.10024725692201712,-0.00626545355762607,-3.2462620992279745,-0.12110772671573777
-0.25,1.75,20,0.4,-0.10058706160072967,-0.005029353080036483,-2.986445618443799,-0.1092006527185726
0.0,1.75,20,0.4,-0.10058706160072967,-0.005029353080036483,-2.986445618443799,-0.1092006527185726
-1.75,-2.0,240,0.4708333333333333,-0.10172404443004081,-0.00042385018512517005,-1.0740302839839726,-0.1644169740888185
-1.75,-1.75,240,0.4708333333333333,-0.10172404443004081,-0.00042385018512517005,-1.0740302839839726,-0.1644169740888185
2.0,2.0,2,0.0,-0.10332665956265638,-0.05166332978132819,-45.07667847965913,-0.06714657246505584
1.0,0.25,43,0.4186046511627907,-0.10335988976737916,-0.0024037183666832363,-5.4585184375908895,-0.12410657403619207
-2.0,0.25,123,0.4715447154471545,-0.10442640102048767,-0.0008489951302478672,-1.530564589895894,-0.16225440128176716
-1.5,1.75,22,0.4090909090909091,-0.10601845380406723,-0.004819020627457601,-2.9103385246168383,-0.13112402488926012
-1.25,-1.75,228,0.4824561403508772,-0.10767274989092909,-0.00047224890303039073,-1.221481550231143,-0.17429387467758017
2.25,1.25,8,0.375,-0.10901326594989419,-0.013626658243736774,-10.389339866054447,-0.1000953251950153
-1.75,1.5,34,0.4411764705882353,-0.10955210514064885,-0.0032221207394308483,-2.0728022484620725,-0.14432610726095274
0.0,-1.5,148,0.3783783783783784,-0.10962042733404598,-0.0007406785630678783,-1.8498781379392375,-0.15857532978698574
-2.5,0.0,151,0.4768211920529801,-0.11016506854598096,-0.0007295699903707349,-1.3514707607721668,-0.17886244421628317
-1.0,-2.5,222,0.45045045045045046,-0.11064049129819431,-0.0004983805914333077,-1.3342591445610597,-0.15864704702403654
-1.0,-2.25,222,0.45045045045045046,-0.11064049129819431,-0.0004983805914333077,-1.3342591445610597,-0.15864704702403654
-1.75,-0.25,167,0.5029940119760479,-0.1109211858164915,-0.000664198717464021,-1.2877988195243428,-0.19142343674062978
-1.5,-2.5,235,0.4978723404255319,-0.11144642662286358,-0.0004742401132887812,-1.2539176343954646,-0.16109957592391122
-1.5,-2.25,235,0.4978723404255319,-0.11144642662286358,-0.0004742401132887812,-1.2539176343954646,-0.16109957592391122
0.5,1.75,17,0.4117647058823529,-0.1118320027447249,-0.006578353102630877,-3.462026214812433,-0.12342589745202148
-1.0,1.75,21,0.42857142857142855,-0.11273772121566958,-0.0053684629150318845,-3.193788320013878,-0.13112402488926023
0.25,1.75,17,0.4117647058823529,-0.11332619897609063,-0.006666246998593566,-3.549801827992629,-0.12342589745202148
-1.25,1.75,22,0.4090909090909091,-0.11471630342361595,-0.00521437742834618,-3.1371184315854923,-0.13112402488926023
-2.25,0.0,150,0.47333333333333333,-0.11493859871266088,-0.0007662573247510725,-1.4171715367597273,-0.1788624442162825
-3.0,0.0,151,0.47019867549668876,-0.11520993340669726,-0.0007629796914350812,-1.415826160283433,-0.1788624442162834
-2.75,0.0,151,0.47019867549668876,-0.11520993340669726,-0.0007629796914350812,-1.415826160283433,-0.1788624442162834
1.5,1.0,18,0.3333333333333333,-0.11567743943278,-0.006426524412932223,-10.244494762924614,-0.12010671854478683
1.25,0.5,30,0.4,-0.11587366826897433,-0.003862455608965811,-6.8934085652871016,-0.12689982026538404
-0.5,1.5,28,0.39285714285714285,-0.11672551031098048,-0.0041687682253921604,-2.4451877244982194,-0.15469689381931984
-1.75,0.25,118,0.4661016949152542,-0.11697701815582628,-0.000991330662337511,-1.7938168154891045,-0.18052364574381097
-2.5,-1.5,240,0.4791666666666667,-0.11818560703492334,-0.0004924400293121806,-1.2665599303960526,-0.14918176594537425
-1.25,-2.0,229,0.4672489082969432,-0.11898630083856525,-0.0005195908333561801,-1.3448967546739004,-0.18360188091664764
-2.5,-1.0,222,0.49099099099099097,-0.11956667953640564,-0.0005385886465603857,-1.29119706637006,-0.19232651575539983
0.25,-1.25,121,0.36363636363636365,-0.1206931021159938,-0.0009974636538511883,-2.0880346484476737,-0.1551256004976711
-3.0,-1.0,223,0.49327354260089684,-0.12198597862463299,-0.0005470223256709999,-1.3197613786928075,-0.19232651575540016
-2.75,-1.0,223,0.49327354260089684,-0.12198597862463299,-0.0005470223256709999,-1.3197613786928075,-0.19232651575540016
-1.0,-2.0,220,0.45454545454545453,-0.12201956382720372,-0.0005546343810327442,-1.4859787159244036,-0.1681228762775936
-1.25,-2.5,230,0.4608695652173913,-0.12213096585381764,-0.0005310041993644245,-1.3757240888917694,-0.1861789840828364
-1.25,-2.25,230,0.4608695652173913,-0.12213096585381764,-0.0005310041993644245,-1.3757240888917694,-0.1861789840828364
-3.0,1.5,36,0.4166666666666667,-0.12255678762810923,-0.0034043552118919232,-2.2483606824856035,-0.16063544680447406
-2.75,1.5,36,0.4166666666666667,-0.12255678762810923,-0.0034043552118919232,-2.2483606824856035,-0.16063544680447406
-2.25,-1.0,222,0.49099099099099097,-0.12263053858312588,-0.0005523898134375039,-1.327278938022549,-0.19232651575539927
-2.0,-1.0,222,0.49099099099099097,-0.12263053858312588,-0.0005523898134375039,-1.327278938022549,-0.19232651575539927
-3.0,-1.5,241,0.4854771784232365,-0.12312338001532025,-0.0005108853942544408,-1.3251300894279028,-0.14918176594537413
-2.75,-1.5,241,0.4854771784232365,-0.12312338001532025,-0.0005108853942544408,-1.3251300894279028,-0.14918176594537413
-1.0,-1.75,219,0.45662100456621,-0.12335957864550655,-0.0005632857472397559,-1.5019639339662483,-0.16926093933233965
-2.5,1.5,36,0.4166666666666667,-0.12340126922412567,-0.003427813034003491,-2.2641968184050283,-0.16063544680447406
0.25,-1.0,115,0.3826086956521739,-0.12407281555961812,-0.0010788940483445054,-2.411175987053774,-0.1365982447075781
-1.5,1.5,32,0.40625,-0.1241031789721215,-0.003878224342878797,-2.525735330211654,-0.15568318253470725
-2.0,0.0,149,0.4697986577181208,-0.12433783733745851,-0.0008344821297816007,-1.5432206099410994,-0.17886244421628328
-1.75,-0.5,186,0.5053763440860215,-0.1248731349974661,-0.000671360940846592,-1.3197376469725741,-0.1913360562002292
-0.25,1.5,27,0.37037037037037035,-0.1262489608602416,-0.004675887439268207,-2.7028681366766127,-0.15588343585956776
-1.75,1.25,47,0.5106382978723404,-0.1283206155594496,-0.0027302258629670127,-2.3044238389853415,-0.1796946382636666
-2.25,1.5,36,0.4166666666666667,-0.1287378619629923,-0.003576051721194231,-2.359620869959723,-0.16063544680447406
-2.0,1.5,36,0.4166666666666667,-0.1287378619629923,-0.003576051721194231,-2.359620869959723,-0.16063544680447406
-2.5,1.25,50,0.52,-0.13002875938829417,-0.0026005751877658835,-2.2475600472651327,-0.18096798800020997
1.0,1.0,29,0.3793103448275862,-0.1300665743709249,-0.004485054288652582,-5.950660501913161,-0.1503073381968073
1.0,1.25,23,0.391304347826087,-0.1300832461997479,-0.0056557933130325175,-4.9861004061061704,-0.1512997472089569
0.0,1.5,27,0.37037037037037035,-0.13027768763291567,-0.004825099541959839,-2.7963360517255116,-0.15923246039519334
-2.25,-1.5,239,0.4811715481171548,-0.13071068022468818,-0.000546906611818779,-1.4082770434602747,-0.1491817659453748
-2.0,-1.5,239,0.4811715481171548,-0.13071068022468818,-0.000546906611818779,-1.4082770434602747,-0.1491817659453748
-1.25,1.5,32,0.40625,-0.13280102859167023,-0.004150032143489695,-2.6937637057595887,-0.16310048538134114
-2.5,0.5,102,0.47058823529411764,-0.13317148748048435,-0.001305602818436121,-1.9887057923123646,-0.19671512432886984
1.0,0.5,39,0.41025641025641024,-0.13451895812384426,-0.0034492040544575452,-6.335536898432599,-0.15120182147899253
-1.75,0.5,98,0.45918367346938777,-0.1353027996223086,-0.0013806408124725368,-2.117611060121308,-0.19413069755586299
-2.25,1.25,50,0.52,-0.1353503243067408,-0.002707006486134816,-2.334651943987928,-0.1809679880002103
-3.0,1.25,51,0.5098039215686274,-0.13562165900077722,-0.002659248215701514,-2.3164672647731095,-0.1809679880002102
-2.75,1.25,51,0.5098039215686274,-0.13562165900077722,-0.002659248215701514,-2.3164672647731095,-0.1809679880002102
-2.5,1.0,62,0.5161290322580645,-0.1363553788232295,-0.002199280303600476,-2.3302269315507917,-0.19432744178964056
-1.0,1.5,29,0.41379310344827586,-0.13636533340580248,-0.004702252876062155,-2.9290611850822508,-0.1739544409376933
-1.5,-1.0,213,0.47417840375586856,-0.13679449276474095,-0.0006422276655621641,-1.5309081926938404,-0.2098531233910339
-1.5,-2.0,234,0.4829059829059829,-0.13685102921332049,-0.0005848334581765833,-1.555129040949396,-0.1820772065938131
-1.5,-1.75,234,0.4829059829059829,-0.13685102921332049,-0.0005848334581765833,-1.555129040949396,-0.1820772065938131
1.25,1.0,24,0.3333333333333333,-0.1378732193212179,-0.005744717471717412,-8.047734266919802,-0.14108067450556694
-2.25,0.5,102,0.47058823529411764,-0.138493052398931,-0.0013577750235189315,-2.0607618053601726,-0.19671512432886973
-3.0,0.5,103,0.46601941747572817,-0.13876438709296737,-0.001347227059155023,-2.0547752084125928,-0.19671512432886984
-2.75,0.5,103,0.46601941747572817,-0.13876438709296737,-0.001347227059155023,-2.0547752084125928,-0.19671512432886984
-0.75,1.5,29,0.3793103448275862,-0.13879241147534283,-0.004785945223287683,-2.858105521925749,-0.17375183935862626
-1.75,1.0,59,0.4915254237288136,-0.1395038356313886,-0.002364471790362519,-2.478487219835847,-0.18471056228782812
-1.75,0.75,79,0.46835443037974683,-0.13991982555632254,-0.001771137032358513,-2.3070689514864022,-0.17110933505551063
-2.25,1.0,62,0.5161290322580645,-0.14167694374167614,-0.0022851119958334862,-2.4147956790991296,-0.1943274417896408
-3.0,1.0,63,0.5079365079365079,-0.14194827843571248,-0.002253147276757341,-2.400213895076784,-0.194327441789641
-2.75,1.0,63,0.5079365079365079,-0.14194827843571248,-0.002253147276757341,-2.400213895076784,-0.194327441789641
-1.5,-0.25,161,0.4906832298136646,-0.1420564115517266,-0.0008823379599486124,-1.6830728005181732,-0.20473138811157576
0.75,-0.5,62,0.3548387096774194,-0.14339832415762002,-0.0023128761960906456,-3.9982202515358054,-0.17697274003404306
-2.5,0.75,81,0.48148148148148145,-0.14412840762801593,-0.0017793630571359992,-2.295061910433968,-0.18699027694775383
-2.0,1.25,49,0.5102040816326531,-0.14474956293153846,-0.0029540727128885397,-2.5294809683045476,-0.1809679880002103
0.5,-2.5,107,0.3177570093457944,-0.14758491366313284,-0.0013792982585339518,-3.237527465016011,-0.18557129937130168
0.5,-2.25,107,0.3177570093457944,-0.14758491366313284,-0.0013792982585339518,-3.237527465016011,-0.18557129937130168
-2.0,0.5,101,0.46534653465346537,-0.14789229102372858,-0.0014642801091458275,-2.2194987567457516,-0.1967151243288694
-3.0,-2.0,246,0.4715447154471545,-0.14815965628323757,-0.0006022750255416161,-1.545274246903493,-0.17657927500251003
-2.75,-2.0,246,0.4715447154471545,-0.14815965628323757,-0.0006022750255416161,-1.545274246903493,-0.17657927500251003
0.25,1.5,24,0.375,-0.14898714277461406,-0.006207797615608919,-3.3728508197837863,-0.17529253765083408
-3.0,-1.75,245,0.47346938775510206,-0.14900922850699228,-0.0006082009326816012,-1.5630554617577321,-0.17657927500251003
-2.75,-1.75,245,0.47346938775510206,-0.14900922850699228,-0.0006082009326816012,-1.5630554617577321,-0.17657927500251003
1.0,1.5,19,0.3684210526315789,-0.14920095205367256,-0.007852681687035398,-4.948991632323469,-0.17470062643054574
-2.25,0.75,81,0.48148148148148145,-0.14944997254646258,-0.001845061389462501,-2.372418591246034,-0.1869902769477534
-3.0,0.75,82,0.47560975609756095,-0.14972130724049892,-0.0018258696004938894,-2.3622056016273927,-0.1869902769477534
-2.75,0.75,82,0.47560975609756095,-0.14972130724049892,-0.0018258696004938894,-2.3622056016273927,-0.1869902769477534
-1.75,0.0,143,0.4755244755244755,-0.1505106266463522,-0.0010525218646598056,-1.9152192975594156,-0.21431984236267343
1.5,1.25,16,0.375,-0.15060907646410368,-0.00941306727900648,-8.970712338671936,-0.1515778019826619
-2.0,1.0,61,0.5081967213114754,-0.15107618236647372,-0.0024766587273192414,-2.6047518205303843,-0.1943274417896409
0.75,1.5,21,0.38095238095238093,-0.15297021296705143,-0.007284295855573878,-3.704351492293837,-0.17235089569729467
0.5,-3.0,107,0.32710280373831774,-0.15324787091238062,-0.0014322230926390712,-3.3915933404894716,-0.19012734359366357
0.5,-2.75,107,0.32710280373831774,-0.15324787091238062,-0.0014322230926390712,-3.3915933404894716,-0.19012734359366357
-1.5,0.25,111,0.45045045045045046,-0.1553383336550844,-0.0013994444473431028,-2.4773304889176266,-0.19215447682634745
-2.5,-2.0,245,0.4530612244897959,-0.15567955136810202,-0.0006354267402779674,-1.6538150643732925,-0.2099919118039889
-1.5,1.25,44,0.4772727272727273,-0.1560788352074592,-0.0035472462547149817,-3.048909441902896,-0.18640753822565248
0.75,-0.25,60,0.38333333333333336,-0.15650930821851686,-0.0026084884703086145,-5.010209337837664,-0.18601720890795714
-2.5,-1.75,244,0.45491803278688525,-0.15652912359185672,-0.0006415128016059702,-1.6726107757171746,-0.21062407759063606
0.25,-0.5,98,0.35714285714285715,-0.1574935065610329,-0.0016070765975615602,-2.841850728444353,-0.18132952371134436
0.25,-0.25,93,0.3870967741935484,-0.1582612068420198,-0.0017017334069034387,-2.9604217594340754,-0.20184263024621152
1.25,0.75,28,0.32142857142857145,-0.15858935659270754,-0.005663905592596698,-8.717660792236977,-0.14396399399577353
-2.0,0.75,80,0.475,-0.15884921117126016,-0.001985615139640752,-2.5463835072576813,-0.1869902769477534
-1.5,1.0,55,0.4727272727272727,-0.15916991879425554,-0.002893998523531919,-3.1100853441183522,-0.18483461476035845
-1.5,0.75,75,0.4533333333333333,-0.15930807102056255,-0.002124107613607501,-2.8339418690778646,-0.1712354570579394
-0.5,-3.0,193,0.40414507772020725,-0.15961369380290708,-0.0008270139575280159,-2.083369078038947,-0.2339201704906202
-0.5,-2.75,193,0.40414507772020725,-0.15961369380290708,-0.0008270139575280159,-2.083369078038947,-0.2339201704906202
0.5,-2.0,103,0.3300970873786408,-0.16013986224688345,-0.0015547559441444995,-3.619306831371032,-0.19568994165661902
0.5,1.5,24,0.375,-0.16177739932845628,-0.006740724972019011,-3.592293655979524,-0.18629761132123468
0.5,-1.75,103,0.3300970873786408,-0.16340703446788793,-0.0015864760627950284,-3.6795559829169044,-0.19833820267471625
-1.25,1.25,43,0.46511627906976744,-0.16576631693638616,-0.0038550306264275853,-3.262968355783372,-0.19434866663882078
-1.25,-0.25,157,0.4713375796178344,-0.16729003893438543,-0.0010655416492636016,-2.014444646201905,-0.22233242102865547
0.0,-1.25,146,0.363013698630137,-0.16800472502040842,-0.0011507172946603316,-2.870935872963523,-0.1997665684041824
-2.25,-2.0,244,0.45491803278688525,-0.1682046245578669,-0.0006893632154010938,-1.7966244589608675,-0.20999191180398968
-2.0,-2.0,244,0.45491803278688525,-0.1682046245578669,-0.0006893632154010938,-1.7966244589608675,-0.20999191180398968
-2.25,-1.75,243,0.4567901234567901,-0.16905419678162156,-0.0006956962830519406,-1.8163830952828446,-0.21062407759063673
-2.0,-1.75,243,0.4567901234567901,-0.16905419678162156,-0.0006956962830519406,-1.8163830952828446,-0.21062407759063673
1.25,1.25,22,0.36363636363636365,-0.16914602100297277,-0.0076884555001351254,-7.319191615292962,-0.16894470385796678
-0.25,-2.25,173,0.3872832369942196,-0.16996178165618117,-0.0009824380442553825,-2.430681734095677,-0.22740321037604538
-1.75,-0.75,211,0.5118483412322274,-0.1704583018667111,-0.0008078592505531332,-1.8176526710543381,-0.22748239219363475
-1.5,0.5,92,0.44565217391304346,-0.17049623626867755,-0.0018532199594421472,-2.792440680224447,-0.20556840369911977
1.0,1.75,15,0.4,-0.1728379710357222,-0.011522531402381481,-7.459698632013793,-0.17247468436216606
0.25,-0.75,110,0.38181818181818183,-0.17401763375969945,-0.0015819784887245404,-3.2946021065369315,-0.17161886031628515
-0.5,-2.5,192,0.4010416666666667,-0.17448005388020305,-0.0009087502806260575,-2.258580878523381,-0.24532729047350454
-0.5,-2.25,192,0.4010416666666667,-0.17448005388020305,-0.0009087502806260575,-2.258580878523381,-0.24532729047350454
-1.25,1.0,54,0.4444444444444444,-0.17642217730403928,-0.003267077357482209,-3.467928993551551,-0.1988665875186546
-1.5,-0.5,179,0.4860335195530726,-0.17769601944024277,-0.0009927151924035908,-1.9105200511282403,-0.2217767962929712
-1.5,0.0,137,0.46715328467153283,-0.1781923025929959,-0.0013006737415547146,-2.3293560778598446,-0.22454429764170847
1.5,1.5,14,0.35714285714285715,-0.1789509487088808,-0.012782210622062916,-8.40702578362013,-0.18402783988548177
-1.25,0.25,108,0.4351851851851852,-0.1791536761414556,-0.0016588303346431075,-2.9206858281799017,-0.2124769481534451
-1.0,1.25,39,0.4358974358974359,-0.18158844921806339,-0.004656114082514446,-3.757980023270475,-0.20062560991600187
1.0,0.75,36,0.3333333333333333,-0.18172847055060848,-0.005048013070850236,-8.125882251487289,-0.17197473121385343
-0.25,1.25,35,0.4,-0.18262825354503395,-0.005217950101286685,-3.8394397931323008,-0.2032452733728104
0.0,-1.0,138,0.38405797101449274,-0.18270943642774612,-0.0013239814233894647,-3.3450797069557603,-0.18818066495179153
0.5,-1.5,101,0.33663366336633666,-0.18275451004746238,-0.0018094505945293305,-3.9001735227190366,-0.21033844131058665
-0.5,1.25,37,0.3783783783783784,-0.1828779904007544,-0.004942648389209578,-3.7343067016493,-0.2033854579550659
-0.25,-2.5,173,0.3815028901734104,-0.18471619112178897,-0.0010677236481028264,-2.6545371187875046,-0.2301775383221839
0.0,1.25,35,0.4,-0.186656980317708,-0.005333056580505943,-3.937095482159648,-0.20640639026318586
-0.25,-2.0,169,0.3905325443786982,-0.18940951821890328,-0.0011207663799935107,-2.7736309126255296,-0.24220880463678185
-1.25,0.75,73,0.4383561643835616,-0.18988040510167092,-0.0026011014397489167,-3.416334070219207,-0.19627810098760212
-0.25,-3.0,173,0.3872832369942196,-0.1903791483710368,-0.0011004575050348948,-2.752140451690202,-0.23448404811986678
-0.25,-2.75,173,0.3872832369942196,-0.1903791483710368,-0.0011004575050348948,-2.752140451690202,-0.23448404811986678
-0.5,-1.5,185,0.40540540540540543,-0.19050518868246646,-0.0010297577766619809,-2.391675979455685,-0.23961594705509315
-0.25,-1.75,169,0.3905325443786982,-0.19267669043990776,-0.0011400987599994542,-2.813934382628318,-0.24470389824119454
-1.25,-1.5,226,0.46017699115044247,-0.1928651126955866,-0.0008533854544052504,-2.139851800959405,-0.22156772361101496
-0.75,1.25,38,0.39473684210526316,-0.19305263045288917,-0.005080332380339189,-3.830071746332219,-0.20830747900563384
-0.5,-2.0,189,0.4021164021164021,-0.19344233173215875,-0.0010235044006992526,-2.5382453193049224,-0.25947037106188087
-0.25,-0.25,117,0.37606837606837606,-0.19421650685742375,-0.001659970144080545,-3.200091514763015,-0.24211920330932835
-0.5,-1.75,189,0.4021164021164021,-0.19670950395316322,-0.0010407910262072127,-2.5748496543187414,-0.2619086294533054
0.5,-1.0,93,0.34408602150537637,-0.19707409227607273,-0.00211907626103304,-4.982080718702669,-0.187558550681869
0.5,-1.25,99,0.32323232323232326,-0.1975245431715438,-0.0019951974057731696,-4.285337823211861,-0.22190110993645018
-1.25,0.0,134,0.4552238805970149,-0.19887230822578394,-0.001484121703177492,-2.638747614900993,-0.2417068275579034
-1.25,0.5,90,0.43333333333333335,-0.1993331674299009,-0.0022148129714433433,-3.288916262155334,-0.22957361454225156
1.5,1.75,12,0.25,-0.19957741853491215,-0.01663145154457601,-10.89830386532359,-0.18177804228539207
-1.0,1.0,49,0.40816326530612246,-0.19998825870363707,-0.004081393034768103,-4.11699841458606,-0.21053909915870017
-0.75,-3.0,210,0.4,-0.20004545035751872,-0.0009525973826548511,-2.588649071391794,-0.21700938429231575
-0.75,-2.75,210,0.4,-0.20004545035751872,-0.0009525973826548511,-2.588649071391794,-0.21700938429231575
0.0,-0.5,116,0.35344827586206895,-0.2008017840732837,-0.0017310498627007215,-3.4126474223083676,-0.21553285076060147
-0.75,-0.25,139,0.39568345323741005,-0.2013150184139818,-0.0014483094849926748,-2.752313151674016,-0.2407531793280826
-0.5,-0.25,126,0.3888888888888889,-0.201893130520338,-0.0016023264327010953,-3.0483170713197487,-0.24171301619653907
0.0,0.5,67,0.3283582089552239,-0.20210229444492273,-0.0030164521558943692,-4.213298859178706,-0.2116282008612803
-0.25,-0.5,128,0.3671875,-0.2025738045915674,-0.0015826078483716203,-3.1086998693079844,-0.22177996500122643
-1.0,0.25,102,0.4215686274509804,-0.2032366522696177,-0.0019925161987217424,-3.470246584966563,-0.22223251629026786
-1.0,-0.25,149,0.4429530201342282,-0.20459410727310973,-0.0013731148139134882,-2.6654265701448847,-0.22240767522380311
-0.25,0.75,57,0.3684210526315789,-0.2046141079774526,-0.003589721192586888,-4.501611061404155,-0.19957928324684104
-0.75,-0.5,157,0.3885350318471338,-0.20582811645162913,-0.0013110071111568735,-2.5991366848377915,-0.24671885159960594
-1.0,-0.5,166,0.4457831325301205,-0.2080221502649084,-0.0012531454835235446,-2.4254998357990494,-0.22590705859523863
0.75,0.0,58,0.3793103448275862,-0.2086420078571865,-0.0035972759975376983,-6.832629314126644,-0.2046310059896903
-1.5,-0.75,205,0.4878048780487805,-0.20934957323404632,-0.001021217430409982,-2.320812517803525,-0.2486856567755379
-1.0,0.5,83,0.40963855421686746,-0.2094183396227926,-0.0025231125255758143,-3.775546079717718,-0.229879321128437
-0.5,1.0,45,0.37777777777777777,-0.20993608321413937,-0.004665246293647542,-4.396444926526501,-0.2182407033746896
1.25,1.5,19,0.3157894736842105,-0.21015367373196361,-0.011060719670103348,-7.869492618616495,-0.2099146280846237
0.0,0.75,56,0.35714285714285715,-0.2112837712200803,-0.0037729244860728625,-4.730107129133201,-0.19950557648274558
-0.5,-0.5,141,0.375886524822695,-0.2117362111085017,-0.0015016752560886644,-2.8970177466479874,-0.24673751267740351
-2.5,-0.75,216,0.4861111111111111,-0.21294959000285024,-0.0009858777314946771,-2.2413373128478637,-0.24838325055219124
-0.25,-1.5,166,0.3855421686746988,-0.2134650545641612,-0.0012859340636395254,-2.976703431763481,-0.25326418198429856
-1.0,0.75,67,0.417910447761194,-0.2137639388002208,-0.0031905065492570267,-4.087823727883025,-0.2083523063787207
0.25,0.0,87,0.367816091954023,-0.21392037788393187,-0.0024588549182061135,-4.10009545061805,-0.20754030314354055
0.0,-0.25,108,0.3611111111111111,-0.214181209010271,-0.001983159342687694,-3.7006631563914967,-0.2445860053022656
-2.25,-0.75,216,0.4861111111111111,-0.21601344904957048,-0.0010000622641183818,-2.2785441141237937,-0.24838325055219168
-2.0,-0.75,216,0.4861111111111111,-0.21601344904957048,-0.0010000622641183818,-2.2785441141237937,-0.24838325055219168
-1.25,-0.5,176,0.4715909090909091,-0.21635254162720735,-0.0012292758047000418,-2.364378422293511,-0.24910362034151923
0.0,0.25,81,0.35802469135802467,-0.2167270486226386,-0.002675642575588131,-4.208112122600597,-0.22505205595637767
0.25,0.25,74,0.35135135135135137,-0.21705881536835572,-0.0029332272347075096,-4.468622024150181,-0.22108488449267505
-0.25,0.5,70,0.32857142857142857,-0.2175890254040924,-0.0031084146486298914,-4.352562271883963,-0.22831387829326422
-0.25,1.0,43,0.37209302325581395,-0.21822351430112463,-0.005074965448863364,-4.6702417272699215,-0.22482650862931663
0.25,1.25,32,0.40625,-0.2186652695414889,-0.006833289673171528,-4.8780537132299155,-0.22730575067543723
-1.0,0.0,128,0.4375,-0.22103056251766193,-0.0017268012696692338,-3.1164627209631672,-0.24720447547712476
-0.75,-2.5,210,0.3952380952380952,-0.22129031738212912,-0.0010537634161053768,-2.8226577691886705,-0.23360138797090135
-0.75,-2.25,210,0.3952380952380952,-0.22129031738212912,-0.0010537634161053768,-2.8226577691886705,-0.23360138797090135
-0.75,1.0,47,0.3829787234042553,-0.2215725385519838,-0.004714309330893273,-4.444287431420586,-0.22569890331116038
-0.5,0.75,60,0.36666666666666664,-0.2222354778114607,-0.0037039246301910117,-4.454144508363794,-0.21429507777353696
-3.0,-0.75,217,0.4792626728110599,-0.22248777693743393,-0.0010252892946425527,-2.3440043856019734,-0.24838325055219124
-2.75,-0.75,217,0.4792626728110599,-0.22248777693743393,-0.0010252892946425527,-2.3440043856019734,-0.24838325055219124
0.0,1.0,42,0.35714285714285715,-0.2229726875666956,-0.005308873513492752,-4.851828424525788,-0.22845785700266674
0.25,0.5,63,0.3333333333333333,-0.2243553208509766,-0.0035611955690631205,-4.864740079605868,-0.2248706761413275
-1.0,-1.5,216,0.4305555555555556,-0.22528519190601737,-0.0010429869995648951,-2.59350411146205,-0.23015639497977347
-1.5,-1.25,228,0.4605263157894737,-0.22620656611599244,-0.0009921340619122474,-2.574480522210267,-0.23507773495591378
0.75,1.25,28,0.39285714285714285,-0.22633194039333498,-0.00808328358547625,-5.358117798872171,-0.22269226081945837
-1.5,-1.5,231,0.4675324675324675,-0.227729953521169,-0.0009858439546370952,-2.5499931056982033,-0.23323068915791312
0.5,-0.5,81,0.32098765432098764,-0.22774487732096124,-0.0028116651521106328,-4.9799984935881945,-0.2362604682318611
-1.75,-1.25,233,0.47639484978540775,-0.22828633544449697,-0.0009797696800193003,-2.446230377707546,-0.23943422875384412
0.75,0.25,53,0.39622641509433965,-0.23015973671300521,-0.004342636541754815,-7.826021566876028,-0.2161429923136441
0.0,-0.75,132,0.38636363636363635,-0.23035198801802526,-0.001745090818318373,-4.113415994471652,-0.2194813014146284
1.25,1.75,15,0.26666666666666666,-0.2332271167501229,-0.015548474450008194,-11.508786950916694,-0.20895882998328374
-0.75,-2.0,207,0.40096618357487923,-0.23361656351952997,-0.0011285824324614975,-3.0285670568035057,-0.2429300563522233
-0.75,-1.75,206,0.4029126213592233,-0.2349565783378328,-0.0011405659142613243,-3.045556831405896,-0.24396577822526833
0.5,1.25,31,0.3870967741935484,-0.23554492884843484,-0.007598223511239834,-5.226561023334057,-0.23585128982904535
-0.25,0.25,85,0.35294117647058826,-0.23732597072480535,-0.0027920702438212395,-4.427416950300436,-0.24103307240228566
-0.5,0.5,75,0.3333333333333333,-0.23736304530004035,-0.003164840604000538,-4.471450002831497,-0.24533002982100327
0.25,0.75,53,0.33962264150943394,-0.2380418601132307,-0.004491355851193032,-5.532558477576252,-0.21430331522229717
-1.25,-1.25,225,0.4577777777777778,-0.23814927140258754,-0.0010584412062337224,-2.722425982122314,-0.2419205795034789
-0.75,0.75,64,0.390625,-0.23967367198435363,-0.0037449011247555255,-4.57790445667164,-0.22652825405432675
-0.5,-1.25,181,0.39779005524861877,-0.2415580765806642,-0.0013345750087329514,-3.0729173388200777,-0.2774897098269812
0.5,-0.75,90,0.34444444444444444,-0.2449240026367618,-0.002721377807075131,-5.8637394099061355,-0.2189504745617672
-0.5,0.25,91,0.37362637362637363,-0.24650208495608367,-0.002708814120396524,-4.333472726264826,-0.24981761611723152
-0.25,-1.25,163,0.37423312883435583,-0.24824895366432195,-0.0015229997157320365,-3.5480580049720567,-0.2673518641526744
0.75,1.0,35,0.37142857142857144,-0.24929363025259002,-0.007122675150074,-6.2742106679501575,-0.23869703846426937
-0.75,0.5,80,0.3625,-0.25036394932192346,-0.0031295493665240435,-4.510766925086554,-0.2554420714595116
0.5,-0.25,78,0.34615384615384615,-0.2538557488105082,-0.0032545608821860027,-5.832335156406948,-0.2518602927517668
-1.0,-1.0,197,0.43147208121827413,-0.2540730196127913,-0.0012897107594557933,-2.914795122481034,-0.26417287849724214
-1.25,-1.0,207,0.4492753623188406,-0.2552739890579101,-0.0012332076766082614,-2.7574926301641804,-0.28189044379232264
0.25,1.0,39,0.358974358974359,-0.255509395615694,-0.006551522964504975,-5.858287576765871,-0.249166172586602
-0.25,-1.0,153,0.38562091503267976,-0.25759410229260127,-0.001683621583611773,-4.06940488552622,-0.253365826860807
-0.25,-0.75,145,0.3931034482758621,-0.26113982783559897,-0.0018009643299006825,-4.2560883406074135,-0.2559888934136172
-1.0,-1.25,213,0.43661971830985913,-0.2616350008605162,-0.0012283333373733156,-3.0549696180981942,-0.2494029489484597
-2.5,-1.25,238,0.4495798319327731,-0.263764847736231,-0.0011082556627572732,-2.7851377347653545,-0.26771063911387893
-0.5,-1.0,172,0.4011627906976744,-0.2649382619275735,-0.0015403387321370554,-3.6785225759184885,-0.24625992997433443
0.75,0.5,48,0.3958333333333333,-0.2665879988222,-0.0055539166421291674,-8.0266083463571,-0.24496993584375792
0.0,0.0,100,0.36,-0.2673866689448166,-0.002673866689448166,-4.74215188963643,-0.2489682316835995
-3.0,-1.25,239,0.4560669456066946,-0.268702620716628,-0.001124278747768318,-2.849241034901721,-0.2677106391138794
-2.75,-1.25,239,0.4560669456066946,-0.268702620716628,-0.001124278747768318,-2.849241034901721,-0.2677106391138794
-0.75,-1.5,203,0.39408866995073893,-0.26986333175890387,-0.001329376018516768,-3.331399075222434,-0.25314753704175064
-0.25,0.0,106,0.36792452830188677,-0.2740244877918923,-0.002585136677282003,-4.595498312874699,-0.26549798029141203
-1.0,-0.75,190,0.45263157894736844,-0.27404457082559963,-0.0014423398464505244,-3.2201381586931093,-0.2770080233918072
-0.75,0.25,96,0.3854166666666667,-0.27470464590802396,-0.002861506728208583,-4.660753473263523,-0.2696402153134093
-0.5,-0.75,164,0.40853658536585363,-0.27484660463847377,-0.001675893930722401,-3.884730232688564,-0.25375777715565195
-2.25,-1.25,237,0.45147679324894513,-0.2762899209259959,-0.0011657802570717128,-2.9344630365138498,-0.26771063911388004
-2.0,-1.25,237,0.45147679324894513,-0.2762899209259959,-0.0011657802570717128,-2.9344630365138498,-0.26771063911388004
-1.25,-0.75,201,0.46766169154228854,-0.27801654654090735,-0.0013831668982134694,-3.07026504297053,-0.2979841656067983
-0.5,0.0,113,0.3805309734513274,-0.2784795506599433,-0.002464420802300383,-4.39504611522086,-0.2747013557664898
-0.75,0.0,123,0.3902439024390244,-0.2786168757839427,-0.002265177851901973,-4.090197451577712,-0.2752874463605116
-0.75,-1.0,189,0.3968253968253968,-0.2797188528003778,-0.001479993930160729,-3.5246079383295124,-0.2619407228592625
0.5,1.0,38,0.3684210526315789,-0.29391062097138576,-0.007734490025562783,-6.668189355653505,-0.2733352082549071
0.5,0.25,64,0.3125,-0.2973092029715728,-0.004645456296430825,-6.998719280843825,-0.28001439227577873
0.5,0.0,73,0.3287671232876712,-0.29882317283684195,-0.004093468121052629,-6.762969141993106,-0.2707610459904286
-0.75,-0.75,181,0.39779005524861877,-0.30377443819683014,-0.0016783118132421555,-3.9096325897626762,-0.27951979320010234
0.75,0.75,44,0.3181818181818182,-0.30602010138980584,-0.0069550023043137696,-7.572196474128474,-0.2611154039122182
0.5,0.5,56,0.32142857142857145,-0.30943230562421686,-0.00552557688614673,-7.1208785338648415,-0.2892261868529835
-0.75,-1.25,201,0.3880597014925373,-0.3150943816015554,-0.0015676337393112209,-3.9171128928273116,-0.28621014995757355
0.5,0.75,49,0.2857142857142857,-0.3175423054352417,-0.006480455212964116,-7.371335961438283,-0.2744645486593932
