Date,open,high,low,close,buy_score,sell_score,buy_score_z,sell_score_z,signal_score
2025-08-01 08:00:00,115081.76,115340.0,114116.0,115305.65,-1.1853828878219015,1.1622643502948533,-1.1853828878219015,1.1622643502948533,-2.347647238116755
2025-08-01 12:00:00,115305.64,116019.3,113988.47,115357.82,-2.071498159712788,1.3137074098222172,-2.071498159712788,1.3137074098222172,-3.385205569535005
2025-08-01 16:00:00,115357.82,115695.52,113221.93,113328.68,-2.5907118730433596,1.8289644215636025,-2.5907118730433596,1.8289644215636025,-4.419676294606962
2025-08-01 20:00:00,113328.67,114094.08,112722.58,113297.93,-2.4886084208884762,2.2775299860381057,-2.4886084208884762,2.2775299860381057,-4.766138406926582
2025-08-02 00:00:00,113297.92,113921.94,113198.63,113909.86,-0.6781489815840639,0.23274599808916102,-0.6781489815840639,0.23274599808916102,-0.9108949796732249
2025-08-02 04:00:00,113909.87,114063.49,113469.43,113982.49,0.0022863134212511116,-0.4683970275074736,0.0022863134212511116,-0.4683970275074736,0.4706833409287247
2025-08-02 08:00:00,113982.49,114040.29,113425.58,113787.12,0.8727302228486241,-1.0869450666913254,0.8727302228486241,-1.0869450666913254,1.9596752895399496
2025-08-02 12:00:00,113787.11,113787.12,112802.31,112840.71,-0.3144597861108133,-0.014786724207941367,-0.3144597861108133,-0.014786724207941367,-0.29967306190287196
2025-08-02 16:00:00,112840.7,113420.0,112003.0,112229.42,-1.4028296974519112,1.453282721263704,-1.4028296974519112,1.453282721263704,-2.8561124187156155
2025-08-02 20:00:00,112229.42,113058.82,112069.86,112546.35,-2.0365703665890487,1.899641212502258,-2.0365703665890487,1.899641212502258,-3.9362115790913066
2025-08-03 00:00:00,112546.35,113740.69,111920.0,113604.2,-2.7396874296899854,2.324307326793187,-2.7396874296899854,2.324307326793187,-5.063994756483172
2025-08-03 04:00:00,113604.2,113720.16,113341.06,113700.0,0.15931939957914362,-0.7262840762429509,0.15931939957914362,-0.7262840762429509,0.8856034758220945
2025-08-03 08:00:00,113700.0,114260.31,113551.0,113862.18,-2.0158763590777498,1.8889211424990697,-2.0158763590777498,1.8889211424990697,-3.9047975015768195
2025-08-03 12:00:00,113862.19,114098.45,113579.69,113959.06,-1.1351716971884458,0.857461701957526,-1.1351716971884458,0.857461701957526,-1.992633399145972
2025-08-03 16:00:00,113959.06,114799.97,113775.55,114313.19,-1.9070086492136846,1.6264248761992817,-1.9070086492136846,1.6264248761992817,-3.533433525412966
2025-08-03 20:00:00,114313.19,114612.24,114066.56,114208.8,-0.8368088169017006,0.6464659720716144,-0.8368088169017006,0.6464659720716144,-1.4832747889733149
2025-08-04 00:00:00,114208.81,115000.0,114107.6,114570.61,-1.0795027900776157,1.3021122308609374,-1.0795027900776157,1.3021122308609374,-2.381615020938553
2025-08-04 04:00:00,114570.61,114778.5,114148.58,114652.97,0.7978810184311036,-0.7699900786351065,0.7978810184311036,-0.7699900786351065,1.56787109706621
2025-08-04 08:00:00,114652.98,114750.0,114217.97,114493.09,1.0803384966861986,-0.6383172680556162,1.0803384966861986,-0.6383172680556162,1.7186557647418148
2025-08-04 12:00:00,114493.09,115466.0,114121.0,114826.0,-0.49119590083210607,0.253430309543847,-0.49119590083210607,0.253430309543847,-0.7446262103759531
2025-08-04 16:00:00,114826.01,115720.0,114732.65,114777.62,-1.08239947887723,1.2220290795408288,-1.08239947887723,1.2220290795408288,-2.304428558418059
2025-08-04 20:00:00,114777.62,115340.0,114616.33,115055.03,0.683653645651937,-1.057208300177559,0.683653645651937,-1.057208300177559,1.7408619458294958
2025-08-05 00:00:00,115055.03,115127.81,114256.85,114256.85,1.8749099015976693,-1.5888822126775728,1.8749099015976693,-1.5888822126775728,3.4637921142752424
2025-08-05 04:00:00,114256.85,114500.66,113725.72,113969.7,0.6512109322629988,-0.22347609986248415,0.6512109322629988,-0.22347609986248415,0.8746870321254829
2025-08-05 08:00:00,113969.7,115096.73,113928.87,114827.07,-0.43212218017542936,-0.019124057287317756,-0.43212218017542936,-0.019124057287317756,-0.4129981228881116
2025-08-05 12:00:00,114827.07,114893.13,112650.0,112934.0,-1.6876181177745244,1.655784304973576,-1.6876181177745244,1.655784304973576,-3.3434024227481007
2025-08-05 16:00:00,112934.0,113763.27,112815.68,113616.52,-1.120857188519274,1.8250494553417855,-1.120857188519274,1.8250494553417855,-2.9459066438610595
2025-08-05 20:00:00,113616.51,114228.88,113304.0,114129.75,0.5037897119684787,-0.21857294248698658,0.5037897119684787,-0.21857294248698658,0.7223626544554652
2025-08-06 00:00:00,114129.75,114139.38,113400.0,113509.97,-0.19742970211737532,0.538909637151659,-0.19742970211737532,0.538909637151659,-0.7363393392690343
2025-08-06 04:00:00,113509.98,114417.02,113355.13,114227.91,0.41284727358917417,-0.12324604571352489,0.41284727358917417,-0.12324604571352489,0.5360933193026991
2025-08-06 08:00:00,114227.9,114404.23,113727.57,114226.69,-0.49569220021809657,0.45965184019978905,-0.49569220021809657,0.45965184019978905,-0.9553440404178857
2025-08-06 12:00:00,114226.68,115515.09,113579.9,115413.87,-0.39022049653561264,-0.5019278518211878,-0.39022049653561264,-0.5019278518211878,0.11170735528557518
2025-08-06 16:00:00,115413.87,115716.0,114942.18,115259.99,0.3468616884508784,-0.8020486701707203,0.3468616884508784,-0.8020486701707203,1.1489103586215987
2025-08-06 20:00:00,115260.0,115260.0,114793.01,114992.27,1.1907190256120528,-1.1055685577580343,1.1907190256120528,-1.1055685577580343,2.296287583370087
2025-08-07 00:00:00,114992.27,115185.58,114404.22,114546.03,0.18265109491707457,-0.5344484467536176,0.18265109491707457,-0.5344484467536176,0.7170995416706921
2025-08-07 04:00:00,114546.03,114876.79,114259.0,114787.99,1.1219112951144423,-0.7947746620018787,1.1219112951144423,-0.7947746620018787,1.916685957116321
2025-08-07 08:00:00,114787.99,116828.93,114787.98,116519.53,-1.308410272482532,0.9235568097716168,-1.308410272482532,0.9235568097716168,-2.231967082254149
2025-08-07 12:00:00,116519.54,116791.11,116035.84,116689.81,-0.22986045726326762,0.11714462845517082,-0.22986045726326762,0.11714462845517082,-0.34700508571843847
2025-08-07 16:00:00,116689.8,117520.0,115632.31,117461.98,-0.43832850831730535,0.11538561012462029,-0.43832850831730535,0.11538561012462029,-0.5537141184419256
2025-08-07 20:00:00,117461.99,117621.0,117012.0,117472.01,0.5287226487233414,-0.4380678385164476,0.5287226487233414,-0.4380678385164476,0.966790487239789
2025-08-08 00:00:00,117472.02,117630.0,116694.28,116737.35,-0.08014325430355967,0.007745585037313701,-0.08014325430355967,0.007745585037313701,-0.08788883934087338
2025-08-08 04:00:00,116737.34,116973.3,116401.0,116817.19,1.1137438151127173,-1.2582122595535117,1.1137438151127173,-1.2582122595535117,2.3719560746662287
2025-08-08 08:00:00,116817.2,116914.6,116317.08,116891.51,0.4235857758462144,-0.7304727696962277,0.4235857758462144,-0.7304727696962277,1.154058545542442
2025-08-08 12:00:00,116891.51,117271.73,115878.71,116207.69,-0.7336373203852432,1.0463906743517912,-0.7336373203852432,1.0463906743517912,-1.7800279947370345
2025-08-08 16:00:00,116207.7,116900.0,116006.14,116453.41,-0.5693908521223198,0.8176248169762931,-0.5693908521223198,0.8176248169762931,-1.3870156690986128
2025-08-08 20:00:00,116453.41,116980.0,116319.06,116674.74,1.2433831279950014,-1.0451840927489238,1.2433831279950014,-1.0451840927489238,2.288567220743925
2025-08-09 00:00:00,116674.74,116750.0,116299.13,116384.01,-0.8145348346042948,0.823454220719079,-0.8145348346042948,0.823454220719079,-1.6379890553233738
2025-08-09 04:00:00,116384.01,116980.0,116339.45,116756.01,0.2997103361130004,0.00031861875276755733,0.2997103361130004,0.00031861875276755733,0.29939171736023285
2025-08-09 08:00:00,116756.0,117944.05,116756.0,117110.0,2.1029894712502695,-1.4876579307765683,2.1029894712502695,-1.4876579307765683,3.5906474020268377
2025-08-09 12:00:00,117110.0,117238.04,116700.01,116892.47,2.001272655884823,-1.1315204513884647,2.001272655884823,-1.1315204513884647,3.1327931072732875
2025-08-09 16:00:00,116892.48,116947.16,116500.0,116535.69,1.3284660272807964,-0.5967363905358879,1.3284660272807964,-0.5967363905358879,1.9252024178166844
2025-08-09 20:00:00,116535.68,117021.16,116359.89,116462.25,1.173535030352201,-0.486640537924284,1.173535030352201,-0.486640537924284,1.660175568276485
2025-08-10 00:00:00,116462.25,118500.0,116460.63,118500.0,-0.7181992286103605,0.6154821694056811,-0.7181992286103605,0.6154821694056811,-1.3336813980160416
2025-08-10 04:00:00,118500.0,118741.77,117466.34,117808.3,-0.9087538315786574,0.7531784642280368,-0.9087538315786574,0.7531784642280368,-1.6619322958066942
2025-08-10 08:00:00,117808.29,118500.0,117608.01,118330.58,0.08728410661009098,-0.21884486802600608,0.08728410661009098,-0.21884486802600608,0.30612897463609706
2025-08-10 12:00:00,118330.58,119113.94,118232.0,118815.0,0.2142686895357568,-0.33923990042807567,0.2142686895357568,-0.33923990042807567,0.5535085899638325
2025-08-10 16:00:00,118815.0,118944.24,118433.8,118663.08,0.4052059562815761,-0.5940256328187571,0.4052059562815761,-0.5940256328187571,0.9992315891003332
2025-08-10 20:00:00,118663.09,119311.11,118074.99,119294.01,0.36536109044595744,-0.3061499613983166,0.36536109044595744,-0.3061499613983166,0.671511051844274
2025-08-11 00:00:00,119294.27,122164.07,118972.59,121728.99,-0.5255638913517376,-0.19792359686749075,-0.5255638913517376,-0.19792359686749075,-0.3276402944842469
2025-08-11 04:00:00,121729.0,122335.16,121466.08,121537.15,-0.5255638913517376,-0.19792359686749075,-0.5255638913517376,-0.19792359686749075,-0.3276402944842469
2025-08-11 08:00:00,121537.14,121823.0,120286.4,120561.54,-0.5255638913517376,-0.19792359686749075,-0.5255638913517376,-0.19792359686749075,-0.3276402944842469
2025-08-11 12:00:00,120561.53,120667.54,119382.91,120314.4,-0.5255638913517376,-0.19792359686749075,-0.5255638913517376,-0.19792359686749075,-0.3276402944842469
2025-08-11 16:00:00,120314.4,120794.05,118604.17,119089.3,0.10235149285044325,0.13493025824183932,0.10235149285044325,0.13493025824183932,-0.03257876539139608
2025-08-11 20:00:00,119089.3,119172.63,118050.11,118686.0,0.8186024184474938,-0.4787377019464534,0.8186024184474938,-0.4787377019464534,1.2973401203939472
2025-08-12 00:00:00,118686.0,119275.46,118593.39,118857.7,1.2794850637566282,-1.0753848229265732,1.2794850637566282,-1.0753848229265732,2.3548698866832014
2025-08-12 04:00:00,118857.7,119158.06,118424.86,118986.72,0.07615098233250067,0.04314689114876331,0.07615098233250067,0.04314689114876331,0.033004091183737365
2025-08-12 08:00:00,118986.73,119058.43,118207.47,118522.22,-0.9504402668436663,1.344913930159571,-0.9504402668436663,1.344913930159571,-2.2953541970032374
2025-08-12 12:00:00,118522.22,119960.0,118285.0,119933.0,-0.4403853261215394,-0.05715964205804505,-0.4403853261215394,-0.05715964205804505,-0.38322568406349433
2025-08-12 16:00:00,119933.0,120192.1,119172.62,119665.27,0.4512571502590347,-0.30456939420274565,0.4512571502590347,-0.30456939420274565,0.7558265444617803
2025-08-12 20:00:00,119665.27,120324.43,119485.84,120134.08,0.2191715691853974,0.16626967661414727,0.2191715691853974,0.16626967661414727,0.052901892571250136
2025-08-13 00:00:00,120134.09,120192.1,119094.28,119482.01,-0.23600699418989618,0.3618266275365618,-0.23600699418989618,0.3618266275365618,-0.5978336217264579
2025-08-13 04:00:00,119482.01,119820.18,118920.92,119580.4,-0.8342181026611324,0.640295374841457,-0.8342181026611324,0.640295374841457,-1.4745134775025894
2025-08-13 08:00:00,119580.4,120732.94,119446.22,120570.41,-1.2015633708495554,1.5735693177848422,-1.2015633708495554,1.5735693177848422,-2.7751326886343977
2025-08-13 12:00:00,120570.41,122200.0,120106.02,120920.62,-0.8396471450048458,1.0521605943829158,-0.8396471450048458,1.0521605943829158,-1.8918077393877617
2025-08-13 16:00:00,120920.61,122839.47,120920.61,122744.21,0.20531196549287745,-0.509397306471203,0.20531196549287745,-0.509397306471203,0.7147092719640804
2025-08-13 20:00:00,122744.22,123667.79,122298.2,123306.43,0.07148726754383179,-0.2999636553855602,0.07148726754383179,-0.2999636553855602,0.37145092292939197
2025-08-14 00:00:00,123306.44,124474.0,123250.5,123337.14,0.8040970696303881,-1.449197462351117,0.8040970696303881,-1.449197462351117,2.253294531981505
2025-08-14 04:00:00,123337.14,123428.6,121313.86,121725.31,0.3571936104442324,-0.6062622820747545,0.3571936104442324,-0.6062622820747545,0.9634558925189869
2025-08-14 08:00:00,121725.31,122045.9,120694.0,120949.67,0.6610645245344635,-0.6169863455199419,0.6610645245344635,-0.6169863455199419,1.2780508700544053
2025-08-14 12:00:00,120949.66,121183.06,117632.0,118257.25,-1.3306884792807945,1.148430732869859,-1.3306884792807945,1.148430732869859,-2.4791192121506533
2025-08-14 16:00:00,118257.26,118535.0,117180.0,117945.92,-0.27640193920571554,0.39924188217139467,-0.27640193920571554,0.39924188217139467,-0.6756438213771102
2025-08-14 20:00:00,117945.92,118516.81,117302.33,118295.09,-0.33827388873556113,0.587669285367572,-0.33827388873556113,0.587669285367572,-0.9259431741031332
2025-08-15 00:00:00,118295.09,119077.71,118032.32,118968.91,0.9271115158641543,-0.6111399464309667,0.9271115158641543,-0.6111399464309667,1.538251462295121
2025-08-15 04:00:00,118968.91,119216.82,118629.58,118956.45,0.39514907387827736,-0.28844081066949634,0.39514907387827736,-0.28844081066949634,0.6835898845477737
2025-08-15 08:00:00,118956.45,119144.5,118600.0,119006.01,-0.05558102308315521,-0.27355288740803047,-0.05558102308315521,-0.27355288740803047,0.21797186432487525
2025-08-15 12:00:00,119006.01,119130.77,116827.29,117275.22,-1.2909034046604053,1.4630145908261358,-1.2909034046604053,1.4630145908261358,-2.753917995486541
2025-08-15 16:00:00,117275.23,117882.35,116803.99,116936.27,-1.741310629059581,1.9437704461442442,-1.741310629059581,1.9437704461442442,-3.685081075203825
2025-08-15 20:00:00,116936.28,117761.88,116862.5,117342.05,-1.1442594701640116,1.8417303876261748,-1.1442594701640116,1.8417303876261748,-2.9859898577901864
2025-08-16 00:00:00,117342.04,117898.99,117231.14,117429.63,-0.46980260401938295,-0.024919470337726908,-0.46980260401938295,-0.024919470337726908,-0.44488313368165605
2025-08-16 04:00:00,117429.63,117884.0,117278.0,117596.07,0.6075992198672966,-0.6439069738831362,0.6075992198672966,-0.6439069738831362,1.2515061937504328
2025-08-16 08:00:00,117596.07,117703.92,117143.98,117378.52,0.15047146287518182,-0.005315338508844815,0.15047146287518182,-0.005315338508844815,0.15578680138402662
2025-08-16 12:00:00,117378.52,117825.0,117327.63,117676.7,0.6610645245344635,-0.45366106864474764,0.6610645245344635,-0.45366106864474764,1.114725593179211
2025-08-16 16:00:00,117676.7,117817.65,117629.94,117672.12,1.2583428900479408,-0.8917246143363765,1.2583428900479408,-0.8917246143363765,2.1500675043843174
2025-08-16 20:00:00,117672.13,117713.51,117219.34,117380.66,0.9830641350852611,-0.9580064644730331,0.9830641350852611,-0.9580064644730331,1.9410705995582942
2025-08-17 00:00:00,117380.66,117771.37,117172.21,117684.95,0.5423550457979356,-1.1092225571886443,0.5423550457979356,-1.1092225571886443,1.6515776029865799
2025-08-17 04:00:00,117684.96,118230.82,117684.95,118005.98,-0.06619994290971855,-0.5085220461424727,-0.06619994290971855,-0.5085220461424727,0.4423221032327541
2025-08-17 08:00:00,118005.98,118484.0,117922.0,118308.01,0.4586593027056971,-1.1051521717764063,0.4586593027056971,-1.1051521717764063,1.5638114744821034
2025-08-17 12:00:00,118308.0,118575.0,118059.12,118246.16,0.5459664351984047,-1.2657666909344722,0.5459664351984047,-1.2657666909344722,1.8117331261328768
2025-08-17 16:00:00,118246.15,118316.01,117321.53,117570.07,0.6038802062793965,-1.0369073591549358,0.6038802062793965,-1.0369073591549358,1.6407875654343322
2025-08-17 20:00:00,117570.07,117995.37,117371.65,117405.01,0.5459664351984047,-0.756722081884963,0.5459664351984047,-0.756722081884963,1.3026885170833677
2025-08-18 00:00:00,117405.01,117543.75,115000.0,115319.0,-1.4147908026366651,1.5612052034324266,-1.4147908026366651,1.5612052034324266,-2.9759960060690918
2025-08-18 04:00:00,115319.0,115712.49,114878.71,115205.98,-1.6820216600280966,1.900279355246889,-1.6820216600280966,1.900279355246889,-3.582301015274986
2025-08-18 08:00:00,115205.99,115402.51,114640.14,114947.27,-1.225814687750713,1.846998944944731,-1.225814687750713,1.846998944944731,-3.072813632695444
2025-08-18 12:00:00,114947.27,116186.97,114825.0,116145.34,-0.5645836384170462,0.5919521126071695,-0.5645836384170462,0.5919521126071695,-1.1565357510242156
2025-08-18 16:00:00,116145.34,116800.0,115818.86,116313.99,-0.47366511652385157,0.8016831822511172,-0.47366511652385157,0.8016831822511172,-1.275348298774969
2025-08-18 20:00:00,116314.0,116980.0,115980.32,116227.05,0.9744542000907663,-0.6921397663671963,0.9744542000907663,-0.6921397663671963,1.6665939664579628
2025-08-19 00:00:00,116227.05,116725.69,114787.23,114810.0,1.2342470303063977,-0.6670121470269301,1.2342470303063977,-0.6670121470269301,1.9012591773333278
2025-08-19 04:00:00,114810.01,115483.24,114366.0,114978.14,2.3891502273865215,-1.576322651843985,2.3891502273865215,-1.576322651843985,3.9654728792305063
2025-08-19 08:00:00,114978.15,115650.0,114804.0,115508.71,0.4222942855970248,-0.007915626475744866,0.4222942855970248,-0.007915626475744866,0.43020991207276965
2025-08-19 12:00:00,115508.71,115875.84,113587.68,113786.38,-1.1116015084001936,1.1438079987064844,-1.1116015084001936,1.1438079987064844,-2.2554095071066778
2025-08-19 16:00:00,113786.39,113897.58,112767.06,113132.48,-1.6820216600280966,1.900279355246889,-1.6820216600280966,1.900279355246889,-3.582301015274986
2025-08-19 20:00:00,113132.49,113589.48,112732.58,112872.94,-1.652819630505115,2.1477485911032566,-1.652819630505115,2.1477485911032566,-3.800568221608372
2025-08-20 00:00:00,112872.95,113636.13,112566.01,113525.91,0.5871625824984422,-0.09866227745130093,0.5871625824984422,-0.09866227745130093,0.6858248599497432
2025-08-20 04:00:00,113525.9,113837.93,113432.0,113490.13,1.2713773749701325,-1.2069033094092663,1.2713773749701325,-1.2069033094092663,2.4782806843793987
2025-08-20 08:00:00,113490.14,114016.77,113060.08,113666.68,-0.4115420438900064,0.33650356171512286,-0.4115420438900064,0.33650356171512286,-0.7480456056051292
2025-08-20 12:00:00,113666.69,114326.35,112380.0,113353.94,-0.31668926003406783,-0.24839977504848287,-0.31668926003406783,-0.24839977504848287,-0.06828948498558496
2025-08-20 16:00:00,113353.94,114444.0,113264.01,114276.66,0.20683066235995676,-0.6039679103392565,0.20683066235995676,-0.6039679103392565,0.8107985726992132
2025-08-20 20:00:00,114276.66,114615.38,114000.0,114271.24,1.1907190256120528,-1.6146131668075427,1.1907190256120528,-1.6146131668075427,2.8053321924195957
2025-08-21 00:00:00,114271.23,114821.76,113906.01,113954.62,0.3272501698523161,-0.3312860784116765,0.3272501698523161,-0.3312860784116765,0.6585362482639926
2025-08-21 04:00:00,113954.62,114033.84,113582.43,113896.03,0.6038802062793965,-1.0369073591549358,0.6038802062793965,-1.0369073591549358,1.6407875654343322
2025-08-21 08:00:00,113896.03,113990.0,113000.0,113148.66,0.9073206236198678,-0.5504920535559272,0.9073206236198678,-0.5504920535559272,1.457812677175795
2025-08-21 12:00:00,113148.65,113995.11,112608.64,112792.08,-1.1537662733871097,1.4960025577787686,-1.1537662733871097,1.4960025577787686,-2.6497688311658782
2025-08-21 16:00:00,112792.08,112969.47,112015.67,112193.71,-1.8228658466462824,1.9490390034628005,-1.8228658466462824,1.9490390034628005,-3.771904850109083
2025-08-21 20:00:00,112193.71,112870.94,112067.46,112500.0,0.9239545396995008,-0.35382190745814124,0.9239545396995008,-0.35382190745814124,1.277776447157642
2025-08-22 00:00:00,112500.0,113525.0,112335.6,112929.24,-0.569570225768008,0.7693325407805731,-0.569570225768008,0.7693325407805731,-1.338902766548581
2025-08-22 04:00:00,112929.24,113394.76,112708.81,113094.83,0.12740401203578292,-0.2499888399171404,0.12740401203578292,-0.2499888399171404,0.3773928519529233
2025-08-22 08:00:00,113094.83,113319.3,112177.27,112320.0,0.314849471811628,0.03305165551256664,0.314849471811628,0.03305165551256664,0.2817978162990613
2025-08-22 12:00:00,112320.01,117296.12,111684.79,116370.75,-0.3270211820274579,-0.4441861631444487,-0.3270211820274579,-0.4441861631444487,0.11716498111699081
2025-08-22 16:00:00,116370.75,117429.05,116116.0,116655.79,-0.18256560600882105,-0.649489945106189,-0.18256560600882105,-0.649489945106189,0.4669243390973679
2025-08-22 20:00:00,116655.79,117174.43,116550.96,116935.99,0.8815625680946768,-1.5042453886569185,0.8815625680946768,-1.5042453886569185,2.385807956751595
2025-08-23 00:00:00,116936.0,117030.0,115458.2,115568.77,0.17004710674462453,-0.06072016708461435,0.17004710674462453,-0.06072016708461435,0.2307672738292389
2025-08-23 04:00:00,115568.77,116034.53,115551.2,115799.47,0.16549101614338663,-0.05479728893778606,0.16549101614338663,-0.05479728893778606,0.2202883050811727
2025-08-23 08:00:00,115799.46,115861.8,115223.43,115310.13,2.252120720300639,-2.2081671347812892,2.252120720300639,-2.2081671347812892,4.460287855081928
2025-08-23 12:00:00,115310.13,115486.97,114560.0,114812.87,2.0376376729935135,-1.2218422187092974,2.0376376729935135,-1.2218422187092974,3.259479891702811
2025-08-23 16:00:00,114812.88,115190.74,114684.11,115133.91,3.289019974984086,-3.105691367016353,3.289019974984086,-3.105691367016353,6.39471134200044
2025-08-23 20:00:00,115133.92,115454.12,115001.88,115438.05,2.693391847011211,-2.6931803243197145,2.693391847011211,-2.6931803243197145,5.386572171330926
2025-08-24 00:00:00,115438.06,115666.68,114934.21,115036.0,-0.42558102122825064,0.35179087561202343,-0.42558102122825064,0.35179087561202343,-0.7773718968402741
2025-08-24 04:00:00,115036.01,115283.21,114846.14,114888.19,0.649740068368085,-0.8911807632583326,0.649740068368085,-0.8911807632583326,1.5409208316264176
2025-08-24 08:00:00,114888.19,115060.99,114600.0,114730.22,0.08728410661009098,-0.3821701449012011,0.08728410661009098,-0.3821701449012011,0.46945425151129205
2025-08-24 12:00:00,114730.22,114869.41,114350.57,114400.0,-0.21371682914864182,0.3206554013939853,-0.21371682914864182,0.3206554013939853,-0.5343722305426271
2025-08-24 16:00:00,114400.01,114917.1,110680.0,112600.0,-1.2933428862421796,1.1245267784551911,-1.2933428862421796,1.1245267784551911,-2.4178696646973705
2025-08-24 20:00:00,112600.0,113692.97,111632.85,113493.59,-0.954912649743547,0.619603540856485,-0.954912649743547,0.619603540856485,-1.5745161906000318
2025-08-25 00:00:00,113493.59,113667.28,112159.0,112916.84,-1.2984729725097461,1.948614119808082,-1.2984729725097461,1.948614119808082,-3.247087092317828
2025-08-25 04:00:00,112916.84,113059.52,111284.05,111511.55,-1.8228658466462824,1.9490390034628005,-1.8228658466462824,1.9490390034628005,-3.771904850109083
2025-08-25 08:00:00,111511.56,111850.13,110929.48,111214.97,-1.3731163256147563,1.6491901106522906,-1.3731163256147563,1.6491901106522906,-3.022306436267047
2025-08-25 12:00:00,111214.97,112580.0,110588.0,112200.64,-0.8396471450048458,0.8888353175077215,-0.8396471450048458,0.8888353175077215,-1.7284824625125674
2025-08-25 16:00:00,112200.65,112937.26,110655.01,110716.13,0.024240249261550717,0.3893505906894622,0.024240249261550717,0.3893505906894622,-0.3651103414279115
2025-08-25 20:00:00,110716.13,111092.54,109274.1,110111.98,-1.741310629059581,1.9437704461442442,-1.741310629059581,1.9437704461442442,-3.685081075203825
2025-08-26 00:00:00,110111.98,110111.98,108666.66,109879.56,0.05520014051256528,0.22403685831016779,0.05520014051256528,0.22403685831016779,-0.1688367177976025
2025-08-26 04:00:00,109879.57,110547.31,109765.93,110303.2,0.5610338214387569,-0.5049785164620894,0.5610338214387569,-0.5049785164620894,1.0660123379008462
2025-08-26 08:00:00,110303.2,110455.13,109570.34,109876.52,1.2794850637566282,-0.9120595460513782,1.2794850637566282,-0.9120595460513782,2.1915446098080062
2025-08-26 12:00:00,109876.53,110818.6,109393.93,109666.33,-0.6169607429668577,0.18230478574335904,-0.6169607429668577,0.18230478574335904,-0.7992655287102167
2025-08-26 16:00:00,109666.34,111162.59,109450.0,111116.03,0.6425651225393484,-0.6503057217232522,0.6425651225393484,-0.6503057217232522,1.2928708442626005
2025-08-26 20:00:00,111116.03,112371.0,110918.26,111763.22,-0.08014325430355967,-0.5012990240121955,-0.08014325430355967,-0.5012990240121955,0.42115576970863583
2025-08-27 00:00:00,111763.22,111825.16,110918.26,111418.15,0.5459664351984047,-1.2657666909344722,0.5459664351984047,-1.2657666909344722,1.8117331261328768
2025-08-27 04:00:00,111418.15,111737.26,110622.5,110725.18,0.9775274685540807,-1.0633946061903155,0.9775274685540807,-1.0633946061903155,2.040922074744396
2025-08-27 08:00:00,110725.19,111374.45,110345.42,111322.07,-0.7685793065712032,1.1998501527643344,-0.7685793065712032,1.1998501527643344,-1.9684294593355376
2025-08-27 12:00:00,111322.07,112625.0,111019.02,112000.0,-0.14441881068602402,0.4567031476360156,-0.14441881068602402,0.4567031476360156,-0.6011219583220396
2025-08-27 16:00:00,111999.99,112600.0,111541.23,112080.69,-1.1096762312695,1.2550425395127436,-1.1096762312695,1.2550425395127436,-2.3647187707822437
2025-08-27 20:00:00,112080.68,112452.05,110921.79,111262.01,-0.9497227722608053,1.5049845982395937,-0.9497227722608053,1.5049845982395937,-2.454707370500399
2025-08-28 00:00:00,111262.01,112042.04,110862.42,112000.01,0.25773690301485436,0.06596314340734051,0.25773690301485436,0.06596314340734051,0.19177375960751386
2025-08-28 04:00:00,112000.0,113360.0,111945.07,113114.11,0.3468616884508784,-0.8020486701707203,0.3468616884508784,-0.8020486701707203,1.1489103586215987
2025-08-28 08:00:00,113114.11,113351.51,112826.22,112909.18,0.9590280665589835,-1.55929331496272,0.9590280665589835,-1.55929331496272,2.5183213815217034
2025-08-28 12:00:00,112909.18,113485.9,112391.56,112678.53,-0.01849851139162188,-0.7553284634974752,-0.01849851139162188,-0.7553284634974752,0.7368299521058533
2025-08-28 16:00:00,112678.53,113186.56,111901.35,111901.36,1.545304848468393,-1.5648847838588633,1.545304848468393,-1.5648847838588633,3.1101896323272564
2025-08-28 20:00:00,111901.36,112575.98,111872.06,112566.9,1.4582129643505295,-1.3064025636720988,1.4582129643505295,-1.3064025636720988,2.7646155280226283
2025-08-29 00:00:00,112566.9,112638.64,111302.27,111704.23,-0.1808555772529716,0.14461760556950592,-0.1808555772529716,0.14461760556950592,-0.3254731828224775
2025-08-29 04:00:00,111704.24,111850.56,109899.99,110019.38,-1.9605530570997787,1.7404806127058872,-1.9605530570997787,1.7404806127058872,-3.701033669805666
2025-08-29 08:00:00,110019.38,110270.3,109414.18,110098.81,-0.5152319693583475,-0.002137208771524933,-0.5152319693583475,-0.002137208771524933,-0.5130947605868226
2025-08-29 12:00:00,110098.81,111517.07,108103.0,108386.23,-1.4424382605634298,1.4621818188628826,-1.4424382605634298,1.4621818188628826,-2.904620079426312
2025-08-29 16:00:00,108386.23,108832.0,107934.24,108212.01,-1.352548147572343,1.717044030311414,-1.352548147572343,1.717044030311414,-3.069592177883757
2025-08-29 20:00:00,108212.01,108549.99,107463.9,108377.4,-0.693852245764836,1.3609745323080664,-0.693852245764836,1.3609745323080664,-2.0548267780729024
2025-08-30 00:00:00,108377.4,108436.21,107350.1,108436.2,0.13675535809926653,0.2187683009916124,0.13675535809926653,0.2187683009916124,-0.08201294289234587
2025-08-30 04:00:00,108436.21,108697.28,108120.0,108524.26,0.26620333909279853,-0.5019618425135655,0.26620333909279853,-0.5019618425135655,0.7681651816063639
2025-08-30 08:00:00,108524.26,108777.43,108400.0,108680.01,0.24587432591130304,-0.4808026365083986,0.24587432591130304,-0.4808026365083986,0.7266769624197016
2025-08-30 12:00:00,108680.01,108926.15,108190.52,108869.98,-0.041948626008561085,0.12358586466075988,-0.041948626008561085,0.12358586466075988,-0.16553449066932097
2025-08-30 16:00:00,108869.98,108900.0,108625.46,108828.33,0.7263804480620637,-0.5690254785749062,0.7263804480620637,-0.5690254785749062,1.29540592663697
2025-08-30 20:00:00,108828.32,108838.27,108468.77,108816.33,1.6899039234035986,-1.707441747691237,1.6899039234035986,-1.707441747691237,3.3973456710948353
2025-08-31 00:00:00,108816.33,109480.02,108801.35,109223.84,-0.26151392661105144,-0.09976697495357695,-0.26151392661105144,-0.09976697495357695,-0.1617469516574745
2025-08-31 04:00:00,109223.84,109231.41,108523.49,108708.26,0.6772559856212909,-1.1417346544479827,0.6772559856212909,-1.1417346544479827,1.8189906400692735
2025-08-31 08:00:00,108708.25,109100.0,108303.21,108389.76,-0.8145348346042948,0.823454220719079,-0.8145348346042948,0.823454220719079,-1.6379890553233738
2025-08-31 12:00:00,108389.77,108858.43,108191.29,108818.69,-0.8480657481105704,0.7605714398202021,-0.8480657481105704,0.7605714398202021,-1.6086371879307726
2025-08-31 16:00:00,108818.69,109237.51,108555.0,108930.0,0.9655692255061623,-1.0449121672099009,0.9655692255061623,-1.0449121672099009,2.010481392716063
2025-08-31 20:00:00,108930.0,109230.0,108076.93,108246.35,0.05671883737964458,0.2164824269292121,0.05671883737964458,0.2164824269292121,-0.15976358954956751
2025-09-01 00:00:00,108246.36,108482.98,107393.0,107660.01,-0.693852245764836,1.5242998091832598,-0.693852245764836,1.5242998091832598,-2.2181520549480958
2025-09-01 04:00:00,107660.0,109432.99,107255.0,109432.99,-1.0081387895497602,1.001896858029284,-1.0081387895497602,1.001896858029284,-2.010035647579044
2025-09-01 08:00:00,109432.99,109912.4,108186.41,108782.88,-0.47862778738873957,0.9632749338150447,-0.47862778738873957,0.9632749338150447,-1.4419027212037843
2025-09-01 12:00:00,108782.89,109520.0,108566.0,108784.33,-0.054157992160479014,0.19857782971921908,-0.054157992160479014,0.19857782971921908,-0.2527358218796981
2025-09-01 16:00:00,108784.33,109329.65,108391.3,109217.64,1.2595985055679566,-1.258586157169669,1.2595985055679566,-1.258586157169669,2.5181846627376254
2025-09-01 20:00:00,109217.65,109442.95,107459.49,109237.42,-0.43832850831730535,0.46110494229893606,-0.43832850831730535,0.46110494229893606,-0.8994334506162414
2025-09-02 00:00:00,109237.43,110623.97,108883.8,110322.18,1.4165504455716664,-1.8844142875561092,1.4165504455716664,-1.8844142875561092,3.300964733127776
2025-09-02 04:00:00,110322.19,110610.5,110000.0,110233.92,2.02871682367979,-2.1596539190851143,2.02871682367979,-2.1596539190851143,4.188370742764905
2025-09-02 08:00:00,110233.91,110711.1,109563.87,109733.34,-0.08492655152272342,0.4328671746061037,-0.08492655152272342,0.4328671746061037,-0.5177937261288271
2025-09-02 12:00:00,109733.33,111771.52,108393.39,110829.17,-1.308410272482532,0.9235568097716168,-1.308410272482532,0.9235568097716168,-2.231967082254149
2025-09-02 16:00:00,110829.16,111119.58,110200.0,110806.0,-0.43832850831730535,0.11538561012462029,-0.43832850831730535,0.11538561012462029,-0.5537141184419256
2025-09-02 20:00:00,110806.01,111538.17,110716.77,111240.01,0.10235149285044325,-0.37411435080766986,0.10235149285044325,-0.37411435080766986,0.4764658436581131
2025-09-03 00:00:00,111240.01,111782.21,110892.14,111054.01,1.0204456028529776,-0.8049293813497354,1.0204456028529776,-0.8049293813497354,1.825374984202713
2025-09-03 04:00:00,111054.0,111151.99,110528.71,111099.88,1.2794850637566282,-1.0753848229265732,1.2794850637566282,-1.0753848229265732,2.3548698866832014
2025-09-03 08:00:00,111099.87,111708.0,110889.29,111437.77,0.46459059125746377,-0.906238639981686,0.46459059125746377,-0.906238639981686,1.3708292312391497
2025-09-03 12:00:00,111437.77,112500.0,111031.61,112222.74,0.48068638639992406,-0.5024377122068547,0.48068638639992406,-0.5024377122068547,0.9831240986067789
2025-09-03 16:00:00,112222.73,112575.27,111686.24,112193.74,-0.01251938986767171,0.058264251583776475,-0.01251938986767171,0.058264251583776475,-0.07078364145144818
2025-09-03 20:00:00,112193.74,112250.0,111613.98,111705.71,0.10645317021586556,-0.048339057386009375,0.10645317021586556,-0.048339057386009375,0.15479222760187494
2025-09-04 00:00:00,111705.72,112180.0,111136.0,111148.97,-0.525324726490802,0.6706235701155241,-0.525324726490802,0.6706235701155241,-1.1959482966063262
2025-09-04 04:00:00,111148.97,111318.84,110279.68,110463.36,-1.6496626543404795,1.8904305521304303,-1.6496626543404795,1.8904305521304303,-3.54009320647091
2025-09-04 08:00:00,110463.36,111154.93,110415.72,110810.0,0.5436226195610153,-0.3500829312965859,0.5436226195610153,-0.3500829312965859,0.8937055508576013
2025-09-04 12:00:00,110810.0,111123.99,109329.12,109510.31,-1.8228658466462824,1.9490390034628005,-1.8228658466462824,1.9490390034628005,-3.771904850109083
2025-09-04 16:00:00,109510.32,110218.39,109363.26,109799.99,-1.1442594701640116,1.8417303876261748,-1.1442594701640116,1.8417303876261748,-2.9859898577901864
2025-09-04 20:00:00,109800.0,111765.31,109755.59,110730.87,-0.9857888332932404,1.3201772037816464,-0.9857888332932404,1.3201772037816464,-2.305966037074887
2025-09-05 00:00:00,110730.87,111482.09,110435.75,111311.77,1.3251655521995924,-1.611579497512828,1.3251655521995924,-1.611579497512828,2.93674504971242
2025-09-05 04:00:00,111311.78,112999.0,111144.51,112954.32,-0.250189470444691,-0.7000086116526509,-0.250189470444691,-0.7000086116526509,0.44981914120795996
2025-09-05 08:00:00,112954.32,112985.0,112131.02,112354.0,0.8040970696303881,-1.449197462351117,0.8040970696303881,-1.449197462351117,2.253294531981505
2025-09-05 12:00:00,112354.0,113384.62,110286.91,110716.82,0.40838684893233934,-0.5382469066268359,0.40838684893233934,-0.5382469066268359,0.9466337555591753
2025-09-05 16:00:00,110716.82,111627.51,110206.96,111614.54,0.21556017978494635,0.15948853348478104,0.21556017978494635,0.15948853348478104,0.05607164630016531
2025-09-05 20:00:00,111614.54,111700.0,110375.6,110659.99,-1.07432766481989,1.2797792658906673,-1.07432766481989,1.2797792658906673,-2.3541069307105573
2025-09-06 00:00:00,110660.0,111307.7,110552.56,111082.22,0.3494685854353132,-0.46047620246649235,0.3494685854353132,-0.46047620246649235,0.8099447879018056
2025-09-06 04:00:00,111082.23,111082.23,110687.69,110825.6,1.0659706341363633,-1.0609387786660198,1.0659706341363633,-1.0609387786660198,2.126909412802383
2025-09-06 08:00:00,110825.59,110968.0,110675.58,110781.02,2.742181478646645,-2.105447262415665,2.742181478646645,-2.105447262415665,4.8476287410623105
2025-09-06 12:00:00,110781.03,110999.83,110358.11,110384.15,0.6469418394948621,0.11397499639094474,0.6469418394948621,0.11397499639094474,0.5329668431039173
2025-09-06 16:00:00,110384.16,110402.0,109977.0,110038.41,0.6512109322629988,-0.060150822987289125,0.6512109322629988,-0.060150822987289125,0.7113617552502879
2025-09-06 20:00:00,110038.42,110282.82,110034.44,110187.97,1.8604284692666733,-1.0827608031725517,1.8604284692666733,-1.0827608031725517,2.9431892724392252
2025-09-07 00:00:00,110187.98,110733.12,110180.0,110629.15,0.3996453732643039,-0.560289870633823,0.3996453732643039,-0.560289870633823,0.9599352438981268
2025-09-07 04:00:00,110629.15,110911.42,110463.1,110753.42,0.48726342007625845,-0.6590498273374348,0.48726342007625845,-0.6590498273374348,1.1463132474136932
2025-09-07 08:00:00,110753.41,111377.19,110720.01,111292.13,-0.19147449707949887,0.09571349691098693,-0.19147449707949887,0.09571349691098693,-0.2871879939904858
2025-09-07 12:00:00,111292.12,111412.0,111042.6,111329.99,0.31331881670152084,-0.7845434635961676,0.31331881670152084,-0.7845434635961676,1.0978622802976883
2025-09-07 16:00:00,111329.99,111371.35,110861.2,111259.99,0.06508960751318564,-0.38449000965598307,0.06508960751318564,-0.38449000965598307,0.4495796171691687
2025-09-07 20:00:00,111259.99,111600.0,111001.45,111137.34,-0.4932048856641206,0.30127220906556146,-0.4932048856641206,0.30127220906556146,-0.794477094729682
2025-09-08 00:00:00,111137.35,111372.0,110621.78,111052.11,-0.955534478382041,0.6266481118517809,-0.955534478382041,0.6266481118517809,-1.5821825902338218
2025-09-08 04:00:00,111052.11,111609.04,110899.69,111280.39,-0.5255638913517376,0.31112101218201843,-0.5255638913517376,0.31112101218201843,-0.836684903533756
2025-09-08 08:00:00,111280.4,112186.98,111252.9,112052.43,-0.6826712885150621,0.9542928933542186,-0.6826712885150621,0.9542928933542186,-1.6369641818692808
2025-09-08 12:00:00,112052.43,112924.37,111877.64,112631.75,-0.09400285799604358,-0.5045961211728431,-0.09400285799604358,-0.5045961211728431,0.41059326317679956
2025-09-08 16:00:00,112631.74,112670.06,111978.67,112097.31,0.46493738030583037,-0.6317722967042725,0.46493738030583037,-0.6317722967042725,1.0967096770101028
2025-09-08 20:00:00,112097.31,112512.71,111896.0,112065.23,0.751277510087807,-0.4976450245815871,0.751277510087807,-0.4976450245815871,1.248922534669394
2025-09-09 00:00:00,112065.23,112104.41,111111.0,111708.0,0.2403137428940669,-0.017390531976048652,0.2403137428940669,-0.017390531976048652,0.25770427487011555
2025-09-09 04:00:00,111708.01,113293.29,111624.12,112991.11,0.18137156291100304,-1.0066811359580032,0.18137156291100304,-1.0066811359580032,1.1880526988690063
2025-09-09 08:00:00,112991.11,113176.51,112403.91,112433.59,1.2686748120413487,-1.3683081121651142,1.2686748120413487,-1.3683081121651142,2.636982924206463
2025-09-09 12:00:00,112433.59,112950.0,110766.66,110880.76,-1.4122436968674779,1.1536992901884144,-1.4122436968674779,1.1536992901884144,-2.5659429870558923
2025-09-09 16:00:00,110880.76,111388.04,110788.0,111301.53,-1.3774452095980683,1.6456635763180958,-1.3774452095980683,1.6456635763180958,-3.023108785916164
2025-09-09 20:00:00,111301.53,111745.69,111090.07,111546.39,0.6532797083102607,-0.4718715820861418,0.6532797083102607,-0.4718715820861418,1.1251512903964025
2025-09-10 00:00:00,111546.38,111586.26,110917.45,111545.88,-0.3743040750388586,0.6685926262459508,-0.3743040750388586,0.6685926262459508,-1.0428967012848094
2025-09-10 04:00:00,111545.88,112602.35,111372.42,112553.65,-0.1843473842229458,0.4557004222108733,-0.1843473842229458,0.4557004222108733,-0.6400478064338191
2025-09-10 08:00:00,112553.65,112859.8,112097.2,112299.99,-1.225814687750713,1.846998944944731,-1.225814687750713,1.846998944944731,-3.072813632695444
2025-09-10 12:00:00,112300.0,114313.13,112299.99,113853.99,-0.715759747028586,0.44492537272711674,-0.715759747028586,0.44492537272711674,-1.1606851197557027
2025-09-10 16:00:00,113853.99,114074.46,113155.03,113574.52,-0.4104658020156968,1.0227501478030505,-0.4104658020156968,1.0227501478030505,-1.4332159498187473
2025-09-10 20:00:00,113574.53,114025.78,113528.01,113960.0,0.29246364082597054,-0.30934508648182407,0.29246364082597054,-0.30934508648182407,0.6018087273077946
2025-09-11 00:00:00,113960.0,114434.23,113669.82,114400.01,-0.5065144101764218,0.0716990727460922,-0.5065144101764218,0.0716990727460922,-0.5782134829225141
2025-09-11 04:00:00,114400.01,114459.65,113957.2,114083.58,1.4776809840325233,-1.4520781735301318,1.4776809840325233,-1.4520781735301318,2.929759157562655
2025-09-11 08:00:00,114083.58,114200.0,113776.0,113999.99,-0.3806060691251197,0.517266063780113,-0.3806060691251197,0.517266063780113,-0.8978721329052326
2025-09-11 12:00:00,113999.99,114715.02,113430.0,114180.31,-0.4616949152329234,0.26992429302016047,-0.4616949152329234,0.26992429302016047,-0.7316192082530839
2025-09-11 16:00:00,114180.32,114605.54,114102.0,114419.99,1.7753455699808423,-1.5312085053855882,1.7753455699808423,-1.5312085053855882,3.3065540753664306
2025-09-11 20:00:00,114420.0,115488.09,114246.04,115482.69,0.3468616884508784,-0.2930040611212112,0.3468616884508784,-0.2930040611212112,0.6398657495720896
2025-09-12 00:00:00,115482.69,116331.81,115045.45,115194.14,-0.585295315376028,-0.16017693298197536,-0.585295315376028,-0.16017693298197536,-0.42511838239405264
2025-09-12 04:00:00,115194.14,115656.87,115086.7,115086.7,-0.17136073227295545,-0.04806713184698748,-0.17136073227295545,-0.04806713184698748,-0.12329360042596797
2025-09-12 08:00:00,115086.7,115273.12,114888.01,114913.45,-0.6596875453770205,0.2031665731902145,-0.6596875453770205,0.2031665731902145,-0.8628541185672349
2025-09-12 12:00:00,114913.45,115500.95,114740.99,115121.18,-0.6023956029345046,0.5669434606902215,-0.6023956029345046,0.5669434606902215,-1.169339063624726
2025-09-12 16:00:00,115121.18,116665.63,115030.3,116632.51,-0.6700194673703744,0.007380185094248697,-0.6700194673703744,0.007380185094248697,-0.6773996524646231
2025-09-12 20:00:00,116632.51,116632.51,115752.68,116029.42,0.30317822659688287,-0.35528350723038205,0.30317822659688287,-0.35528350723038205,0.6584617338272649
2025-09-13 00:00:00,116029.41,116298.78,115576.26,115957.0,0.4385216214130078,-0.659287762184079,0.4385216214130078,-0.659287762184079,1.0978093835970868
2025-09-13 04:00:00,115957.0,115957.01,115657.81,115778.71,1.294492658781715,-1.0767019622562095,1.294492658781715,-1.0767019622562095,2.371194621037924
2025-09-13 08:00:00,115778.72,116166.71,115767.33,115974.11,-0.7185340594157352,0.9239222097146802,-0.7185340594157352,0.9239222097146802,-1.6424562691304154
2025-09-13 12:00:00,115974.11,116060.0,115603.98,115768.68,1.116446378041537,-1.0968074567976633,1.116446378041537,-1.0968074567976633,2.2132538348392004
2025-09-13 16:00:00,115768.68,115817.37,115127.27,115797.12,-1.0197980765214956,1.2983806722944031,-1.0197980765214956,1.2983806722944031,-2.3181787488158987
2025-09-13 20:00:00,115797.12,115991.29,115797.11,115918.29,0.8933773122260266,-0.7437801257621267,0.8933773122260266,-0.7437801257621267,1.6371574379881533
2025-09-14 00:00:00,115918.29,116109.0,115651.99,115679.98,-0.1753189107218272,0.36921960312872715,-0.1753189107218272,0.36921960312872715,-0.5445385138505543
2025-09-14 04:00:00,115679.99,115936.0,115449.59,115805.39,-0.7654223304065497,0.9425321137915081,-0.7654223304065497,0.9425321137915081,-1.7079544441980579
2025-09-14 08:00:00,115805.39,116165.19,115748.78,115794.91,0.5459664351984047,-1.2657666909344722,0.5459664351984047,-1.2657666909344722,1.8117331261328768
2025-09-14 12:00:00,115794.92,115878.49,115141.8,115224.01,0.43298495488182737,-0.255631294851853,0.43298495488182737,-0.255631294851853,0.6886162497336803
2025-09-14 16:00:00,115224.01,115657.5,115193.9,115634.99,0.4844771494460994,-0.467826689693187,0.4844771494460994,-0.467826689693187,0.9523038391392864
2025-09-14 20:00:00,115634.99,116087.35,115135.0,115268.01,0.28321991894995396,-0.6680318677982616,0.28321991894995396,-0.6680318677982616,0.9512517867482155
2025-09-15 00:00:00,115268.01,115594.9,114825.0,115445.45,-0.791252135389998,0.983431414395066,-0.791252135389998,0.983431414395066,-1.774683549785064
2025-09-15 04:00:00,115445.46,116757.99,115400.0,115806.62,-0.7442801566978442,0.227512406605795,-0.7442801566978442,0.227512406605795,-0.9717925633036392
2025-09-15 08:00:00,115806.62,115806.62,114625.87,115070.0,-1.8228658466462824,1.9490390034628005,-1.8228658466462824,1.9490390034628005,-3.771904850109083
2025-09-15 12:00:00,115070.01,115099.0,114384.0,114842.9,-1.8228658466462824,1.9490390034628005,-1.8228658466462824,1.9490390034628005,-3.771904850109083
2025-09-15 16:00:00,114842.9,115570.0,114600.0,115307.78,0.31178816159139566,0.40342273733385764,0.31178816159139566,0.40342273733385764,-0.09163457574246198
2025-09-15 20:00:00,115307.78,115605.07,115200.07,115349.71,0.5573148078508569,-0.24908808656913103,0.5573148078508569,-0.24908808656913103,0.8064028944199879
2025-09-16 00:00:00,115349.71,115520.0,114945.01,115307.25,2.1422842579056693,-1.4195235879053227,2.1422842579056693,-1.4195235879053227,3.561807845810992
2025-09-16 04:00:00,115307.26,116009.62,114930.0,115840.0,1.814676231365398,-1.5844804180146492,1.814676231365398,-1.5844804180146492,3.399156649380047
2025-09-16 08:00:00,115839.99,115981.17,115206.15,115287.83,-0.6136483096426077,1.0897543001527321,-0.6136483096426077,1.0897543001527321,-1.7034026097953399
2025-09-16 12:00:00,115287.84,115905.89,114737.11,115905.88,-0.8538415795026866,1.17507093802094,-0.8538415795026866,1.17507093802094,-2.0289125175236267
2025-09-16 16:00:00,115905.88,116870.76,115608.28,116800.12,-1.2900543694040216,0.8605465637763215,-1.2900543694040216,0.8605465637763215,-2.150600933180343
2025-09-16 20:00:00,116800.13,116964.27,116584.45,116788.96,0.751277510087807,-1.0066896336310962,0.751277510087807,-1.0066896336310962,1.7579671437189033
2025-09-17 00:00:00,116788.96,117077.16,116371.81,116372.04,0.6633365907135595,-0.7774564042354026,0.6633365907135595,-0.7774564042354026,1.4407929949489622
2025-09-17 04:00:00,116372.05,117286.73,116160.22,117162.48,0.5649202504293354,-0.9583463713968103,0.5649202504293354,-0.9583463713968103,1.5232666218261457
2025-09-17 08:00:00,117162.48,117189.86,116253.27,116258.13,2.052776808692141,-1.8607482679880838,2.052776808692141,-1.8607482679880838,3.9135250766802248
2025-09-17 12:00:00,116258.12,116516.93,115432.0,115875.32,-0.6743483513537587,1.0028995834544336,-0.6743483513537587,1.0028995834544336,-1.6772479348081923
2025-09-17 16:00:00,115875.33,116333.33,114720.81,115652.02,-1.0155289837533588,1.1242548529161691,-1.0155289837533588,1.1242548529161691,-2.139783836669528
2025-09-17 20:00:00,115652.02,116990.68,115307.33,116447.59,0.43624955523391185,-0.3032522548731092,0.43624955523391185,-0.3032522548731092,0.739501810107021
2025-09-18 00:00:00,116447.6,117896.0,116092.76,117581.66,-1.2090253145114473,0.7355967785956309,-1.2090253145114473,0.7355967785956309,-1.9446220931070783
2025-09-18 04:00:00,117581.67,117750.0,116888.02,117086.01,0.6227263973228963,-0.7019460811181842,0.6227263973228963,-0.7019460811181842,1.3246724784410806
2025-09-18 08:00:00,117086.01,117413.04,117010.59,117063.4,0.07148726754383179,-0.2999636553855602,0.07148726754383179,-0.2999636553855602,0.37145092292939197
2025-09-18 12:00:00,117063.41,117843.83,116977.59,117583.56,-0.5255638913517376,-0.19792359686749075,-0.5255638913517376,-0.19792359686749075,-0.3276402944842469
2025-09-18 16:00:00,117583.56,117900.0,117196.33,117450.21,-0.5255638913517376,-0.19792359686749075,-0.5255638913517376,-0.19792359686749075,-0.3276402944842469
2025-09-18 20:00:00,117450.21,117657.17,116612.03,117073.53,-0.2638577422484408,0.6525915078091151,-0.2638577422484408,0.6525915078091151,-0.9164492500575558
2025-09-19 00:00:00,117073.53,117459.99,116871.61,116977.58,1.5349729264750032,-1.25162656290532,1.5349729264750032,-1.25162656290532,2.786599489380323
2025-09-19 04:00:00,116977.58,117100.0,116633.86,116909.97,-0.19508588647998598,0.29872290713722904,-0.19508588647998598,0.29872290713722904,-0.493808793617215
2025-09-19 08:00:00,116909.98,117090.36,116300.0,116394.72,0.049938513571494175,-0.19494091361133808,0.049938513571494175,-0.19494091361133808,0.24487942718283226
2025-09-19 12:00:00,116394.72,116529.08,115464.19,115884.03,-0.26575910289307847,-0.01593742987690006,-0.26575910289307847,-0.01593742987690006,-0.2498216730161784
2025-09-19 16:00:00,115884.03,116136.0,115112.58,115125.12,-0.9504402668436663,1.344913930159571,-0.9504402668436663,1.344913930159571,-2.2953541970032374
2025-09-19 20:00:00,115125.13,115657.28,115100.0,115632.38,0.19368855325031586,0.26497014960610166,0.19368855325031586,0.26497014960610166,-0.07128159635578579
2025-09-20 00:00:00,115632.39,115730.41,115408.47,115445.0,-0.21937307811026308,0.5584967736343486,-0.21937307811026308,0.5584967736343486,-0.7778698517446117
2025-09-20 04:00:00,115445.0,115985.2,115409.08,115968.56,0.5303968027500352,-0.5816955091587214,0.5303968027500352,-0.5816955091587214,1.1120923119087567
2025-09-20 08:00:00,115968.56,115968.57,115664.11,115894.06,2.4250967059885338,-2.0327326737465143,2.4250967059885338,-2.0327326737465143,4.457829379735048
2025-09-20 12:00:00,115894.05,116121.81,115804.47,115986.69,1.3091654230015353,-1.1928396604379639,1.3091654230015353,-1.1928396604379639,2.5020050834394993
2025-09-20 16:00:00,115986.7,116079.46,115698.08,115702.0,2.5336058034051585,-1.944951710680921,2.5336058034051585,-1.944951710680921,4.47855751408608
2025-09-20 20:00:00,115702.0,115944.7,115603.42,115685.63,2.470274948223463,-2.1141743726836557,2.470274948223463,-2.1141743726836557,4.584449320907119
2025-09-21 00:00:00,115685.63,115732.94,115441.83,115669.41,-0.48174888882425543,0.45242881806951274,-0.48174888882425543,0.45242881806951274,-0.9341777068937682
2025-09-21 04:00:00,115669.42,115815.98,115487.56,115815.97,-0.3827824693598126,-0.237199841910007,-0.3827824693598126,-0.237199841910007,-0.14558262744980557
2025-09-21 08:00:00,115815.98,115819.06,115329.03,115603.45,0.391262644887735,-0.12422327811938656,0.391262644887735,-0.12422327811938656,0.5154859230071216
2025-09-21 12:00:00,115603.45,115747.23,115473.19,115531.61,0.5803344257180902,-0.8144127845231337,0.5803344257180902,-0.8144127845231337,1.394747210241224
2025-09-21 16:00:00,115531.62,115665.52,115209.02,115480.05,-0.26512531601152056,0.40249649096656603,-0.26512531601152056,0.40249649096656603,-0.6676218069780866
2025-09-21 20:00:00,115480.05,115545.43,115188.0,115232.29,-0.17363279845205148,-0.04237369087371204,-0.17363279845205148,-0.04237369087371204,-0.13125910757833945
2025-09-22 00:00:00,115232.29,115379.25,114150.0,114649.89,-1.5832824471815794,1.510941467078794,-1.5832824471815794,1.510941467078794,-3.0942239142603736
2025-09-22 04:00:00,114649.89,114649.9,111800.0,112519.99,-1.8228658466462824,1.9490390034628005,-1.8228658466462824,1.9490390034628005,-3.771904850109083
2025-09-22 08:00:00,112520.0,112976.02,112173.52,112876.97,-1.0300462908135284,1.1385394413879282,-1.0300462908135284,1.1385394413879282,-2.1685857322014566
2025-09-22 12:00:00,112876.97,113432.76,112380.0,112815.5,-1.6784102706276274,1.7437352215010602,-1.6784102706276274,1.7437352215010602,-3.4221454921286876
2025-09-22 16:00:00,112815.5,112888.0,111936.4,112122.9,-0.83177862107934,1.1421084640875954,-0.83177862107934,1.1421084640875954,-1.9738870851669352
2025-09-22 20:00:00,112122.9,112977.41,111975.28,112650.99,1.4999711490737957,-0.865798213725233,1.4999711490737957,-0.865798213725233,2.365769362799029
2025-09-23 00:00:00,112650.99,112833.09,111478.0,112339.99,-0.2365570733701149,0.2315318059794676,-0.2365570733701149,0.2315318059794676,-0.4680888793495825
2025-09-23 04:00:00,112339.99,113114.01,111876.15,113090.13,-0.19891252425529896,0.34003009604931533,-0.19891252425529896,0.34003009604931533,-0.5389426203046143
2025-09-23 08:00:00,113090.13,113281.5,112683.33,112975.99,0.6209087443796159,-1.0738212510771947,0.6209087443796159,-1.0738212510771947,1.6947299954568105
2025-09-23 12:00:00,112975.99,113290.5,112496.61,112882.19,1.035788028683457,-1.5045173141959403,1.035788028683457,-1.5045173141959403,2.5403053428793974
2025-09-23 16:00:00,112882.2,112958.58,111540.2,111655.29,0.22589210177830038,0.009555589406431886,0.22589210177830038,0.009555589406431886,0.2163365123718685
2025-09-23 20:00:00,111655.29,112220.54,111458.73,111998.8,1.1138873140293037,-0.8497461092498304,1.1138873140293037,-0.8497461092498304,1.9636334232791341
2025-09-24 00:00:00,111998.8,112500.0,111683.09,111683.09,-0.27819567566288617,0.26924447917260697,-0.27819567566288617,0.26924447917260697,-0.5474401548354931
2025-09-24 04:00:00,111683.1,112779.37,111042.66,112583.54,-0.8077066778239068,-0.2011782056626637,-0.8077066778239068,-0.2011782056626637,-0.6065284721612432
2025-09-24 08:00:00,112583.54,113162.17,112405.62,113029.46,0.5583790914821206,0.056071851925408873,0.5583790914821206,0.056071851925408873,0.5023072395567117
2025-09-24 12:00:00,113029.45,113890.0,112808.0,113346.41,-0.2878938107747183,0.051304657319427446,-0.2878938107747183,0.051304657319427446,-0.3391984680941458
2025-09-24 16:00:00,113346.4,113940.0,113163.21,113420.01,0.683653645651937,-1.057208300177559,0.683653645651937,-1.057208300177559,1.7408619458294958
2025-09-24 20:00:00,113420.0,113647.58,113204.71,113307.0,0.683653645651937,-1.057208300177559,0.683653645651937,-1.057208300177559,1.7408619458294958
2025-09-25 00:00:00,113307.01,113510.23,112214.74,112546.21,1.0101136808596236,-0.6549964372713861,1.0101136808596236,-0.6549964372713861,1.6651101181310097
2025-09-25 04:00:00,112546.22,112614.43,111450.42,111766.72,0.44885354340639794,-0.46350137408811326,0.44885354340639794,-0.46350137408811326,0.9123549174945111
2025-09-25 08:00:00,111766.73,112246.46,111283.63,111348.0,-0.5355370660537152,0.6273619163917153,-0.5355370660537152,0.6273619163917153,-1.1628989824454306
2025-09-25 12:00:00,111347.99,111729.52,110629.99,111580.77,-0.15396148863825973,-0.040062323792022306,-0.15396148863825973,-0.040062323792022306,-0.11389916484623742
2025-09-25 16:00:00,111580.77,111672.58,108631.51,109360.0,-1.4122436968674779,1.1536992901884144,-1.4122436968674779,1.1536992901884144,-2.5659429870558923
2025-09-25 20:00:00,109360.0,109685.72,108765.0,108994.49,-1.3774452095980683,1.6456635763180958,-1.3774452095980683,1.6456635763180958,-3.023108785916164
2025-09-26 00:00:00,108994.49,109798.84,108809.24,109580.01,0.631336332317373,-0.45228444560345216,0.631336332317373,-0.45228444560345216,1.0836207779208251
2025-09-26 04:00:00,109580.0,109625.94,108913.0,109320.02,-0.8140684631253973,0.5708438926405719,-0.8140684631253973,0.5708438926405719,-1.384912355765969
2025-09-26 08:00:00,109320.02,109690.98,108620.07,109133.5,-1.5225943637134924,1.5183344426709586,-1.5225943637134924,1.5183344426709586,-3.040928806384451
2025-09-26 12:00:00,109133.5,109779.73,108764.76,109027.78,-1.741310629059581,1.9437704461442442,-1.741310629059581,1.9437704461442442,-3.685081075203825
2025-09-26 16:00:00,109027.79,110300.0,109027.78,109172.2,-1.8228658466462824,1.9490390034628005,-1.8228658466462824,1.9490390034628005,-3.771904850109083
2025-09-26 20:00:00,109172.21,109687.69,109087.57,109643.46,0.1608751343268652,0.362158036787246,0.1608751343268652,0.362158036787246,-0.2012829024603808
2025-09-27 00:00:00,109643.46,109743.91,109324.42,109553.77,0.552962007381417,-0.43081932336688583,0.552962007381417,-0.43081932336688583,0.9837813307483028
2025-09-27 04:00:00,109553.77,109742.27,109332.02,109411.2,0.1760381865116206,-0.33723444957778465,0.1760381865116206,-0.33723444957778465,0.5132726360894052
2025-09-27 08:00:00,109411.19,109477.69,109064.4,109310.21,0.24715385791748276,0.1437593405869696,0.24715385791748276,0.1437593405869696,0.10339451733051316
2025-09-27 12:00:00,109310.22,109477.59,109193.0,109402.24,-0.22538807436335087,0.48088752526280176,-0.22538807436335087,0.48088752526280176,-0.7062755996261526
2025-09-27 16:00:00,109402.25,109440.0,109243.89,109424.2,1.0506879995211311,-0.9074877979265703,1.0506879995211311,-0.9074877979265703,1.9581757974477014
2025-09-27 20:00:00,109424.21,109699.98,109362.72,109635.85,1.1907190256120528,-1.6146131668075427,1.1907190256120528,-1.6146131668075427,2.8053321924195957
2025-09-28 00:00:00,109635.85,109787.75,109325.05,109436.0,0.39103543826980913,-1.15567083832287,0.39103543826980913,-1.15567083832287,1.5467062765926791
2025-09-28 04:00:00,109436.0,109537.8,109260.0,109513.06,0.9775274685540807,-1.5724392152398239,0.9775274685540807,-1.5724392152398239,2.5499666837939046
2025-09-28 08:00:00,109513.06,109585.39,109250.0,109369.02,-0.7513355200961039,0.8811959093958197,-0.7513355200961039,0.8811959093958197,-1.6325314294919235
2025-09-28 12:00:00,109369.02,110037.93,109189.99,110037.93,-0.7513355200961039,0.8811959093958197,-0.7513355200961039,0.8811959093958197,-1.6325314294919235
2025-09-28 16:00:00,110037.92,110393.63,110008.54,110337.6,0.2543048872601276,-0.2396811624535833,0.2543048872601276,-0.2396811624535833,0.49398604971371096
2025-09-28 20:00:00,110337.61,112350.0,110294.78,112163.95,-0.5773550419922107,-0.10564736473493459,-0.5773550419922107,-0.10564736473493459,-0.4717076772572761
2025-09-29 00:00:00,112163.96,112310.0,111588.07,111857.51,-0.47366511652385157,0.45596385007680224,-0.47366511652385157,0.45596385007680224,-0.9296289666006539
2025-09-29 04:00:00,111857.51,111904.34,111560.65,111865.95,-0.465557427737392,1.2598522224841988,-0.465557427737392,1.2598522224841988,-1.7254096502215908
2025-09-29 08:00:00,111865.96,112421.99,111865.95,112100.0,-0.6826712885150621,0.9542928933542186,-0.6826712885150621,0.9542928933542186,-1.6369641818692808
2025-09-29 12:00:00,112100.0,114231.56,111901.26,113815.57,0.20531196549287745,-0.509397306471203,0.20531196549287745,-0.509397306471203,0.7147092719640804
2025-09-29 16:00:00,113815.57,114390.93,113449.74,114265.55,-0.09400285799604358,0.004448487876666084,-0.09400285799604358,0.004448487876666084,-0.09845134587270966
2025-09-29 20:00:00,114265.56,114400.0,114020.0,114311.96,0.5390545707166955,-0.751326059469991,0.5390545707166955,-0.751326059469991,1.2903806301866865
2025-09-30 00:00:00,114311.97,114792.0,114040.35,114376.39,2.4440983541916483,-2.0892421998245627,2.4440983541916483,-2.0892421998245627,4.5333405540162115
2025-09-30 04:00:00,114376.39,114376.4,113585.0,113699.23,1.7446009271047076,-1.1395592501358076,1.7446009271047076,-1.1395592501358076,2.884160177240515
2025-09-30 08:00:00,113699.24,113741.37,112656.27,113055.01,-0.754540329232959,1.5169068335910962,-0.754540329232959,1.5169068335910962,-2.2714471628240553
2025-09-30 12:00:00,113055.0,113677.23,112866.11,113106.16,-1.517571901633393,1.8544938926140324,-1.517571901633393,1.8544938926140324,-3.3720657942474253
2025-09-30 16:00:00,113106.15,114563.46,112800.0,114359.99,0.2524154848585178,-0.34641193651978514,0.2524154848585178,-0.34641193651978514,0.5988274213783029
2025-09-30 20:00:00,114359.99,114754.87,113765.42,114048.93,0.909867729389055,-0.2924857030624504,0.909867729389055,-0.2924857030624504,1.2023534324515055
2025-10-01 00:00:00,114048.94,114551.76,113966.67,114176.92,-0.19742970211737532,0.538909637151659,-0.19742970211737532,0.538909637151659,-0.7363393392690343
2025-10-01 04:00:00,114176.93,114740.0,114151.0,114539.02,0.6041672041125338,-0.590949475158571,0.6041672041125338,-0.590949475158571,1.1951166792711048
2025-10-01 08:00:00,114539.02,116795.85,114484.43,116789.58,-0.5642727240977993,-0.12229430632694785,-0.5642727240977993,-0.12229430632694785,-0.44197841777085145
2025-10-01 12:00:00,116789.57,117649.99,116363.38,117423.73,0.24899542734685495,-0.9561624694115405,0.24899542734685495,-0.9561624694115405,1.2051578967583954
2025-10-01 16:00:00,117423.73,118199.0,116724.56,117439.53,0.8460465862424243,-0.5491579188800999,0.8460465862424243,-0.5491579188800999,1.3952045051225244
2025-10-01 20:00:00,117439.53,118649.1,117163.25,118594.99,0.15154770474952747,-0.556618875857019,0.15154770474952747,-0.556618875857019,0.7081665806065465
2025-10-02 00:00:00,118594.99,119456.92,118368.05,118733.99,-0.8819673671513585,0.527998624898391,-0.8819673671513585,0.527998624898391,-1.4099659920497496
2025-10-02 04:00:00,118733.99,118930.29,118279.31,118489.76,0.33758209184570614,-0.64454429936522,0.33758209184570614,-0.64454429936522,0.9821263912109262
2025-10-02 08:00:00,118489.76,118926.49,118354.61,118765.73,0.24925850869388236,-0.22541356932801107,0.24925850869388236,-0.22541356932801107,0.47467207802189343
2025-10-02 12:00:00,118765.72,119910.79,118516.39,119910.78,-0.43832850831730535,-0.04793966675057314,-0.43832850831730535,-0.04793966675057314,-0.3903888415667322
2025-10-02 16:00:00,119910.78,121022.07,119359.63,120836.49,0.06787587814334468,-0.1434195216397314,0.06787587814334468,-0.1434195216397314,0.2112953997830761
2025-10-02 20:00:00,120836.49,120914.0,120072.46,120529.35,0.14366722258093964,0.2536767420635851,0.14366722258093964,0.2536767420635851,-0.11000951948264545
2025-10-03 00:00:00,120529.35,120550.9,119820.0,120225.89,0.4420134283830181,-0.4613259697759381,0.4420134283830181,-0.4613259697759381,0.9033393981589561
2025-10-03 04:00:00,120225.88,120324.53,119610.59,119640.21,0.314849471811628,0.03305165551256664,0.314849471811628,0.03305165551256664,0.2817978162990613
2025-10-03 08:00:00,119640.22,120515.89,119248.3,120334.5,-0.8688850492569651,1.3396453728410147,-0.8688850492569651,1.3396453728410147,-2.20853042209798
2025-10-03 12:00:00,120334.51,122366.0,119881.24,122258.05,-0.7959636831508503,-0.0669744544821252,-0.7959636831508503,-0.0669744544821252,-0.7289892286687251
2025-10-03 16:00:00,122258.04,123894.99,121466.25,122660.99,-0.3754640246145074,0.413271540450317,-0.3754640246145074,0.413271540450317,-0.7887355650648245
2025-10-03 20:00:00,122661.0,122734.92,121999.33,122232.0,1.058867437765902,-1.0558911608479187,1.058867437765902,-1.0558911608479187,2.114758598613821
2025-10-04 00:00:00,122232.21,122325.6,121684.97,122243.99,0.24382946635016892,-0.3348890918037213,0.24382946635016892,-0.3348890918037213,0.5787185581538902
2025-10-04 04:00:00,122243.99,122800.0,122219.3,122324.08,-0.6068799440774671,0.6758921274340779,-0.6068799440774671,0.6758921274340779,-1.2827720715115452
2025-10-04 08:00:00,122324.08,122539.83,121962.81,121973.26,2.7867139757570243,-2.3916403945634066,2.7867139757570243,-2.3916403945634066,5.178354370320431
2025-10-04 12:00:00,121973.26,122509.52,121698.88,121791.31,2.901967522252698,-2.535616469802558,2.901967522252698,-2.535616469802558,5.437583992055256
2025-10-04 16:00:00,121791.31,121964.95,121510.0,121959.25,2.5736898341017307,-2.155710998769297,2.5736898341017307,-2.155710998769297,4.729400832871027
2025-10-04 20:00:00,121959.25,122410.0,121871.01,122391.0,2.1307445533644467,-1.7175624763467217,2.1307445533644467,-1.7175624763467217,3.8483070297111683
2025-10-05 00:00:00,122390.99,124362.28,122136.0,123776.22,-0.36754766771678193,-0.25473903917693663,-0.36754766771678193,-0.25473903917693663,-0.1128086285398453
2025-10-05 04:00:00,123776.23,125708.42,123734.0,124713.63,-0.6632511018052699,-0.40648198762440396,-0.6632511018052699,-0.40648198762440396,-0.25676911418086595
2025-10-05 08:00:00,124713.63,124838.37,122520.24,123464.64,-0.4504063337956825,0.22132610059303942,-0.4504063337956825,0.22132610059303942,-0.6717324343887219
2025-10-05 12:00:00,123464.64,123464.65,122675.0,122803.17,-0.7432158730665805,1.0971217827256161,-0.7432158730665805,1.0971217827256161,-1.8403376557921967
2025-10-05 16:00:00,122803.17,123464.0,122301.63,122591.79,-0.894738770726523,1.2579997297496084,-0.894738770726523,1.2579997297496084,-2.1527385004761315
2025-10-05 20:00:00,122591.8,123548.83,122473.62,123482.31,-0.39432217390107105,0.42450546428117214,-0.39432217390107105,0.42450546428117214,-0.8188276381822432
2025-10-06 00:00:00,123482.32,124358.46,123084.0,123839.09,-0.37096772522849886,0.3303512463947465,-0.37096772522849886,0.3303512463947465,-0.7013189716232453
2025-10-06 04:00:00,123839.09,124165.56,123280.49,123390.47,-1.508364054486478,1.9424448091415165,-1.508364054486478,1.9424448091415165,-3.4508088636279943
2025-10-06 08:00:00,123390.47,124531.66,123390.46,124215.0,0.16314720050596124,-0.1572027473989189,0.16314720050596124,-0.1572027473989189,0.32034994790488014
2025-10-06 12:00:00,124215.0,125408.29,124178.0,125000.0,0.07148726754383179,-0.2999636553855602,0.07148726754383179,-0.2999636553855602,0.37145092292939197
2025-10-06 16:00:00,125000.0,126199.63,124800.0,125410.81,-0.5255638913517376,-0.19792359686749075,-0.5255638913517376,-0.19792359686749075,-0.3276402944842469
2025-10-06 20:00:00,125410.8,125534.0,124511.15,124658.54,0.683653645651937,-0.5481636911280499,0.683653645651937,-0.5481636911280499,1.231817336779987
2025-10-07 00:00:00,124658.54,125082.27,124101.26,124329.74,1.6899039234035986,-1.361722415516923,1.6899039234035986,-1.361722415516923,3.0516263389205216
2025-10-07 04:00:00,124329.74,124654.47,123567.6,123667.99,0.6891544374539438,-0.6491755312016916,0.6891544374539438,-0.6491755312016916,1.3383299686556354
2025-10-07 08:00:00,123668.0,124509.6,123322.9,124453.38,-0.8343018103624175,0.7529575247275826,-0.8343018103624175,0.7529575247275826,-1.5872593350900002
2025-10-07 12:00:00,124453.37,125126.0,121172.89,121846.01,-0.4066032895112282,0.03282221833901219,-0.4066032895112282,0.03282221833901219,-0.43942550785024037
2025-10-07 16:00:00,121846.01,122084.14,120574.94,121637.17,-1.4122436968674779,1.1536992901884144,-1.4122436968674779,1.1536992901884144,-2.5659429870558923
2025-10-07 20:00:00,121637.18,122292.62,121258.08,121332.95,0.33453273986848364,0.2162105013901886,0.33453273986848364,0.2162105013901886,0.11832223847829504
2025-10-08 00:00:00,121332.96,122229.66,121200.0,121374.75,-0.23345988842067278,0.6198329780300394,-0.23345988842067278,0.6198329780300394,-0.8532928664507122
2025-10-08 04:00:00,121374.76,121910.24,121066.14,121597.06,-0.7848664336024337,0.8183131284969404,-0.7848664336024337,0.8183131284969404,-1.603179562099374
2025-10-08 08:00:00,121597.05,123200.0,121524.01,122884.14,0.45730802124126013,0.33995361699146387,0.45730802124126013,0.33995361699146387,0.11735440424979626
2025-10-08 12:00:00,122884.14,123350.0,121649.68,122189.72,0.017232718835474482,0.5074512513560296,0.017232718835474482,0.5074512513560296,-0.49021853252055514
2025-10-08 16:00:00,122189.72,124197.25,122110.08,123450.0,-0.4360564421382093,-0.05363310772384858,-0.4360564421382093,-0.05363310772384858,-0.3824233344143607
2025-10-08 20:00:00,123450.01,123737.0,122794.4,123306.0,0.9153446047050061,-0.9492028751471875,0.9153446047050061,-0.9492028751471875,1.8645474798521935
2025-10-09 00:00:00,123306.01,123348.32,121475.98,122038.01,0.3065026181641787,-0.675144420178308,0.3065026181641787,-0.675144420178308,0.9816470383424867
2025-10-09 04:00:00,122038.01,122264.0,121724.71,121906.1,1.156877197786476,-1.1808579413747984,1.156877197786476,-1.1808579413747984,2.3377351391612744
2025-10-09 08:00:00,121906.09,122833.02,121145.49,122737.57,-0.5065144101764218,0.0716990727460922,-0.5065144101764218,0.0716990727460922,-0.5782134829225141
2025-10-09 12:00:00,122737.56,123762.94,120673.99,121147.14,-0.6704738806061901,0.6819084799849421,-0.6704738806061901,0.6819084799849421,-1.352382360591132
2025-10-09 16:00:00,121147.15,121481.9,119651.47,120951.72,-1.5474914257392356,1.4469539886776404,-1.5474914257392356,1.4469539886776404,-2.9944454144168757
2025-10-09 20:00:00,120951.72,121900.0,120838.0,121662.4,-0.5627181525015823,0.6985214308845785,-0.5627181525015823,0.6985214308845785,-1.261239583386161
2025-10-10 00:00:00,121662.41,121874.13,120900.0,121026.01,0.830668285682807,-1.0124000699505626,0.830668285682807,-1.0124000699505626,1.8430683556333696
2025-10-10 04:00:00,121026.0,121754.34,120855.41,120932.05,-0.525838930941847,0.5044345774075042,-0.525838930941847,0.5044345774075042,-1.0302735083493513
2025-10-10 08:00:00,120932.05,121777.07,120916.44,121554.55,0.683653645651937,-1.057208300177559,0.683653645651937,-1.057208300177559,1.7408619458294958
2025-10-10 12:00:00,121554.55,122550.0,118500.0,119018.98,0.501984017268244,-0.40275150913594326,0.501984017268244,-0.40275150913594326,0.9047355264041873
2025-10-10 16:00:00,119018.99,119456.28,115952.47,116661.5,-1.100707548983557,0.8201656212315285,-1.100707548983557,0.8201656212315285,-1.9208731702150854
2025-10-10 20:00:00,116661.5,117214.64,102000.0,112774.5,-1.8019987125276862,1.9363774705520806,-1.8019987125276862,1.9363774705520806,-3.738376183079767
2025-10-11 00:00:00,112774.49,113322.39,111019.43,112300.01,-0.8362270874931469,0.6417229839213227,-0.8362270874931469,0.6417229839213227,-1.4779500714144695
2025-10-11 04:00:00,112300.0,112991.16,110090.29,110384.61,0.19604432713075107,0.17527721009425634,0.19604432713075107,0.17527721009425634,0.020767117036494726
2025-10-11 08:00:00,110384.6,112359.67,110162.23,112280.0,-0.1191630013688683,0.28857668546246473,-0.1191630013688683,0.28857668546246473,-0.40773968683133305
2025-10-11 12:00:00,112280.01,112500.0,111793.2,111793.2,1.35518074224982,-1.2326342635392393,1.35518074224982,-1.2326342635392393,2.5878150057890594
2025-10-11 16:00:00,111793.21,112185.53,110865.82,111178.31,0.30891818325987935,-0.27237171084790374,0.30891818325987935,-0.27237171084790374,0.5812898941077831
2025-10-11 20:00:00,111178.3,111368.29,109561.59,110644.4,0.5532131304854346,-0.14137158242397135,0.5532131304854346,-0.14137158242397135,0.694584712909406
2025-10-12 00:00:00,110644.4,111368.14,109565.06,110676.0,-0.3383456381938003,0.15605547355462607,-0.3383456381938003,0.15605547355462607,-0.4944011117484264
2025-10-12 04:00:00,110676.0,112125.51,110617.1,111525.2,0.032288146832798896,-0.5321540750181195,0.032288146832798896,-0.5321540750181195,0.5644422218509184
2025-10-12 08:00:00,111525.19,112133.33,111139.87,111848.36,-0.9062665170247175,0.9912917620074212,-0.9062665170247175,0.9912917620074212,-1.8975582790321388
2025-10-12 12:00:00,111848.35,113745.84,111177.75,113198.2,-1.9605530570997787,1.7404806127058872,-1.9605530570997787,1.7404806127058872,-3.701033669805666
2025-10-12 16:00:00,113198.2,114700.0,113198.2,114342.28,-0.8140684631253973,0.5708438926405719,-0.8140684631253973,0.5708438926405719,-1.384912355765969
2025-10-12 20:00:00,114342.28,115770.0,114217.75,114958.8,0.2883141304883647,-0.5083265996613038,0.2883141304883647,-0.5083265996613038,0.7966407301496685
2025-10-13 00:00:00,114958.81,115963.81,114619.45,114821.12,-0.4516141163435329,0.7900498677848267,-0.4516141163435329,0.7900498677848267,-1.2416639841283597
2025-10-13 04:00:00,114821.13,115554.83,114398.24,115399.67,0.9153446047050061,-1.1125281520223824,0.9153446047050061,-1.1125281520223824,2.0278727567273886
2025-10-13 08:00:00,115399.66,115438.17,113616.5,114180.0,0.18030727927970328,-0.12780929616524048,0.18030727927970328,-0.12780929616524048,0.30811657544494375
2025-10-13 12:00:00,114180.0,115530.0,113800.01,114312.1,-0.06854375854708986,0.4071617134954129,-0.06854375854708986,0.4071617134954129,-0.4757054720425028
2025-10-13 16:00:00,114312.09,115891.3,114215.79,115792.84,0.07604335814506971,-0.3058865335323869,0.07604335814506971,-0.3058865335323869,0.3819298916774566
2025-10-13 20:00:00,115792.84,115868.0,115005.44,115166.0,0.683653645651937,-1.057208300177559,0.683653645651937,-1.057208300177559,1.7408619458294958
2025-10-14 00:00:00,115166.0,115409.96,113279.76,113500.0,2.5157282300485733,-1.6479580360301391,2.5157282300485733,-1.6479580360301391,4.163686266078712
2025-10-14 04:00:00,113500.0,113691.0,111355.01,111724.41,0.9331025956311143,-0.13801500155166707,0.9331025956311143,-0.13801500155166707,1.0711175971827813
2025-10-14 08:00:00,111724.41,112140.0,110012.24,111313.98,-0.06263638648145103,0.10112651467214585,-0.06263638648145103,0.10112651467214585,-0.16376290115359687
2025-10-14 12:00:00,111313.98,112943.82,109866.0,112900.43,-0.6700194673703744,0.007380185094248697,-0.6700194673703744,0.007380185094248697,-0.6773996524646231
2025-10-14 16:00:00,112900.44,113544.53,111692.31,112613.7,-0.026378993560191667,-0.45407745462637955,-0.026378993560191667,-0.45407745462637955,0.42769846106618786
2025-10-14 20:00:00,112613.69,113577.0,112230.46,113028.14,0.9153446047050061,-1.1125281520223824,0.9153446047050061,-1.1125281520223824,2.0278727567273886
2025-10-15 00:00:00,113028.13,113612.35,111825.93,112024.29,0.6976687065040714,-0.5100006412609058,0.6976687065040714,-0.5100006412609058,1.2076693477649774
2025-10-15 04:00:00,112024.3,112680.0,111746.76,112584.5,-0.23123565521377834,0.4837002550570622,-0.23123565521377834,0.4837002550570622,-0.7149359102708406
2025-10-15 08:00:00,112584.49,113520.88,111693.26,111905.73,0.2319190562744521,-0.00202673902129501,0.2319190562744521,-0.00202673902129501,0.23394579529574713
2025-10-15 12:00:00,111905.72,112238.41,110400.0,110798.01,-1.27139951024931,1.104939641972503,-1.27139951024931,1.104939641972503,-2.376339152221813
2025-10-15 16:00:00,110798.01,111557.7,110164.0,111271.73,0.16015763974400418,0.20208736870722233,0.16015763974400418,0.20208736870722233,-0.041929728963218144
2025-10-15 20:00:00,111271.73,111556.27,110500.0,110763.28,0.13048923874214308,0.20722846092936256,0.13048923874214308,0.20722846092936256,-0.07673922218721949
2025-10-16 00:00:00,110763.28,111867.17,110361.0,111329.48,0.5303968027500352,-0.5816955091587214,0.5303968027500352,-0.5816955091587214,1.1120923119087567
2025-10-16 04:00:00,111329.48,111773.7,110553.19,110584.2,-0.9694658315328903,0.933550073330683,-0.9694658315328903,0.933550073330683,-1.9030159048635733
2025-10-16 08:00:00,110584.21,111728.7,109635.15,111404.72,-0.3555176752106063,0.000785990772965473,-0.3555176752106063,0.000785990772965473,-0.35630366598357177
2025-10-16 12:00:00,111404.73,111982.45,108361.69,108549.21,-0.5036563900879875,0.718125562713459,-0.5036563900879875,0.718125562713459,-1.2217819528014464
2025-10-16 16:00:00,108549.21,109254.0,107577.57,108197.66,-0.0016254304510170466,-0.12191191103770083,-0.0016254304510170466,-0.12191191103770083,0.12028648058668379
2025-10-16 20:00:00,108197.67,108500.0,107427.0,108194.28,1.1032564359597126,-0.8363537764529878,1.1032564359597126,-0.8363537764529878,1.9396102124127004
2025-10-17 00:00:00,108194.27,109240.0,107934.4,109176.74,1.103411893119345,-0.9449540385999684,1.103411893119345,-0.9449540385999684,2.0483659317193137
2025-10-17 04:00:00,109176.74,109236.01,105542.09,105633.75,-0.9504402668436663,1.344913930159571,-0.9504402668436663,1.344913930159571,-2.2953541970032374
2025-10-17 08:00:00,105633.75,106651.22,103528.23,105683.72,-1.5474914257392356,1.4469539886776404,-1.5474914257392356,1.4469539886776404,-2.9944454144168757
2025-10-17 12:00:00,105683.71,106852.14,104533.21,106803.53,-0.4300534041281674,0.3019520229131158,-0.4300534041281674,0.3019520229131158,-0.7320054270412832
2025-10-17 16:00:00,106803.52,107575.6,106071.42,106454.72,0.01608472750288961,0.15864726384843392,0.01608472750288961,0.15864726384843392,-0.1425625363455443
2025-10-17 20:00:00,106457.24,107440.02,106342.47,106431.68,0.19453758850671765,0.008221454730602222,0.19453758850671765,0.008221454730602222,0.18631613377611542
2025-10-18 00:00:00,106431.68,107306.06,106322.2,107070.4,0.391262644887735,-0.6332678871688949,0.391262644887735,-0.6332678871688949,1.0245305320566298
2025-10-18 04:00:00,107070.41,107499.0,106439.38,106665.0,0.4150715067961047,-1.0634285968826922,0.4150715067961047,-1.0634285968826922,1.478500103678797
2025-10-18 08:00:00,106665.01,107222.0,106605.93,107208.6,0.43013889303643893,0.4124982521987244,0.43013889303643893,0.4124982521987244,0.01764064083771455
2025-10-18 12:00:00,107208.61,107300.0,106739.33,106948.75,1.110335715844064,-0.5443822266010231,1.110335715844064,-0.5443822266010231,1.654717942445087
2025-10-18 16:00:00,106948.75,107091.87,106484.0,107080.14,1.3284660272807964,-0.5967363905358879,1.3284660272807964,-0.5967363905358879,1.9252024178166844
2025-10-18 20:00:00,107080.14,107339.03,106851.84,107185.01,2.93811729098649,-2.3913089853127256,2.93811729098649,-2.3913089853127256,5.329426276299216
2025-10-19 00:00:00,107185.0,107367.16,106734.17,107275.78,-0.15907961666276224,0.10756775087773572,-0.15907961666276224,0.10756775087773572,-0.26664736754049795
2025-10-19 04:00:00,107275.79,107290.0,106558.61,106786.0,0.9215150581177264,-0.8556349967042794,0.9215150581177264,-0.8556349967042794,1.7771500548220058
2025-10-19 08:00:00,106786.0,108260.5,106103.36,107783.47,-1.354210343356027,0.9055162497921132,-1.354210343356027,0.9055162497921132,-2.25972659314814
2025-10-19 12:00:00,107783.47,108621.68,107355.02,108486.7,0.6646759139349145,-0.3109511466966756,0.6646759139349145,-0.3109511466966756,0.9756270606315902
2025-10-19 16:00:00,108486.71,109450.07,108240.0,108908.43,0.001423921526187444,-0.45800337959600984,0.001423921526187444,-0.45800337959600984,0.45942730112219726
2025-10-19 20:00:00,108908.43,109370.99,108471.1,108642.78,-0.26151392661105144,0.24595235722073722,-0.26151392661105144,0.24595235722073722,-0.5074662838317887
2025-10-20 00:00:00,108642.77,110427.86,107402.52,110145.44,-0.09400285799604358,-0.5045961211728431,-0.09400285799604358,-0.5045961211728431,0.41059326317679956
2025-10-20 04:00:00,110145.45,111445.67,109951.96,111169.92,-0.5255638913517376,-0.19792359686749075,-0.5255638913517376,-0.19792359686749075,-0.3276402944842469
2025-10-20 08:00:00,111169.91,111679.25,110608.27,111016.75,0.683653645651937,-1.057208300177559,0.683653645651937,-1.057208300177559,1.7408619458294958
2025-10-20 12:00:00,111016.75,111705.56,110588.23,111144.55,-0.3555176752106063,0.000785990772965473,-0.3555176752106063,0.000785990772965473,-0.35630366598357177
2025-10-20 16:00:00,111144.55,111303.05,109855.83,110803.22,0.9602836820790175,-0.7447403628217991,0.9602836820790175,-0.7447403628217991,1.7050240449008167
2025-10-20 20:00:00,110803.22,111272.0,110418.25,110532.09,1.424861424489942,-1.1728956216853055,1.424861424489942,-1.1728956216853055,2.5977570461752473
2025-10-21 00:00:00,110532.09,110532.09,109052.09,109059.22,0.6106126971153454,-0.7399901635620038,0.6106126971153454,-0.7399901635620038,1.3506028606773492
2025-10-21 04:00:00,109059.23,109059.23,107473.72,108086.37,0.7224103113701641,-0.39191697594052677,0.7224103113701641,-0.39191697594052677,1.1143272873106909
2025-10-21 08:00:00,108086.38,108811.47,107484.22,108580.01,1.044397963677952,-0.7458110696316991,1.044397963677952,-0.7458110696316991,1.790209033309651
2025-10-21 12:00:00,108580.0,113557.62,107922.06,113422.61,-0.3602292229714587,-0.1133122658661218,-0.3602292229714587,-0.1133122658661218,-0.2469169571053369
2025-10-21 16:00:00,113422.6,114000.0,111324.29,111780.39,-0.8070250579701834,0.7199440647556685,-0.8070250579701834,0.7199440647556685,-1.526969122725852
2025-10-21 20:00:00,111780.4,111801.41,108045.81,108297.67,-1.4754430113756145,1.0959576015116754,-1.4754430113756145,1.0959576015116754,-2.57140061288729
2025-10-22 00:00:00,108297.66,108678.21,107841.2,108216.02,-1.2226577115860775,1.5896809059719064,-1.2226577115860775,1.5896809059719064,-2.812338617557984
2025-10-22 04:00:00,108216.03,108638.99,107610.0,108321.63,-1.7905068409586653,1.9391902003463435,-1.7905068409586653,1.9391902003463435,-3.729697041305009
2025-10-22 08:00:00,108321.64,108358.76,106708.18,107555.05,-1.6060629001878413,1.6505157476550207,-1.6060629001878413,1.6505157476550207,-3.256578647842862
2025-10-22 12:00:00,107555.04,109163.88,107443.01,108416.5,-0.6252717218851512,0.7478844138901992,-0.6252717218851512,0.7478844138901992,-1.3731561357753503
2025-10-22 16:00:00,108416.5,108796.42,107463.29,107870.35,-0.2833735949026361,0.6683801844185897,-0.2833735949026361,0.6683801844185897,-0.9517537793212258
2025-10-22 20:00:00,107870.35,108069.93,106666.69,107567.44,-1.652819630505115,2.1477485911032566,-1.652819630505115,2.1477485911032566,-3.800568221608372
2025-10-23 00:00:00,107567.45,108720.39,107500.0,108377.96,-0.3631231177890487,0.09858571041690888,-0.3631231177890487,0.09858571041690888,-0.4617088282059576
2025-10-23 04:00:00,108377.96,110298.29,108350.36,109269.9,0.23767097118047645,-0.5192461095876607,0.23767097118047645,-0.5192461095876607,0.7569170807681371
2025-10-23 08:00:00,109269.9,109903.83,109100.4,109253.89,0.5459664351984047,-1.2657666909344722,0.5459664351984047,-1.2657666909344722,1.8117331261328768
2025-10-23 12:00:00,109253.88,109253.89,108685.72,109102.01,0.5459664351984047,-0.756722081884963,0.5459664351984047,-0.756722081884963,1.3026885170833677
